case,kind,history,policy,eligible,collateral,recovered,changed,status
0,set,,snapshot,True,False,True,True,compensated
0,set,,mapped,True,False,True,True,compensated
0,set,,value,True,False,True,True,compensated
0,set,,object,True,False,True,True,compensated
0,set,,field,True,False,True,True,compensated
0,set,,undoscope,True,False,True,True,compensated
0,set,,deny,True,False,False,False,denied
1,set,0,snapshot,False,True,False,True,compensated
1,set,0,mapped,False,True,False,True,compensated
1,set,0,value,False,True,False,True,compensated
1,set,0,object,False,False,False,False,conflict
1,set,0,field,False,False,False,False,conflict
1,set,0,undoscope,False,False,False,False,conflict
1,set,0,deny,False,False,False,False,denied
2,set,1,snapshot,False,True,False,True,compensated
2,set,1,mapped,False,True,False,True,compensated
2,set,1,value,False,False,False,False,conflict
2,set,1,object,False,False,False,False,conflict
2,set,1,field,False,False,False,False,conflict
2,set,1,undoscope,False,False,False,False,conflict
2,set,1,deny,False,False,False,False,denied
3,set,2,snapshot,False,True,False,True,compensated
3,set,2,mapped,False,True,False,True,compensated
3,set,2,value,False,False,False,False,conflict
3,set,2,object,False,False,False,False,conflict
3,set,2,field,False,False,False,False,conflict
3,set,2,undoscope,False,False,False,False,conflict
3,set,2,deny,False,False,False,False,denied
4,set,3,snapshot,True,True,False,True,compensated
4,set,3,mapped,True,False,True,True,compensated
4,set,3,value,True,False,True,True,compensated
4,set,3,object,True,False,False,False,conflict
4,set,3,field,True,False,True,True,compensated
4,set,3,undoscope,True,False,True,True,compensated
4,set,3,deny,True,False,False,False,denied
5,set,00,snapshot,False,True,False,True,compensated
5,set,00,mapped,False,True,False,True,compensated
5,set,00,value,False,True,False,True,compensated
5,set,00,object,False,False,False,False,conflict
5,set,00,field,False,False,False,False,conflict
5,set,00,undoscope,False,False,False,False,conflict
5,set,00,deny,False,False,False,False,denied
6,set,01,snapshot,False,True,False,True,compensated
6,set,01,mapped,False,True,False,True,compensated
6,set,01,value,False,False,False,False,conflict
6,set,01,object,False,False,False,False,conflict
6,set,01,field,False,False,False,False,conflict
6,set,01,undoscope,False,False,False,False,conflict
6,set,01,deny,False,False,False,False,denied
7,set,02,snapshot,False,True,False,True,compensated
7,set,02,mapped,False,True,False,True,compensated
7,set,02,value,False,False,False,False,conflict
7,set,02,object,False,False,False,False,conflict
7,set,02,field,False,False,False,False,conflict
7,set,02,undoscope,False,False,False,False,conflict
7,set,02,deny,False,False,False,False,denied
8,set,03,snapshot,False,True,False,True,compensated
8,set,03,mapped,False,True,False,True,compensated
8,set,03,value,False,True,False,True,compensated
8,set,03,object,False,False,False,False,conflict
8,set,03,field,False,False,False,False,conflict
8,set,03,undoscope,False,False,False,False,conflict
8,set,03,deny,False,False,False,False,denied
9,set,10,snapshot,False,True,False,True,compensated
9,set,10,mapped,False,True,False,True,compensated
9,set,10,value,False,True,False,True,compensated
9,set,10,object,False,False,False,False,conflict
9,set,10,field,False,False,False,False,conflict
9,set,10,undoscope,False,False,False,False,conflict
9,set,10,deny,False,False,False,False,denied
10,set,11,snapshot,False,True,False,True,compensated
10,set,11,mapped,False,True,False,True,compensated
10,set,11,value,False,False,False,False,conflict
10,set,11,object,False,False,False,False,conflict
10,set,11,field,False,False,False,False,conflict
10,set,11,undoscope,False,False,False,False,conflict
10,set,11,deny,False,False,False,False,denied
11,set,12,snapshot,False,True,False,True,compensated
11,set,12,mapped,False,True,False,True,compensated
11,set,12,value,False,False,False,False,conflict
11,set,12,object,False,False,False,False,conflict
11,set,12,field,False,False,False,False,conflict
11,set,12,undoscope,False,False,False,False,conflict
11,set,12,deny,False,False,False,False,denied
12,set,13,snapshot,False,True,False,True,compensated
12,set,13,mapped,False,True,False,True,compensated
12,set,13,value,False,False,False,False,conflict
12,set,13,object,False,False,False,False,conflict
12,set,13,field,False,False,False,False,conflict
12,set,13,undoscope,False,False,False,False,conflict
12,set,13,deny,False,False,False,False,denied
13,set,20,snapshot,False,True,False,True,compensated
13,set,20,mapped,False,True,False,True,compensated
13,set,20,value,False,True,False,True,compensated
13,set,20,object,False,False,False,False,conflict
13,set,20,field,False,False,False,False,conflict
13,set,20,undoscope,False,False,False,False,conflict
13,set,20,deny,False,False,False,False,denied
14,set,21,snapshot,False,True,False,True,compensated
14,set,21,mapped,False,True,False,True,compensated
14,set,21,value,False,False,False,False,conflict
14,set,21,object,False,False,False,False,conflict
14,set,21,field,False,False,False,False,conflict
14,set,21,undoscope,False,False,False,False,conflict
14,set,21,deny,False,False,False,False,denied
15,set,22,snapshot,False,True,False,True,compensated
15,set,22,mapped,False,True,False,True,compensated
15,set,22,value,False,False,False,False,conflict
15,set,22,object,False,False,False,False,conflict
15,set,22,field,False,False,False,False,conflict
15,set,22,undoscope,False,False,False,False,conflict
15,set,22,deny,False,False,False,False,denied
16,set,23,snapshot,False,True,False,True,compensated
16,set,23,mapped,False,True,False,True,compensated
16,set,23,value,False,False,False,False,conflict
16,set,23,object,False,False,False,False,conflict
16,set,23,field,False,False,False,False,conflict
16,set,23,undoscope,False,False,False,False,conflict
16,set,23,deny,False,False,False,False,denied
17,set,30,snapshot,False,True,False,True,compensated
17,set,30,mapped,False,True,False,True,compensated
17,set,30,value,False,True,False,True,compensated
17,set,30,object,False,False,False,False,conflict
17,set,30,field,False,False,False,False,conflict
17,set,30,undoscope,False,False,False,False,conflict
17,set,30,deny,False,False,False,False,denied
18,set,31,snapshot,False,True,False,True,compensated
18,set,31,mapped,False,True,False,True,compensated
18,set,31,value,False,False,False,False,conflict
18,set,31,object,False,False,False,False,conflict
18,set,31,field,False,False,False,False,conflict
18,set,31,undoscope,False,False,False,False,conflict
18,set,31,deny,False,False,False,False,denied
19,set,32,snapshot,False,True,False,True,compensated
19,set,32,mapped,False,True,False,True,compensated
19,set,32,value,False,False,False,False,conflict
19,set,32,object,False,False,False,False,conflict
19,set,32,field,False,False,False,False,conflict
19,set,32,undoscope,False,False,False,False,conflict
19,set,32,deny,False,False,False,False,denied
20,set,33,snapshot,True,True,False,True,compensated
20,set,33,mapped,True,False,True,True,compensated
20,set,33,value,True,False,True,True,compensated
20,set,33,object,True,False,False,False,conflict
20,set,33,field,True,False,True,True,compensated
20,set,33,undoscope,True,False,True,True,compensated
20,set,33,deny,True,False,False,False,denied
21,set,000,snapshot,False,True,False,True,compensated
21,set,000,mapped,False,True,False,True,compensated
21,set,000,value,False,True,False,True,compensated
21,set,000,object,False,False,False,False,conflict
21,set,000,field,False,False,False,False,conflict
21,set,000,undoscope,False,False,False,False,conflict
21,set,000,deny,False,False,False,False,denied
22,set,001,snapshot,False,True,False,True,compensated
22,set,001,mapped,False,True,False,True,compensated
22,set,001,value,False,False,False,False,conflict
22,set,001,object,False,False,False,False,conflict
22,set,001,field,False,False,False,False,conflict
22,set,001,undoscope,False,False,False,False,conflict
22,set,001,deny,False,False,False,False,denied
23,set,002,snapshot,False,True,False,True,compensated
23,set,002,mapped,False,True,False,True,compensated
23,set,002,value,False,False,False,False,conflict
23,set,002,object,False,False,False,False,conflict
23,set,002,field,False,False,False,False,conflict
23,set,002,undoscope,False,False,False,False,conflict
23,set,002,deny,False,False,False,False,denied
24,set,003,snapshot,False,True,False,True,compensated
24,set,003,mapped,False,True,False,True,compensated
24,set,003,value,False,True,False,True,compensated
24,set,003,object,False,False,False,False,conflict
24,set,003,field,False,False,False,False,conflict
24,set,003,undoscope,False,False,False,False,conflict
24,set,003,deny,False,False,False,False,denied
25,set,010,snapshot,False,True,False,True,compensated
25,set,010,mapped,False,True,False,True,compensated
25,set,010,value,False,True,False,True,compensated
25,set,010,object,False,False,False,False,conflict
25,set,010,field,False,False,False,False,conflict
25,set,010,undoscope,False,False,False,False,conflict
25,set,010,deny,False,False,False,False,denied
26,set,011,snapshot,False,True,False,True,compensated
26,set,011,mapped,False,True,False,True,compensated
26,set,011,value,False,False,False,False,conflict
26,set,011,object,False,False,False,False,conflict
26,set,011,field,False,False,False,False,conflict
26,set,011,undoscope,False,False,False,False,conflict
26,set,011,deny,False,False,False,False,denied
27,set,012,snapshot,False,True,False,True,compensated
27,set,012,mapped,False,True,False,True,compensated
27,set,012,value,False,False,False,False,conflict
27,set,012,object,False,False,False,False,conflict
27,set,012,field,False,False,False,False,conflict
27,set,012,undoscope,False,False,False,False,conflict
27,set,012,deny,False,False,False,False,denied
28,set,013,snapshot,False,True,False,True,compensated
28,set,013,mapped,False,True,False,True,compensated
28,set,013,value,False,False,False,False,conflict
28,set,013,object,False,False,False,False,conflict
28,set,013,field,False,False,False,False,conflict
28,set,013,undoscope,False,False,False,False,conflict
28,set,013,deny,False,False,False,False,denied
29,set,020,snapshot,False,True,False,True,compensated
29,set,020,mapped,False,True,False,True,compensated
29,set,020,value,False,True,False,True,compensated
29,set,020,object,False,False,False,False,conflict
29,set,020,field,False,False,False,False,conflict
29,set,020,undoscope,False,False,False,False,conflict
29,set,020,deny,False,False,False,False,denied
30,set,021,snapshot,False,True,False,True,compensated
30,set,021,mapped,False,True,False,True,compensated
30,set,021,value,False,False,False,False,conflict
30,set,021,object,False,False,False,False,conflict
30,set,021,field,False,False,False,False,conflict
30,set,021,undoscope,False,False,False,False,conflict
30,set,021,deny,False,False,False,False,denied
31,set,022,snapshot,False,True,False,True,compensated
31,set,022,mapped,False,True,False,True,compensated
31,set,022,value,False,False,False,False,conflict
31,set,022,object,False,False,False,False,conflict
31,set,022,field,False,False,False,False,conflict
31,set,022,undoscope,False,False,False,False,conflict
31,set,022,deny,False,False,False,False,denied
32,set,023,snapshot,False,True,False,True,compensated
32,set,023,mapped,False,True,False,True,compensated
32,set,023,value,False,False,False,False,conflict
32,set,023,object,False,False,False,False,conflict
32,set,023,field,False,False,False,False,conflict
32,set,023,undoscope,False,False,False,False,conflict
32,set,023,deny,False,False,False,False,denied
33,set,030,snapshot,False,True,False,True,compensated
33,set,030,mapped,False,True,False,True,compensated
33,set,030,value,False,True,False,True,compensated
33,set,030,object,False,False,False,False,conflict
33,set,030,field,False,False,False,False,conflict
33,set,030,undoscope,False,False,False,False,conflict
33,set,030,deny,False,False,False,False,denied
34,set,031,snapshot,False,True,False,True,compensated
34,set,031,mapped,False,True,False,True,compensated
34,set,031,value,False,False,False,False,conflict
34,set,031,object,False,False,False,False,conflict
34,set,031,field,False,False,False,False,conflict
34,set,031,undoscope,False,False,False,False,conflict
34,set,031,deny,False,False,False,False,denied
35,set,032,snapshot,False,True,False,True,compensated
35,set,032,mapped,False,True,False,True,compensated
35,set,032,value,False,False,False,False,conflict
35,set,032,object,False,False,False,False,conflict
35,set,032,field,False,False,False,False,conflict
35,set,032,undoscope,False,False,False,False,conflict
35,set,032,deny,False,False,False,False,denied
36,set,033,snapshot,False,True,False,True,compensated
36,set,033,mapped,False,True,False,True,compensated
36,set,033,value,False,True,False,True,compensated
36,set,033,object,False,False,False,False,conflict
36,set,033,field,False,False,False,False,conflict
36,set,033,undoscope,False,False,False,False,conflict
36,set,033,deny,False,False,False,False,denied
37,set,100,snapshot,False,True,False,True,compensated
37,set,100,mapped,False,True,False,True,compensated
37,set,100,value,False,True,False,True,compensated
37,set,100,object,False,False,False,False,conflict
37,set,100,field,False,False,False,False,conflict
37,set,100,undoscope,False,False,False,False,conflict
37,set,100,deny,False,False,False,False,denied
38,set,101,snapshot,False,True,False,True,compensated
38,set,101,mapped,False,True,False,True,compensated
38,set,101,value,False,False,False,False,conflict
38,set,101,object,False,False,False,False,conflict
38,set,101,field,False,False,False,False,conflict
38,set,101,undoscope,False,False,False,False,conflict
38,set,101,deny,False,False,False,False,denied
39,set,102,snapshot,False,True,False,True,compensated
39,set,102,mapped,False,True,False,True,compensated
39,set,102,value,False,False,False,False,conflict
39,set,102,object,False,False,False,False,conflict
39,set,102,field,False,False,False,False,conflict
39,set,102,undoscope,False,False,False,False,conflict
39,set,102,deny,False,False,False,False,denied
40,set,103,snapshot,False,True,False,True,compensated
40,set,103,mapped,False,True,False,True,compensated
40,set,103,value,False,True,False,True,compensated
40,set,103,object,False,False,False,False,conflict
40,set,103,field,False,False,False,False,conflict
40,set,103,undoscope,False,False,False,False,conflict
40,set,103,deny,False,False,False,False,denied
41,set,110,snapshot,False,True,False,True,compensated
41,set,110,mapped,False,True,False,True,compensated
41,set,110,value,False,True,False,True,compensated
41,set,110,object,False,False,False,False,conflict
41,set,110,field,False,False,False,False,conflict
41,set,110,undoscope,False,False,False,False,conflict
41,set,110,deny,False,False,False,False,denied
42,set,111,snapshot,False,True,False,True,compensated
42,set,111,mapped,False,True,False,True,compensated
42,set,111,value,False,False,False,False,conflict
42,set,111,object,False,False,False,False,conflict
42,set,111,field,False,False,False,False,conflict
42,set,111,undoscope,False,False,False,False,conflict
42,set,111,deny,False,False,False,False,denied
43,set,112,snapshot,False,True,False,True,compensated
43,set,112,mapped,False,True,False,True,compensated
43,set,112,value,False,False,False,False,conflict
43,set,112,object,False,False,False,False,conflict
43,set,112,field,False,False,False,False,conflict
43,set,112,undoscope,False,False,False,False,conflict
43,set,112,deny,False,False,False,False,denied
44,set,113,snapshot,False,True,False,True,compensated
44,set,113,mapped,False,True,False,True,compensated
44,set,113,value,False,False,False,False,conflict
44,set,113,object,False,False,False,False,conflict
44,set,113,field,False,False,False,False,conflict
44,set,113,undoscope,False,False,False,False,conflict
44,set,113,deny,False,False,False,False,denied
45,set,120,snapshot,False,True,False,True,compensated
45,set,120,mapped,False,True,False,True,compensated
45,set,120,value,False,True,False,True,compensated
45,set,120,object,False,False,False,False,conflict
45,set,120,field,False,False,False,False,conflict
45,set,120,undoscope,False,False,False,False,conflict
45,set,120,deny,False,False,False,False,denied
46,set,121,snapshot,False,True,False,True,compensated
46,set,121,mapped,False,True,False,True,compensated
46,set,121,value,False,False,False,False,conflict
46,set,121,object,False,False,False,False,conflict
46,set,121,field,False,False,False,False,conflict
46,set,121,undoscope,False,False,False,False,conflict
46,set,121,deny,False,False,False,False,denied
47,set,122,snapshot,False,True,False,True,compensated
47,set,122,mapped,False,True,False,True,compensated
47,set,122,value,False,False,False,False,conflict
47,set,122,object,False,False,False,False,conflict
47,set,122,field,False,False,False,False,conflict
47,set,122,undoscope,False,False,False,False,conflict
47,set,122,deny,False,False,False,False,denied
48,set,123,snapshot,False,True,False,True,compensated
48,set,123,mapped,False,True,False,True,compensated
48,set,123,value,False,False,False,False,conflict
48,set,123,object,False,False,False,False,conflict
48,set,123,field,False,False,False,False,conflict
48,set,123,undoscope,False,False,False,False,conflict
48,set,123,deny,False,False,False,False,denied
49,set,130,snapshot,False,True,False,True,compensated
49,set,130,mapped,False,True,False,True,compensated
49,set,130,value,False,True,False,True,compensated
49,set,130,object,False,False,False,False,conflict
49,set,130,field,False,False,False,False,conflict
49,set,130,undoscope,False,False,False,False,conflict
49,set,130,deny,False,False,False,False,denied
50,set,131,snapshot,False,True,False,True,compensated
50,set,131,mapped,False,True,False,True,compensated
50,set,131,value,False,False,False,False,conflict
50,set,131,object,False,False,False,False,conflict
50,set,131,field,False,False,False,False,conflict
50,set,131,undoscope,False,False,False,False,conflict
50,set,131,deny,False,False,False,False,denied
51,set,132,snapshot,False,True,False,True,compensated
51,set,132,mapped,False,True,False,True,compensated
51,set,132,value,False,False,False,False,conflict
51,set,132,object,False,False,False,False,conflict
51,set,132,field,False,False,False,False,conflict
51,set,132,undoscope,False,False,False,False,conflict
51,set,132,deny,False,False,False,False,denied
52,set,133,snapshot,False,True,False,True,compensated
52,set,133,mapped,False,True,False,True,compensated
52,set,133,value,False,False,False,False,conflict
52,set,133,object,False,False,False,False,conflict
52,set,133,field,False,False,False,False,conflict
52,set,133,undoscope,False,False,False,False,conflict
52,set,133,deny,False,False,False,False,denied
53,set,200,snapshot,False,True,False,True,compensated
53,set,200,mapped,False,True,False,True,compensated
53,set,200,value,False,True,False,True,compensated
53,set,200,object,False,False,False,False,conflict
53,set,200,field,False,False,False,False,conflict
53,set,200,undoscope,False,False,False,False,conflict
53,set,200,deny,False,False,False,False,denied
54,set,201,snapshot,False,True,False,True,compensated
54,set,201,mapped,False,True,False,True,compensated
54,set,201,value,False,False,False,False,conflict
54,set,201,object,False,False,False,False,conflict
54,set,201,field,False,False,False,False,conflict
54,set,201,undoscope,False,False,False,False,conflict
54,set,201,deny,False,False,False,False,denied
55,set,202,snapshot,False,True,False,True,compensated
55,set,202,mapped,False,True,False,True,compensated
55,set,202,value,False,False,False,False,conflict
55,set,202,object,False,False,False,False,conflict
55,set,202,field,False,False,False,False,conflict
55,set,202,undoscope,False,False,False,False,conflict
55,set,202,deny,False,False,False,False,denied
56,set,203,snapshot,False,True,False,True,compensated
56,set,203,mapped,False,True,False,True,compensated
56,set,203,value,False,True,False,True,compensated
56,set,203,object,False,False,False,False,conflict
56,set,203,field,False,False,False,False,conflict
56,set,203,undoscope,False,False,False,False,conflict
56,set,203,deny,False,False,False,False,denied
57,set,210,snapshot,False,True,False,True,compensated
57,set,210,mapped,False,True,False,True,compensated
57,set,210,value,False,True,False,True,compensated
57,set,210,object,False,False,False,False,conflict
57,set,210,field,False,False,False,False,conflict
57,set,210,undoscope,False,False,False,False,conflict
57,set,210,deny,False,False,False,False,denied
58,set,211,snapshot,False,True,False,True,compensated
58,set,211,mapped,False,True,False,True,compensated
58,set,211,value,False,False,False,False,conflict
58,set,211,object,False,False,False,False,conflict
58,set,211,field,False,False,False,False,conflict
58,set,211,undoscope,False,False,False,False,conflict
58,set,211,deny,False,False,False,False,denied
59,set,212,snapshot,False,True,False,True,compensated
59,set,212,mapped,False,True,False,True,compensated
59,set,212,value,False,False,False,False,conflict
59,set,212,object,False,False,False,False,conflict
59,set,212,field,False,False,False,False,conflict
59,set,212,undoscope,False,False,False,False,conflict
59,set,212,deny,False,False,False,False,denied
60,set,213,snapshot,False,True,False,True,compensated
60,set,213,mapped,False,True,False,True,compensated
60,set,213,value,False,False,False,False,conflict
60,set,213,object,False,False,False,False,conflict
60,set,213,field,False,False,False,False,conflict
60,set,213,undoscope,False,False,False,False,conflict
60,set,213,deny,False,False,False,False,denied
61,set,220,snapshot,False,True,False,True,compensated
61,set,220,mapped,False,True,False,True,compensated
61,set,220,value,False,True,False,True,compensated
61,set,220,object,False,False,False,False,conflict
61,set,220,field,False,False,False,False,conflict
61,set,220,undoscope,False,False,False,False,conflict
61,set,220,deny,False,False,False,False,denied
62,set,221,snapshot,False,True,False,True,compensated
62,set,221,mapped,False,True,False,True,compensated
62,set,221,value,False,False,False,False,conflict
62,set,221,object,False,False,False,False,conflict
62,set,221,field,False,False,False,False,conflict
62,set,221,undoscope,False,False,False,False,conflict
62,set,221,deny,False,False,False,False,denied
63,set,222,snapshot,False,True,False,True,compensated
63,set,222,mapped,False,True,False,True,compensated
63,set,222,value,False,False,False,False,conflict
63,set,222,object,False,False,False,False,conflict
63,set,222,field,False,False,False,False,conflict
63,set,222,undoscope,False,False,False,False,conflict
63,set,222,deny,False,False,False,False,denied
64,set,223,snapshot,False,True,False,True,compensated
64,set,223,mapped,False,True,False,True,compensated
64,set,223,value,False,False,False,False,conflict
64,set,223,object,False,False,False,False,conflict
64,set,223,field,False,False,False,False,conflict
64,set,223,undoscope,False,False,False,False,conflict
64,set,223,deny,False,False,False,False,denied
65,set,230,snapshot,False,True,False,True,compensated
65,set,230,mapped,False,True,False,True,compensated
65,set,230,value,False,True,False,True,compensated
65,set,230,object,False,False,False,False,conflict
65,set,230,field,False,False,False,False,conflict
65,set,230,undoscope,False,False,False,False,conflict
65,set,230,deny,False,False,False,False,denied
66,set,231,snapshot,False,True,False,True,compensated
66,set,231,mapped,False,True,False,True,compensated
66,set,231,value,False,False,False,False,conflict
66,set,231,object,False,False,False,False,conflict
66,set,231,field,False,False,False,False,conflict
66,set,231,undoscope,False,False,False,False,conflict
66,set,231,deny,False,False,False,False,denied
67,set,232,snapshot,False,True,False,True,compensated
67,set,232,mapped,False,True,False,True,compensated
67,set,232,value,False,False,False,False,conflict
67,set,232,object,False,False,False,False,conflict
67,set,232,field,False,False,False,False,conflict
67,set,232,undoscope,False,False,False,False,conflict
67,set,232,deny,False,False,False,False,denied
68,set,233,snapshot,False,True,False,True,compensated
68,set,233,mapped,False,True,False,True,compensated
68,set,233,value,False,False,False,False,conflict
68,set,233,object,False,False,False,False,conflict
68,set,233,field,False,False,False,False,conflict
68,set,233,undoscope,False,False,False,False,conflict
68,set,233,deny,False,False,False,False,denied
69,set,300,snapshot,False,True,False,True,compensated
69,set,300,mapped,False,True,False,True,compensated
69,set,300,value,False,True,False,True,compensated
69,set,300,object,False,False,False,False,conflict
69,set,300,field,False,False,False,False,conflict
69,set,300,undoscope,False,False,False,False,conflict
69,set,300,deny,False,False,False,False,denied
70,set,301,snapshot,False,True,False,True,compensated
70,set,301,mapped,False,True,False,True,compensated
70,set,301,value,False,False,False,False,conflict
70,set,301,object,False,False,False,False,conflict
70,set,301,field,False,False,False,False,conflict
70,set,301,undoscope,False,False,False,False,conflict
70,set,301,deny,False,False,False,False,denied
71,set,302,snapshot,False,True,False,True,compensated
71,set,302,mapped,False,True,False,True,compensated
71,set,302,value,False,False,False,False,conflict
71,set,302,object,False,False,False,False,conflict
71,set,302,field,False,False,False,False,conflict
71,set,302,undoscope,False,False,False,False,conflict
71,set,302,deny,False,False,False,False,denied
72,set,303,snapshot,False,True,False,True,compensated
72,set,303,mapped,False,True,False,True,compensated
72,set,303,value,False,True,False,True,compensated
72,set,303,object,False,False,False,False,conflict
72,set,303,field,False,False,False,False,conflict
72,set,303,undoscope,False,False,False,False,conflict
72,set,303,deny,False,False,False,False,denied
73,set,310,snapshot,False,True,False,True,compensated
73,set,310,mapped,False,True,False,True,compensated
73,set,310,value,False,True,False,True,compensated
73,set,310,object,False,False,False,False,conflict
73,set,310,field,False,False,False,False,conflict
73,set,310,undoscope,False,False,False,False,conflict
73,set,310,deny,False,False,False,False,denied
74,set,311,snapshot,False,True,False,True,compensated
74,set,311,mapped,False,True,False,True,compensated
74,set,311,value,False,False,False,False,conflict
74,set,311,object,False,False,False,False,conflict
74,set,311,field,False,False,False,False,conflict
74,set,311,undoscope,False,False,False,False,conflict
74,set,311,deny,False,False,False,False,denied
75,set,312,snapshot,False,True,False,True,compensated
75,set,312,mapped,False,True,False,True,compensated
75,set,312,value,False,False,False,False,conflict
75,set,312,object,False,False,False,False,conflict
75,set,312,field,False,False,False,False,conflict
75,set,312,undoscope,False,False,False,False,conflict
75,set,312,deny,False,False,False,False,denied
76,set,313,snapshot,False,True,False,True,compensated
76,set,313,mapped,False,True,False,True,compensated
76,set,313,value,False,False,False,False,conflict
76,set,313,object,False,False,False,False,conflict
76,set,313,field,False,False,False,False,conflict
76,set,313,undoscope,False,False,False,False,conflict
76,set,313,deny,False,False,False,False,denied
77,set,320,snapshot,False,True,False,True,compensated
77,set,320,mapped,False,True,False,True,compensated
77,set,320,value,False,True,False,True,compensated
77,set,320,object,False,False,False,False,conflict
77,set,320,field,False,False,False,False,conflict
77,set,320,undoscope,False,False,False,False,conflict
77,set,320,deny,False,False,False,False,denied
78,set,321,snapshot,False,True,False,True,compensated
78,set,321,mapped,False,True,False,True,compensated
78,set,321,value,False,False,False,False,conflict
78,set,321,object,False,False,False,False,conflict
78,set,321,field,False,False,False,False,conflict
78,set,321,undoscope,False,False,False,False,conflict
78,set,321,deny,False,False,False,False,denied
79,set,322,snapshot,False,True,False,True,compensated
79,set,322,mapped,False,True,False,True,compensated
79,set,322,value,False,False,False,False,conflict
79,set,322,object,False,False,False,False,conflict
79,set,322,field,False,False,False,False,conflict
79,set,322,undoscope,False,False,False,False,conflict
79,set,322,deny,False,False,False,False,denied
80,set,323,snapshot,False,True,False,True,compensated
80,set,323,mapped,False,True,False,True,compensated
80,set,323,value,False,False,False,False,conflict
80,set,323,object,False,False,False,False,conflict
80,set,323,field,False,False,False,False,conflict
80,set,323,undoscope,False,False,False,False,conflict
80,set,323,deny,False,False,False,False,denied
81,set,330,snapshot,False,True,False,True,compensated
81,set,330,mapped,False,True,False,True,compensated
81,set,330,value,False,True,False,True,compensated
81,set,330,object,False,False,False,False,conflict
81,set,330,field,False,False,False,False,conflict
81,set,330,undoscope,False,False,False,False,conflict
81,set,330,deny,False,False,False,False,denied
82,set,331,snapshot,False,True,False,True,compensated
82,set,331,mapped,False,True,False,True,compensated
82,set,331,value,False,False,False,False,conflict
82,set,331,object,False,False,False,False,conflict
82,set,331,field,False,False,False,False,conflict
82,set,331,undoscope,False,False,False,False,conflict
82,set,331,deny,False,False,False,False,denied
83,set,332,snapshot,False,True,False,True,compensated
83,set,332,mapped,False,True,False,True,compensated
83,set,332,value,False,False,False,False,conflict
83,set,332,object,False,False,False,False,conflict
83,set,332,field,False,False,False,False,conflict
83,set,332,undoscope,False,False,False,False,conflict
83,set,332,deny,False,False,False,False,denied
84,set,333,snapshot,True,True,False,True,compensated
84,set,333,mapped,True,False,True,True,compensated
84,set,333,value,True,False,True,True,compensated
84,set,333,object,True,False,False,False,conflict
84,set,333,field,True,False,True,True,compensated
84,set,333,undoscope,True,False,True,True,compensated
84,set,333,deny,True,False,False,False,denied
85,set,0000,snapshot,False,True,False,True,compensated
85,set,0000,mapped,False,True,False,True,compensated
85,set,0000,value,False,True,False,True,compensated
85,set,0000,object,False,False,False,False,conflict
85,set,0000,field,False,False,False,False,conflict
85,set,0000,undoscope,False,False,False,False,conflict
85,set,0000,deny,False,False,False,False,denied
86,set,0001,snapshot,False,True,False,True,compensated
86,set,0001,mapped,False,True,False,True,compensated
86,set,0001,value,False,False,False,False,conflict
86,set,0001,object,False,False,False,False,conflict
86,set,0001,field,False,False,False,False,conflict
86,set,0001,undoscope,False,False,False,False,conflict
86,set,0001,deny,False,False,False,False,denied
87,set,0002,snapshot,False,True,False,True,compensated
87,set,0002,mapped,False,True,False,True,compensated
87,set,0002,value,False,False,False,False,conflict
87,set,0002,object,False,False,False,False,conflict
87,set,0002,field,False,False,False,False,conflict
87,set,0002,undoscope,False,False,False,False,conflict
87,set,0002,deny,False,False,False,False,denied
88,set,0003,snapshot,False,True,False,True,compensated
88,set,0003,mapped,False,True,False,True,compensated
88,set,0003,value,False,True,False,True,compensated
88,set,0003,object,False,False,False,False,conflict
88,set,0003,field,False,False,False,False,conflict
88,set,0003,undoscope,False,False,False,False,conflict
88,set,0003,deny,False,False,False,False,denied
89,set,0010,snapshot,False,True,False,True,compensated
89,set,0010,mapped,False,True,False,True,compensated
89,set,0010,value,False,True,False,True,compensated
89,set,0010,object,False,False,False,False,conflict
89,set,0010,field,False,False,False,False,conflict
89,set,0010,undoscope,False,False,False,False,conflict
89,set,0010,deny,False,False,False,False,denied
90,set,0011,snapshot,False,True,False,True,compensated
90,set,0011,mapped,False,True,False,True,compensated
90,set,0011,value,False,False,False,False,conflict
90,set,0011,object,False,False,False,False,conflict
90,set,0011,field,False,False,False,False,conflict
90,set,0011,undoscope,False,False,False,False,conflict
90,set,0011,deny,False,False,False,False,denied
91,set,0012,snapshot,False,True,False,True,compensated
91,set,0012,mapped,False,True,False,True,compensated
91,set,0012,value,False,False,False,False,conflict
91,set,0012,object,False,False,False,False,conflict
91,set,0012,field,False,False,False,False,conflict
91,set,0012,undoscope,False,False,False,False,conflict
91,set,0012,deny,False,False,False,False,denied
92,set,0013,snapshot,False,True,False,True,compensated
92,set,0013,mapped,False,True,False,True,compensated
92,set,0013,value,False,False,False,False,conflict
92,set,0013,object,False,False,False,False,conflict
92,set,0013,field,False,False,False,False,conflict
92,set,0013,undoscope,False,False,False,False,conflict
92,set,0013,deny,False,False,False,False,denied
93,set,0020,snapshot,False,True,False,True,compensated
93,set,0020,mapped,False,True,False,True,compensated
93,set,0020,value,False,True,False,True,compensated
93,set,0020,object,False,False,False,False,conflict
93,set,0020,field,False,False,False,False,conflict
93,set,0020,undoscope,False,False,False,False,conflict
93,set,0020,deny,False,False,False,False,denied
94,set,0021,snapshot,False,True,False,True,compensated
94,set,0021,mapped,False,True,False,True,compensated
94,set,0021,value,False,False,False,False,conflict
94,set,0021,object,False,False,False,False,conflict
94,set,0021,field,False,False,False,False,conflict
94,set,0021,undoscope,False,False,False,False,conflict
94,set,0021,deny,False,False,False,False,denied
95,set,0022,snapshot,False,True,False,True,compensated
95,set,0022,mapped,False,True,False,True,compensated
95,set,0022,value,False,False,False,False,conflict
95,set,0022,object,False,False,False,False,conflict
95,set,0022,field,False,False,False,False,conflict
95,set,0022,undoscope,False,False,False,False,conflict
95,set,0022,deny,False,False,False,False,denied
96,set,0023,snapshot,False,True,False,True,compensated
96,set,0023,mapped,False,True,False,True,compensated
96,set,0023,value,False,False,False,False,conflict
96,set,0023,object,False,False,False,False,conflict
96,set,0023,field,False,False,False,False,conflict
96,set,0023,undoscope,False,False,False,False,conflict
96,set,0023,deny,False,False,False,False,denied
97,set,0030,snapshot,False,True,False,True,compensated
97,set,0030,mapped,False,True,False,True,compensated
97,set,0030,value,False,True,False,True,compensated
97,set,0030,object,False,False,False,False,conflict
97,set,0030,field,False,False,False,False,conflict
97,set,0030,undoscope,False,False,False,False,conflict
97,set,0030,deny,False,False,False,False,denied
98,set,0031,snapshot,False,True,False,True,compensated
98,set,0031,mapped,False,True,False,True,compensated
98,set,0031,value,False,False,False,False,conflict
98,set,0031,object,False,False,False,False,conflict
98,set,0031,field,False,False,False,False,conflict
98,set,0031,undoscope,False,False,False,False,conflict
98,set,0031,deny,False,False,False,False,denied
99,set,0032,snapshot,False,True,False,True,compensated
99,set,0032,mapped,False,True,False,True,compensated
99,set,0032,value,False,False,False,False,conflict
99,set,0032,object,False,False,False,False,conflict
99,set,0032,field,False,False,False,False,conflict
99,set,0032,undoscope,False,False,False,False,conflict
99,set,0032,deny,False,False,False,False,denied
100,set,0033,snapshot,False,True,False,True,compensated
100,set,0033,mapped,False,True,False,True,compensated
100,set,0033,value,False,True,False,True,compensated
100,set,0033,object,False,False,False,False,conflict
100,set,0033,field,False,False,False,False,conflict
100,set,0033,undoscope,False,False,False,False,conflict
100,set,0033,deny,False,False,False,False,denied
101,set,0100,snapshot,False,True,False,True,compensated
101,set,0100,mapped,False,True,False,True,compensated
101,set,0100,value,False,True,False,True,compensated
101,set,0100,object,False,False,False,False,conflict
101,set,0100,field,False,False,False,False,conflict
101,set,0100,undoscope,False,False,False,False,conflict
101,set,0100,deny,False,False,False,False,denied
102,set,0101,snapshot,False,True,False,True,compensated
102,set,0101,mapped,False,True,False,True,compensated
102,set,0101,value,False,False,False,False,conflict
102,set,0101,object,False,False,False,False,conflict
102,set,0101,field,False,False,False,False,conflict
102,set,0101,undoscope,False,False,False,False,conflict
102,set,0101,deny,False,False,False,False,denied
103,set,0102,snapshot,False,True,False,True,compensated
103,set,0102,mapped,False,True,False,True,compensated
103,set,0102,value,False,False,False,False,conflict
103,set,0102,object,False,False,False,False,conflict
103,set,0102,field,False,False,False,False,conflict
103,set,0102,undoscope,False,False,False,False,conflict
103,set,0102,deny,False,False,False,False,denied
104,set,0103,snapshot,False,True,False,True,compensated
104,set,0103,mapped,False,True,False,True,compensated
104,set,0103,value,False,True,False,True,compensated
104,set,0103,object,False,False,False,False,conflict
104,set,0103,field,False,False,False,False,conflict
104,set,0103,undoscope,False,False,False,False,conflict
104,set,0103,deny,False,False,False,False,denied
105,set,0110,snapshot,False,True,False,True,compensated
105,set,0110,mapped,False,True,False,True,compensated
105,set,0110,value,False,True,False,True,compensated
105,set,0110,object,False,False,False,False,conflict
105,set,0110,field,False,False,False,False,conflict
105,set,0110,undoscope,False,False,False,False,conflict
105,set,0110,deny,False,False,False,False,denied
106,set,0111,snapshot,False,True,False,True,compensated
106,set,0111,mapped,False,True,False,True,compensated
106,set,0111,value,False,False,False,False,conflict
106,set,0111,object,False,False,False,False,conflict
106,set,0111,field,False,False,False,False,conflict
106,set,0111,undoscope,False,False,False,False,conflict
106,set,0111,deny,False,False,False,False,denied
107,set,0112,snapshot,False,True,False,True,compensated
107,set,0112,mapped,False,True,False,True,compensated
107,set,0112,value,False,False,False,False,conflict
107,set,0112,object,False,False,False,False,conflict
107,set,0112,field,False,False,False,False,conflict
107,set,0112,undoscope,False,False,False,False,conflict
107,set,0112,deny,False,False,False,False,denied
108,set,0113,snapshot,False,True,False,True,compensated
108,set,0113,mapped,False,True,False,True,compensated
108,set,0113,value,False,False,False,False,conflict
108,set,0113,object,False,False,False,False,conflict
108,set,0113,field,False,False,False,False,conflict
108,set,0113,undoscope,False,False,False,False,conflict
108,set,0113,deny,False,False,False,False,denied
109,set,0120,snapshot,False,True,False,True,compensated
109,set,0120,mapped,False,True,False,True,compensated
109,set,0120,value,False,True,False,True,compensated
109,set,0120,object,False,False,False,False,conflict
109,set,0120,field,False,False,False,False,conflict
109,set,0120,undoscope,False,False,False,False,conflict
109,set,0120,deny,False,False,False,False,denied
110,set,0121,snapshot,False,True,False,True,compensated
110,set,0121,mapped,False,True,False,True,compensated
110,set,0121,value,False,False,False,False,conflict
110,set,0121,object,False,False,False,False,conflict
110,set,0121,field,False,False,False,False,conflict
110,set,0121,undoscope,False,False,False,False,conflict
110,set,0121,deny,False,False,False,False,denied
111,set,0122,snapshot,False,True,False,True,compensated
111,set,0122,mapped,False,True,False,True,compensated
111,set,0122,value,False,False,False,False,conflict
111,set,0122,object,False,False,False,False,conflict
111,set,0122,field,False,False,False,False,conflict
111,set,0122,undoscope,False,False,False,False,conflict
111,set,0122,deny,False,False,False,False,denied
112,set,0123,snapshot,False,True,False,True,compensated
112,set,0123,mapped,False,True,False,True,compensated
112,set,0123,value,False,False,False,False,conflict
112,set,0123,object,False,False,False,False,conflict
112,set,0123,field,False,False,False,False,conflict
112,set,0123,undoscope,False,False,False,False,conflict
112,set,0123,deny,False,False,False,False,denied
113,set,0130,snapshot,False,True,False,True,compensated
113,set,0130,mapped,False,True,False,True,compensated
113,set,0130,value,False,True,False,True,compensated
113,set,0130,object,False,False,False,False,conflict
113,set,0130,field,False,False,False,False,conflict
113,set,0130,undoscope,False,False,False,False,conflict
113,set,0130,deny,False,False,False,False,denied
114,set,0131,snapshot,False,True,False,True,compensated
114,set,0131,mapped,False,True,False,True,compensated
114,set,0131,value,False,False,False,False,conflict
114,set,0131,object,False,False,False,False,conflict
114,set,0131,field,False,False,False,False,conflict
114,set,0131,undoscope,False,False,False,False,conflict
114,set,0131,deny,False,False,False,False,denied
115,set,0132,snapshot,False,True,False,True,compensated
115,set,0132,mapped,False,True,False,True,compensated
115,set,0132,value,False,False,False,False,conflict
115,set,0132,object,False,False,False,False,conflict
115,set,0132,field,False,False,False,False,conflict
115,set,0132,undoscope,False,False,False,False,conflict
115,set,0132,deny,False,False,False,False,denied
116,set,0133,snapshot,False,True,False,True,compensated
116,set,0133,mapped,False,True,False,True,compensated
116,set,0133,value,False,False,False,False,conflict
116,set,0133,object,False,False,False,False,conflict
116,set,0133,field,False,False,False,False,conflict
116,set,0133,undoscope,False,False,False,False,conflict
116,set,0133,deny,False,False,False,False,denied
117,set,0200,snapshot,False,True,False,True,compensated
117,set,0200,mapped,False,True,False,True,compensated
117,set,0200,value,False,True,False,True,compensated
117,set,0200,object,False,False,False,False,conflict
117,set,0200,field,False,False,False,False,conflict
117,set,0200,undoscope,False,False,False,False,conflict
117,set,0200,deny,False,False,False,False,denied
118,set,0201,snapshot,False,True,False,True,compensated
118,set,0201,mapped,False,True,False,True,compensated
118,set,0201,value,False,False,False,False,conflict
118,set,0201,object,False,False,False,False,conflict
118,set,0201,field,False,False,False,False,conflict
118,set,0201,undoscope,False,False,False,False,conflict
118,set,0201,deny,False,False,False,False,denied
119,set,0202,snapshot,False,True,False,True,compensated
119,set,0202,mapped,False,True,False,True,compensated
119,set,0202,value,False,False,False,False,conflict
119,set,0202,object,False,False,False,False,conflict
119,set,0202,field,False,False,False,False,conflict
119,set,0202,undoscope,False,False,False,False,conflict
119,set,0202,deny,False,False,False,False,denied
120,set,0203,snapshot,False,True,False,True,compensated
120,set,0203,mapped,False,True,False,True,compensated
120,set,0203,value,False,True,False,True,compensated
120,set,0203,object,False,False,False,False,conflict
120,set,0203,field,False,False,False,False,conflict
120,set,0203,undoscope,False,False,False,False,conflict
120,set,0203,deny,False,False,False,False,denied
121,set,0210,snapshot,False,True,False,True,compensated
121,set,0210,mapped,False,True,False,True,compensated
121,set,0210,value,False,True,False,True,compensated
121,set,0210,object,False,False,False,False,conflict
121,set,0210,field,False,False,False,False,conflict
121,set,0210,undoscope,False,False,False,False,conflict
121,set,0210,deny,False,False,False,False,denied
122,set,0211,snapshot,False,True,False,True,compensated
122,set,0211,mapped,False,True,False,True,compensated
122,set,0211,value,False,False,False,False,conflict
122,set,0211,object,False,False,False,False,conflict
122,set,0211,field,False,False,False,False,conflict
122,set,0211,undoscope,False,False,False,False,conflict
122,set,0211,deny,False,False,False,False,denied
123,set,0212,snapshot,False,True,False,True,compensated
123,set,0212,mapped,False,True,False,True,compensated
123,set,0212,value,False,False,False,False,conflict
123,set,0212,object,False,False,False,False,conflict
123,set,0212,field,False,False,False,False,conflict
123,set,0212,undoscope,False,False,False,False,conflict
123,set,0212,deny,False,False,False,False,denied
124,set,0213,snapshot,False,True,False,True,compensated
124,set,0213,mapped,False,True,False,True,compensated
124,set,0213,value,False,False,False,False,conflict
124,set,0213,object,False,False,False,False,conflict
124,set,0213,field,False,False,False,False,conflict
124,set,0213,undoscope,False,False,False,False,conflict
124,set,0213,deny,False,False,False,False,denied
125,set,0220,snapshot,False,True,False,True,compensated
125,set,0220,mapped,False,True,False,True,compensated
125,set,0220,value,False,True,False,True,compensated
125,set,0220,object,False,False,False,False,conflict
125,set,0220,field,False,False,False,False,conflict
125,set,0220,undoscope,False,False,False,False,conflict
125,set,0220,deny,False,False,False,False,denied
126,set,0221,snapshot,False,True,False,True,compensated
126,set,0221,mapped,False,True,False,True,compensated
126,set,0221,value,False,False,False,False,conflict
126,set,0221,object,False,False,False,False,conflict
126,set,0221,field,False,False,False,False,conflict
126,set,0221,undoscope,False,False,False,False,conflict
126,set,0221,deny,False,False,False,False,denied
127,set,0222,snapshot,False,True,False,True,compensated
127,set,0222,mapped,False,True,False,True,compensated
127,set,0222,value,False,False,False,False,conflict
127,set,0222,object,False,False,False,False,conflict
127,set,0222,field,False,False,False,False,conflict
127,set,0222,undoscope,False,False,False,False,conflict
127,set,0222,deny,False,False,False,False,denied
128,set,0223,snapshot,False,True,False,True,compensated
128,set,0223,mapped,False,True,False,True,compensated
128,set,0223,value,False,False,False,False,conflict
128,set,0223,object,False,False,False,False,conflict
128,set,0223,field,False,False,False,False,conflict
128,set,0223,undoscope,False,False,False,False,conflict
128,set,0223,deny,False,False,False,False,denied
129,set,0230,snapshot,False,True,False,True,compensated
129,set,0230,mapped,False,True,False,True,compensated
129,set,0230,value,False,True,False,True,compensated
129,set,0230,object,False,False,False,False,conflict
129,set,0230,field,False,False,False,False,conflict
129,set,0230,undoscope,False,False,False,False,conflict
129,set,0230,deny,False,False,False,False,denied
130,set,0231,snapshot,False,True,False,True,compensated
130,set,0231,mapped,False,True,False,True,compensated
130,set,0231,value,False,False,False,False,conflict
130,set,0231,object,False,False,False,False,conflict
130,set,0231,field,False,False,False,False,conflict
130,set,0231,undoscope,False,False,False,False,conflict
130,set,0231,deny,False,False,False,False,denied
131,set,0232,snapshot,False,True,False,True,compensated
131,set,0232,mapped,False,True,False,True,compensated
131,set,0232,value,False,False,False,False,conflict
131,set,0232,object,False,False,False,False,conflict
131,set,0232,field,False,False,False,False,conflict
131,set,0232,undoscope,False,False,False,False,conflict
131,set,0232,deny,False,False,False,False,denied
132,set,0233,snapshot,False,True,False,True,compensated
132,set,0233,mapped,False,True,False,True,compensated
132,set,0233,value,False,False,False,False,conflict
132,set,0233,object,False,False,False,False,conflict
132,set,0233,field,False,False,False,False,conflict
132,set,0233,undoscope,False,False,False,False,conflict
132,set,0233,deny,False,False,False,False,denied
133,set,0300,snapshot,False,True,False,True,compensated
133,set,0300,mapped,False,True,False,True,compensated
133,set,0300,value,False,True,False,True,compensated
133,set,0300,object,False,False,False,False,conflict
133,set,0300,field,False,False,False,False,conflict
133,set,0300,undoscope,False,False,False,False,conflict
133,set,0300,deny,False,False,False,False,denied
134,set,0301,snapshot,False,True,False,True,compensated
134,set,0301,mapped,False,True,False,True,compensated
134,set,0301,value,False,False,False,False,conflict
134,set,0301,object,False,False,False,False,conflict
134,set,0301,field,False,False,False,False,conflict
134,set,0301,undoscope,False,False,False,False,conflict
134,set,0301,deny,False,False,False,False,denied
135,set,0302,snapshot,False,True,False,True,compensated
135,set,0302,mapped,False,True,False,True,compensated
135,set,0302,value,False,False,False,False,conflict
135,set,0302,object,False,False,False,False,conflict
135,set,0302,field,False,False,False,False,conflict
135,set,0302,undoscope,False,False,False,False,conflict
135,set,0302,deny,False,False,False,False,denied
136,set,0303,snapshot,False,True,False,True,compensated
136,set,0303,mapped,False,True,False,True,compensated
136,set,0303,value,False,True,False,True,compensated
136,set,0303,object,False,False,False,False,conflict
136,set,0303,field,False,False,False,False,conflict
136,set,0303,undoscope,False,False,False,False,conflict
136,set,0303,deny,False,False,False,False,denied
137,set,0310,snapshot,False,True,False,True,compensated
137,set,0310,mapped,False,True,False,True,compensated
137,set,0310,value,False,True,False,True,compensated
137,set,0310,object,False,False,False,False,conflict
137,set,0310,field,False,False,False,False,conflict
137,set,0310,undoscope,False,False,False,False,conflict
137,set,0310,deny,False,False,False,False,denied
138,set,0311,snapshot,False,True,False,True,compensated
138,set,0311,mapped,False,True,False,True,compensated
138,set,0311,value,False,False,False,False,conflict
138,set,0311,object,False,False,False,False,conflict
138,set,0311,field,False,False,False,False,conflict
138,set,0311,undoscope,False,False,False,False,conflict
138,set,0311,deny,False,False,False,False,denied
139,set,0312,snapshot,False,True,False,True,compensated
139,set,0312,mapped,False,True,False,True,compensated
139,set,0312,value,False,False,False,False,conflict
139,set,0312,object,False,False,False,False,conflict
139,set,0312,field,False,False,False,False,conflict
139,set,0312,undoscope,False,False,False,False,conflict
139,set,0312,deny,False,False,False,False,denied
140,set,0313,snapshot,False,True,False,True,compensated
140,set,0313,mapped,False,True,False,True,compensated
140,set,0313,value,False,False,False,False,conflict
140,set,0313,object,False,False,False,False,conflict
140,set,0313,field,False,False,False,False,conflict
140,set,0313,undoscope,False,False,False,False,conflict
140,set,0313,deny,False,False,False,False,denied
141,set,0320,snapshot,False,True,False,True,compensated
141,set,0320,mapped,False,True,False,True,compensated
141,set,0320,value,False,True,False,True,compensated
141,set,0320,object,False,False,False,False,conflict
141,set,0320,field,False,False,False,False,conflict
141,set,0320,undoscope,False,False,False,False,conflict
141,set,0320,deny,False,False,False,False,denied
142,set,0321,snapshot,False,True,False,True,compensated
142,set,0321,mapped,False,True,False,True,compensated
142,set,0321,value,False,False,False,False,conflict
142,set,0321,object,False,False,False,False,conflict
142,set,0321,field,False,False,False,False,conflict
142,set,0321,undoscope,False,False,False,False,conflict
142,set,0321,deny,False,False,False,False,denied
143,set,0322,snapshot,False,True,False,True,compensated
143,set,0322,mapped,False,True,False,True,compensated
143,set,0322,value,False,False,False,False,conflict
143,set,0322,object,False,False,False,False,conflict
143,set,0322,field,False,False,False,False,conflict
143,set,0322,undoscope,False,False,False,False,conflict
143,set,0322,deny,False,False,False,False,denied
144,set,0323,snapshot,False,True,False,True,compensated
144,set,0323,mapped,False,True,False,True,compensated
144,set,0323,value,False,False,False,False,conflict
144,set,0323,object,False,False,False,False,conflict
144,set,0323,field,False,False,False,False,conflict
144,set,0323,undoscope,False,False,False,False,conflict
144,set,0323,deny,False,False,False,False,denied
145,set,0330,snapshot,False,True,False,True,compensated
145,set,0330,mapped,False,True,False,True,compensated
145,set,0330,value,False,True,False,True,compensated
145,set,0330,object,False,False,False,False,conflict
145,set,0330,field,False,False,False,False,conflict
145,set,0330,undoscope,False,False,False,False,conflict
145,set,0330,deny,False,False,False,False,denied
146,set,0331,snapshot,False,True,False,True,compensated
146,set,0331,mapped,False,True,False,True,compensated
146,set,0331,value,False,False,False,False,conflict
146,set,0331,object,False,False,False,False,conflict
146,set,0331,field,False,False,False,False,conflict
146,set,0331,undoscope,False,False,False,False,conflict
146,set,0331,deny,False,False,False,False,denied
147,set,0332,snapshot,False,True,False,True,compensated
147,set,0332,mapped,False,True,False,True,compensated
147,set,0332,value,False,False,False,False,conflict
147,set,0332,object,False,False,False,False,conflict
147,set,0332,field,False,False,False,False,conflict
147,set,0332,undoscope,False,False,False,False,conflict
147,set,0332,deny,False,False,False,False,denied
148,set,0333,snapshot,False,True,False,True,compensated
148,set,0333,mapped,False,True,False,True,compensated
148,set,0333,value,False,True,False,True,compensated
148,set,0333,object,False,False,False,False,conflict
148,set,0333,field,False,False,False,False,conflict
148,set,0333,undoscope,False,False,False,False,conflict
148,set,0333,deny,False,False,False,False,denied
149,set,1000,snapshot,False,True,False,True,compensated
149,set,1000,mapped,False,True,False,True,compensated
149,set,1000,value,False,True,False,True,compensated
149,set,1000,object,False,False,False,False,conflict
149,set,1000,field,False,False,False,False,conflict
149,set,1000,undoscope,False,False,False,False,conflict
149,set,1000,deny,False,False,False,False,denied
150,set,1001,snapshot,False,True,False,True,compensated
150,set,1001,mapped,False,True,False,True,compensated
150,set,1001,value,False,False,False,False,conflict
150,set,1001,object,False,False,False,False,conflict
150,set,1001,field,False,False,False,False,conflict
150,set,1001,undoscope,False,False,False,False,conflict
150,set,1001,deny,False,False,False,False,denied
151,set,1002,snapshot,False,True,False,True,compensated
151,set,1002,mapped,False,True,False,True,compensated
151,set,1002,value,False,False,False,False,conflict
151,set,1002,object,False,False,False,False,conflict
151,set,1002,field,False,False,False,False,conflict
151,set,1002,undoscope,False,False,False,False,conflict
151,set,1002,deny,False,False,False,False,denied
152,set,1003,snapshot,False,True,False,True,compensated
152,set,1003,mapped,False,True,False,True,compensated
152,set,1003,value,False,True,False,True,compensated
152,set,1003,object,False,False,False,False,conflict
152,set,1003,field,False,False,False,False,conflict
152,set,1003,undoscope,False,False,False,False,conflict
152,set,1003,deny,False,False,False,False,denied
153,set,1010,snapshot,False,True,False,True,compensated
153,set,1010,mapped,False,True,False,True,compensated
153,set,1010,value,False,True,False,True,compensated
153,set,1010,object,False,False,False,False,conflict
153,set,1010,field,False,False,False,False,conflict
153,set,1010,undoscope,False,False,False,False,conflict
153,set,1010,deny,False,False,False,False,denied
154,set,1011,snapshot,False,True,False,True,compensated
154,set,1011,mapped,False,True,False,True,compensated
154,set,1011,value,False,False,False,False,conflict
154,set,1011,object,False,False,False,False,conflict
154,set,1011,field,False,False,False,False,conflict
154,set,1011,undoscope,False,False,False,False,conflict
154,set,1011,deny,False,False,False,False,denied
155,set,1012,snapshot,False,True,False,True,compensated
155,set,1012,mapped,False,True,False,True,compensated
155,set,1012,value,False,False,False,False,conflict
155,set,1012,object,False,False,False,False,conflict
155,set,1012,field,False,False,False,False,conflict
155,set,1012,undoscope,False,False,False,False,conflict
155,set,1012,deny,False,False,False,False,denied
156,set,1013,snapshot,False,True,False,True,compensated
156,set,1013,mapped,False,True,False,True,compensated
156,set,1013,value,False,False,False,False,conflict
156,set,1013,object,False,False,False,False,conflict
156,set,1013,field,False,False,False,False,conflict
156,set,1013,undoscope,False,False,False,False,conflict
156,set,1013,deny,False,False,False,False,denied
157,set,1020,snapshot,False,True,False,True,compensated
157,set,1020,mapped,False,True,False,True,compensated
157,set,1020,value,False,True,False,True,compensated
157,set,1020,object,False,False,False,False,conflict
157,set,1020,field,False,False,False,False,conflict
157,set,1020,undoscope,False,False,False,False,conflict
157,set,1020,deny,False,False,False,False,denied
158,set,1021,snapshot,False,True,False,True,compensated
158,set,1021,mapped,False,True,False,True,compensated
158,set,1021,value,False,False,False,False,conflict
158,set,1021,object,False,False,False,False,conflict
158,set,1021,field,False,False,False,False,conflict
158,set,1021,undoscope,False,False,False,False,conflict
158,set,1021,deny,False,False,False,False,denied
159,set,1022,snapshot,False,True,False,True,compensated
159,set,1022,mapped,False,True,False,True,compensated
159,set,1022,value,False,False,False,False,conflict
159,set,1022,object,False,False,False,False,conflict
159,set,1022,field,False,False,False,False,conflict
159,set,1022,undoscope,False,False,False,False,conflict
159,set,1022,deny,False,False,False,False,denied
160,set,1023,snapshot,False,True,False,True,compensated
160,set,1023,mapped,False,True,False,True,compensated
160,set,1023,value,False,False,False,False,conflict
160,set,1023,object,False,False,False,False,conflict
160,set,1023,field,False,False,False,False,conflict
160,set,1023,undoscope,False,False,False,False,conflict
160,set,1023,deny,False,False,False,False,denied
161,set,1030,snapshot,False,True,False,True,compensated
161,set,1030,mapped,False,True,False,True,compensated
161,set,1030,value,False,True,False,True,compensated
161,set,1030,object,False,False,False,False,conflict
161,set,1030,field,False,False,False,False,conflict
161,set,1030,undoscope,False,False,False,False,conflict
161,set,1030,deny,False,False,False,False,denied
162,set,1031,snapshot,False,True,False,True,compensated
162,set,1031,mapped,False,True,False,True,compensated
162,set,1031,value,False,False,False,False,conflict
162,set,1031,object,False,False,False,False,conflict
162,set,1031,field,False,False,False,False,conflict
162,set,1031,undoscope,False,False,False,False,conflict
162,set,1031,deny,False,False,False,False,denied
163,set,1032,snapshot,False,True,False,True,compensated
163,set,1032,mapped,False,True,False,True,compensated
163,set,1032,value,False,False,False,False,conflict
163,set,1032,object,False,False,False,False,conflict
163,set,1032,field,False,False,False,False,conflict
163,set,1032,undoscope,False,False,False,False,conflict
163,set,1032,deny,False,False,False,False,denied
164,set,1033,snapshot,False,True,False,True,compensated
164,set,1033,mapped,False,True,False,True,compensated
164,set,1033,value,False,True,False,True,compensated
164,set,1033,object,False,False,False,False,conflict
164,set,1033,field,False,False,False,False,conflict
164,set,1033,undoscope,False,False,False,False,conflict
164,set,1033,deny,False,False,False,False,denied
165,set,1100,snapshot,False,True,False,True,compensated
165,set,1100,mapped,False,True,False,True,compensated
165,set,1100,value,False,True,False,True,compensated
165,set,1100,object,False,False,False,False,conflict
165,set,1100,field,False,False,False,False,conflict
165,set,1100,undoscope,False,False,False,False,conflict
165,set,1100,deny,False,False,False,False,denied
166,set,1101,snapshot,False,True,False,True,compensated
166,set,1101,mapped,False,True,False,True,compensated
166,set,1101,value,False,False,False,False,conflict
166,set,1101,object,False,False,False,False,conflict
166,set,1101,field,False,False,False,False,conflict
166,set,1101,undoscope,False,False,False,False,conflict
166,set,1101,deny,False,False,False,False,denied
167,set,1102,snapshot,False,True,False,True,compensated
167,set,1102,mapped,False,True,False,True,compensated
167,set,1102,value,False,False,False,False,conflict
167,set,1102,object,False,False,False,False,conflict
167,set,1102,field,False,False,False,False,conflict
167,set,1102,undoscope,False,False,False,False,conflict
167,set,1102,deny,False,False,False,False,denied
168,set,1103,snapshot,False,True,False,True,compensated
168,set,1103,mapped,False,True,False,True,compensated
168,set,1103,value,False,True,False,True,compensated
168,set,1103,object,False,False,False,False,conflict
168,set,1103,field,False,False,False,False,conflict
168,set,1103,undoscope,False,False,False,False,conflict
168,set,1103,deny,False,False,False,False,denied
169,set,1110,snapshot,False,True,False,True,compensated
169,set,1110,mapped,False,True,False,True,compensated
169,set,1110,value,False,True,False,True,compensated
169,set,1110,object,False,False,False,False,conflict
169,set,1110,field,False,False,False,False,conflict
169,set,1110,undoscope,False,False,False,False,conflict
169,set,1110,deny,False,False,False,False,denied
170,set,1111,snapshot,False,True,False,True,compensated
170,set,1111,mapped,False,True,False,True,compensated
170,set,1111,value,False,False,False,False,conflict
170,set,1111,object,False,False,False,False,conflict
170,set,1111,field,False,False,False,False,conflict
170,set,1111,undoscope,False,False,False,False,conflict
170,set,1111,deny,False,False,False,False,denied
171,set,1112,snapshot,False,True,False,True,compensated
171,set,1112,mapped,False,True,False,True,compensated
171,set,1112,value,False,False,False,False,conflict
171,set,1112,object,False,False,False,False,conflict
171,set,1112,field,False,False,False,False,conflict
171,set,1112,undoscope,False,False,False,False,conflict
171,set,1112,deny,False,False,False,False,denied
172,set,1113,snapshot,False,True,False,True,compensated
172,set,1113,mapped,False,True,False,True,compensated
172,set,1113,value,False,False,False,False,conflict
172,set,1113,object,False,False,False,False,conflict
172,set,1113,field,False,False,False,False,conflict
172,set,1113,undoscope,False,False,False,False,conflict
172,set,1113,deny,False,False,False,False,denied
173,set,1120,snapshot,False,True,False,True,compensated
173,set,1120,mapped,False,True,False,True,compensated
173,set,1120,value,False,True,False,True,compensated
173,set,1120,object,False,False,False,False,conflict
173,set,1120,field,False,False,False,False,conflict
173,set,1120,undoscope,False,False,False,False,conflict
173,set,1120,deny,False,False,False,False,denied
174,set,1121,snapshot,False,True,False,True,compensated
174,set,1121,mapped,False,True,False,True,compensated
174,set,1121,value,False,False,False,False,conflict
174,set,1121,object,False,False,False,False,conflict
174,set,1121,field,False,False,False,False,conflict
174,set,1121,undoscope,False,False,False,False,conflict
174,set,1121,deny,False,False,False,False,denied
175,set,1122,snapshot,False,True,False,True,compensated
175,set,1122,mapped,False,True,False,True,compensated
175,set,1122,value,False,False,False,False,conflict
175,set,1122,object,False,False,False,False,conflict
175,set,1122,field,False,False,False,False,conflict
175,set,1122,undoscope,False,False,False,False,conflict
175,set,1122,deny,False,False,False,False,denied
176,set,1123,snapshot,False,True,False,True,compensated
176,set,1123,mapped,False,True,False,True,compensated
176,set,1123,value,False,False,False,False,conflict
176,set,1123,object,False,False,False,False,conflict
176,set,1123,field,False,False,False,False,conflict
176,set,1123,undoscope,False,False,False,False,conflict
176,set,1123,deny,False,False,False,False,denied
177,set,1130,snapshot,False,True,False,True,compensated
177,set,1130,mapped,False,True,False,True,compensated
177,set,1130,value,False,True,False,True,compensated
177,set,1130,object,False,False,False,False,conflict
177,set,1130,field,False,False,False,False,conflict
177,set,1130,undoscope,False,False,False,False,conflict
177,set,1130,deny,False,False,False,False,denied
178,set,1131,snapshot,False,True,False,True,compensated
178,set,1131,mapped,False,True,False,True,compensated
178,set,1131,value,False,False,False,False,conflict
178,set,1131,object,False,False,False,False,conflict
178,set,1131,field,False,False,False,False,conflict
178,set,1131,undoscope,False,False,False,False,conflict
178,set,1131,deny,False,False,False,False,denied
179,set,1132,snapshot,False,True,False,True,compensated
179,set,1132,mapped,False,True,False,True,compensated
179,set,1132,value,False,False,False,False,conflict
179,set,1132,object,False,False,False,False,conflict
179,set,1132,field,False,False,False,False,conflict
179,set,1132,undoscope,False,False,False,False,conflict
179,set,1132,deny,False,False,False,False,denied
180,set,1133,snapshot,False,True,False,True,compensated
180,set,1133,mapped,False,True,False,True,compensated
180,set,1133,value,False,False,False,False,conflict
180,set,1133,object,False,False,False,False,conflict
180,set,1133,field,False,False,False,False,conflict
180,set,1133,undoscope,False,False,False,False,conflict
180,set,1133,deny,False,False,False,False,denied
181,set,1200,snapshot,False,True,False,True,compensated
181,set,1200,mapped,False,True,False,True,compensated
181,set,1200,value,False,True,False,True,compensated
181,set,1200,object,False,False,False,False,conflict
181,set,1200,field,False,False,False,False,conflict
181,set,1200,undoscope,False,False,False,False,conflict
181,set,1200,deny,False,False,False,False,denied
182,set,1201,snapshot,False,True,False,True,compensated
182,set,1201,mapped,False,True,False,True,compensated
182,set,1201,value,False,False,False,False,conflict
182,set,1201,object,False,False,False,False,conflict
182,set,1201,field,False,False,False,False,conflict
182,set,1201,undoscope,False,False,False,False,conflict
182,set,1201,deny,False,False,False,False,denied
183,set,1202,snapshot,False,True,False,True,compensated
183,set,1202,mapped,False,True,False,True,compensated
183,set,1202,value,False,False,False,False,conflict
183,set,1202,object,False,False,False,False,conflict
183,set,1202,field,False,False,False,False,conflict
183,set,1202,undoscope,False,False,False,False,conflict
183,set,1202,deny,False,False,False,False,denied
184,set,1203,snapshot,False,True,False,True,compensated
184,set,1203,mapped,False,True,False,True,compensated
184,set,1203,value,False,True,False,True,compensated
184,set,1203,object,False,False,False,False,conflict
184,set,1203,field,False,False,False,False,conflict
184,set,1203,undoscope,False,False,False,False,conflict
184,set,1203,deny,False,False,False,False,denied
185,set,1210,snapshot,False,True,False,True,compensated
185,set,1210,mapped,False,True,False,True,compensated
185,set,1210,value,False,True,False,True,compensated
185,set,1210,object,False,False,False,False,conflict
185,set,1210,field,False,False,False,False,conflict
185,set,1210,undoscope,False,False,False,False,conflict
185,set,1210,deny,False,False,False,False,denied
186,set,1211,snapshot,False,True,False,True,compensated
186,set,1211,mapped,False,True,False,True,compensated
186,set,1211,value,False,False,False,False,conflict
186,set,1211,object,False,False,False,False,conflict
186,set,1211,field,False,False,False,False,conflict
186,set,1211,undoscope,False,False,False,False,conflict
186,set,1211,deny,False,False,False,False,denied
187,set,1212,snapshot,False,True,False,True,compensated
187,set,1212,mapped,False,True,False,True,compensated
187,set,1212,value,False,False,False,False,conflict
187,set,1212,object,False,False,False,False,conflict
187,set,1212,field,False,False,False,False,conflict
187,set,1212,undoscope,False,False,False,False,conflict
187,set,1212,deny,False,False,False,False,denied
188,set,1213,snapshot,False,True,False,True,compensated
188,set,1213,mapped,False,True,False,True,compensated
188,set,1213,value,False,False,False,False,conflict
188,set,1213,object,False,False,False,False,conflict
188,set,1213,field,False,False,False,False,conflict
188,set,1213,undoscope,False,False,False,False,conflict
188,set,1213,deny,False,False,False,False,denied
189,set,1220,snapshot,False,True,False,True,compensated
189,set,1220,mapped,False,True,False,True,compensated
189,set,1220,value,False,True,False,True,compensated
189,set,1220,object,False,False,False,False,conflict
189,set,1220,field,False,False,False,False,conflict
189,set,1220,undoscope,False,False,False,False,conflict
189,set,1220,deny,False,False,False,False,denied
190,set,1221,snapshot,False,True,False,True,compensated
190,set,1221,mapped,False,True,False,True,compensated
190,set,1221,value,False,False,False,False,conflict
190,set,1221,object,False,False,False,False,conflict
190,set,1221,field,False,False,False,False,conflict
190,set,1221,undoscope,False,False,False,False,conflict
190,set,1221,deny,False,False,False,False,denied
191,set,1222,snapshot,False,True,False,True,compensated
191,set,1222,mapped,False,True,False,True,compensated
191,set,1222,value,False,False,False,False,conflict
191,set,1222,object,False,False,False,False,conflict
191,set,1222,field,False,False,False,False,conflict
191,set,1222,undoscope,False,False,False,False,conflict
191,set,1222,deny,False,False,False,False,denied
192,set,1223,snapshot,False,True,False,True,compensated
192,set,1223,mapped,False,True,False,True,compensated
192,set,1223,value,False,False,False,False,conflict
192,set,1223,object,False,False,False,False,conflict
192,set,1223,field,False,False,False,False,conflict
192,set,1223,undoscope,False,False,False,False,conflict
192,set,1223,deny,False,False,False,False,denied
193,set,1230,snapshot,False,True,False,True,compensated
193,set,1230,mapped,False,True,False,True,compensated
193,set,1230,value,False,True,False,True,compensated
193,set,1230,object,False,False,False,False,conflict
193,set,1230,field,False,False,False,False,conflict
193,set,1230,undoscope,False,False,False,False,conflict
193,set,1230,deny,False,False,False,False,denied
194,set,1231,snapshot,False,True,False,True,compensated
194,set,1231,mapped,False,True,False,True,compensated
194,set,1231,value,False,False,False,False,conflict
194,set,1231,object,False,False,False,False,conflict
194,set,1231,field,False,False,False,False,conflict
194,set,1231,undoscope,False,False,False,False,conflict
194,set,1231,deny,False,False,False,False,denied
195,set,1232,snapshot,False,True,False,True,compensated
195,set,1232,mapped,False,True,False,True,compensated
195,set,1232,value,False,False,False,False,conflict
195,set,1232,object,False,False,False,False,conflict
195,set,1232,field,False,False,False,False,conflict
195,set,1232,undoscope,False,False,False,False,conflict
195,set,1232,deny,False,False,False,False,denied
196,set,1233,snapshot,False,True,False,True,compensated
196,set,1233,mapped,False,True,False,True,compensated
196,set,1233,value,False,False,False,False,conflict
196,set,1233,object,False,False,False,False,conflict
196,set,1233,field,False,False,False,False,conflict
196,set,1233,undoscope,False,False,False,False,conflict
196,set,1233,deny,False,False,False,False,denied
197,set,1300,snapshot,False,True,False,True,compensated
197,set,1300,mapped,False,True,False,True,compensated
197,set,1300,value,False,True,False,True,compensated
197,set,1300,object,False,False,False,False,conflict
197,set,1300,field,False,False,False,False,conflict
197,set,1300,undoscope,False,False,False,False,conflict
197,set,1300,deny,False,False,False,False,denied
198,set,1301,snapshot,False,True,False,True,compensated
198,set,1301,mapped,False,True,False,True,compensated
198,set,1301,value,False,False,False,False,conflict
198,set,1301,object,False,False,False,False,conflict
198,set,1301,field,False,False,False,False,conflict
198,set,1301,undoscope,False,False,False,False,conflict
198,set,1301,deny,False,False,False,False,denied
199,set,1302,snapshot,False,True,False,True,compensated
199,set,1302,mapped,False,True,False,True,compensated
199,set,1302,value,False,False,False,False,conflict
199,set,1302,object,False,False,False,False,conflict
199,set,1302,field,False,False,False,False,conflict
199,set,1302,undoscope,False,False,False,False,conflict
199,set,1302,deny,False,False,False,False,denied
200,set,1303,snapshot,False,True,False,True,compensated
200,set,1303,mapped,False,True,False,True,compensated
200,set,1303,value,False,True,False,True,compensated
200,set,1303,object,False,False,False,False,conflict
200,set,1303,field,False,False,False,False,conflict
200,set,1303,undoscope,False,False,False,False,conflict
200,set,1303,deny,False,False,False,False,denied
201,set,1310,snapshot,False,True,False,True,compensated
201,set,1310,mapped,False,True,False,True,compensated
201,set,1310,value,False,True,False,True,compensated
201,set,1310,object,False,False,False,False,conflict
201,set,1310,field,False,False,False,False,conflict
201,set,1310,undoscope,False,False,False,False,conflict
201,set,1310,deny,False,False,False,False,denied
202,set,1311,snapshot,False,True,False,True,compensated
202,set,1311,mapped,False,True,False,True,compensated
202,set,1311,value,False,False,False,False,conflict
202,set,1311,object,False,False,False,False,conflict
202,set,1311,field,False,False,False,False,conflict
202,set,1311,undoscope,False,False,False,False,conflict
202,set,1311,deny,False,False,False,False,denied
203,set,1312,snapshot,False,True,False,True,compensated
203,set,1312,mapped,False,True,False,True,compensated
203,set,1312,value,False,False,False,False,conflict
203,set,1312,object,False,False,False,False,conflict
203,set,1312,field,False,False,False,False,conflict
203,set,1312,undoscope,False,False,False,False,conflict
203,set,1312,deny,False,False,False,False,denied
204,set,1313,snapshot,False,True,False,True,compensated
204,set,1313,mapped,False,True,False,True,compensated
204,set,1313,value,False,False,False,False,conflict
204,set,1313,object,False,False,False,False,conflict
204,set,1313,field,False,False,False,False,conflict
204,set,1313,undoscope,False,False,False,False,conflict
204,set,1313,deny,False,False,False,False,denied
205,set,1320,snapshot,False,True,False,True,compensated
205,set,1320,mapped,False,True,False,True,compensated
205,set,1320,value,False,True,False,True,compensated
205,set,1320,object,False,False,False,False,conflict
205,set,1320,field,False,False,False,False,conflict
205,set,1320,undoscope,False,False,False,False,conflict
205,set,1320,deny,False,False,False,False,denied
206,set,1321,snapshot,False,True,False,True,compensated
206,set,1321,mapped,False,True,False,True,compensated
206,set,1321,value,False,False,False,False,conflict
206,set,1321,object,False,False,False,False,conflict
206,set,1321,field,False,False,False,False,conflict
206,set,1321,undoscope,False,False,False,False,conflict
206,set,1321,deny,False,False,False,False,denied
207,set,1322,snapshot,False,True,False,True,compensated
207,set,1322,mapped,False,True,False,True,compensated
207,set,1322,value,False,False,False,False,conflict
207,set,1322,object,False,False,False,False,conflict
207,set,1322,field,False,False,False,False,conflict
207,set,1322,undoscope,False,False,False,False,conflict
207,set,1322,deny,False,False,False,False,denied
208,set,1323,snapshot,False,True,False,True,compensated
208,set,1323,mapped,False,True,False,True,compensated
208,set,1323,value,False,False,False,False,conflict
208,set,1323,object,False,False,False,False,conflict
208,set,1323,field,False,False,False,False,conflict
208,set,1323,undoscope,False,False,False,False,conflict
208,set,1323,deny,False,False,False,False,denied
209,set,1330,snapshot,False,True,False,True,compensated
209,set,1330,mapped,False,True,False,True,compensated
209,set,1330,value,False,True,False,True,compensated
209,set,1330,object,False,False,False,False,conflict
209,set,1330,field,False,False,False,False,conflict
209,set,1330,undoscope,False,False,False,False,conflict
209,set,1330,deny,False,False,False,False,denied
210,set,1331,snapshot,False,True,False,True,compensated
210,set,1331,mapped,False,True,False,True,compensated
210,set,1331,value,False,False,False,False,conflict
210,set,1331,object,False,False,False,False,conflict
210,set,1331,field,False,False,False,False,conflict
210,set,1331,undoscope,False,False,False,False,conflict
210,set,1331,deny,False,False,False,False,denied
211,set,1332,snapshot,False,True,False,True,compensated
211,set,1332,mapped,False,True,False,True,compensated
211,set,1332,value,False,False,False,False,conflict
211,set,1332,object,False,False,False,False,conflict
211,set,1332,field,False,False,False,False,conflict
211,set,1332,undoscope,False,False,False,False,conflict
211,set,1332,deny,False,False,False,False,denied
212,set,1333,snapshot,False,True,False,True,compensated
212,set,1333,mapped,False,True,False,True,compensated
212,set,1333,value,False,False,False,False,conflict
212,set,1333,object,False,False,False,False,conflict
212,set,1333,field,False,False,False,False,conflict
212,set,1333,undoscope,False,False,False,False,conflict
212,set,1333,deny,False,False,False,False,denied
213,set,2000,snapshot,False,True,False,True,compensated
213,set,2000,mapped,False,True,False,True,compensated
213,set,2000,value,False,True,False,True,compensated
213,set,2000,object,False,False,False,False,conflict
213,set,2000,field,False,False,False,False,conflict
213,set,2000,undoscope,False,False,False,False,conflict
213,set,2000,deny,False,False,False,False,denied
214,set,2001,snapshot,False,True,False,True,compensated
214,set,2001,mapped,False,True,False,True,compensated
214,set,2001,value,False,False,False,False,conflict
214,set,2001,object,False,False,False,False,conflict
214,set,2001,field,False,False,False,False,conflict
214,set,2001,undoscope,False,False,False,False,conflict
214,set,2001,deny,False,False,False,False,denied
215,set,2002,snapshot,False,True,False,True,compensated
215,set,2002,mapped,False,True,False,True,compensated
215,set,2002,value,False,False,False,False,conflict
215,set,2002,object,False,False,False,False,conflict
215,set,2002,field,False,False,False,False,conflict
215,set,2002,undoscope,False,False,False,False,conflict
215,set,2002,deny,False,False,False,False,denied
216,set,2003,snapshot,False,True,False,True,compensated
216,set,2003,mapped,False,True,False,True,compensated
216,set,2003,value,False,True,False,True,compensated
216,set,2003,object,False,False,False,False,conflict
216,set,2003,field,False,False,False,False,conflict
216,set,2003,undoscope,False,False,False,False,conflict
216,set,2003,deny,False,False,False,False,denied
217,set,2010,snapshot,False,True,False,True,compensated
217,set,2010,mapped,False,True,False,True,compensated
217,set,2010,value,False,True,False,True,compensated
217,set,2010,object,False,False,False,False,conflict
217,set,2010,field,False,False,False,False,conflict
217,set,2010,undoscope,False,False,False,False,conflict
217,set,2010,deny,False,False,False,False,denied
218,set,2011,snapshot,False,True,False,True,compensated
218,set,2011,mapped,False,True,False,True,compensated
218,set,2011,value,False,False,False,False,conflict
218,set,2011,object,False,False,False,False,conflict
218,set,2011,field,False,False,False,False,conflict
218,set,2011,undoscope,False,False,False,False,conflict
218,set,2011,deny,False,False,False,False,denied
219,set,2012,snapshot,False,True,False,True,compensated
219,set,2012,mapped,False,True,False,True,compensated
219,set,2012,value,False,False,False,False,conflict
219,set,2012,object,False,False,False,False,conflict
219,set,2012,field,False,False,False,False,conflict
219,set,2012,undoscope,False,False,False,False,conflict
219,set,2012,deny,False,False,False,False,denied
220,set,2013,snapshot,False,True,False,True,compensated
220,set,2013,mapped,False,True,False,True,compensated
220,set,2013,value,False,False,False,False,conflict
220,set,2013,object,False,False,False,False,conflict
220,set,2013,field,False,False,False,False,conflict
220,set,2013,undoscope,False,False,False,False,conflict
220,set,2013,deny,False,False,False,False,denied
221,set,2020,snapshot,False,True,False,True,compensated
221,set,2020,mapped,False,True,False,True,compensated
221,set,2020,value,False,True,False,True,compensated
221,set,2020,object,False,False,False,False,conflict
221,set,2020,field,False,False,False,False,conflict
221,set,2020,undoscope,False,False,False,False,conflict
221,set,2020,deny,False,False,False,False,denied
222,set,2021,snapshot,False,True,False,True,compensated
222,set,2021,mapped,False,True,False,True,compensated
222,set,2021,value,False,False,False,False,conflict
222,set,2021,object,False,False,False,False,conflict
222,set,2021,field,False,False,False,False,conflict
222,set,2021,undoscope,False,False,False,False,conflict
222,set,2021,deny,False,False,False,False,denied
223,set,2022,snapshot,False,True,False,True,compensated
223,set,2022,mapped,False,True,False,True,compensated
223,set,2022,value,False,False,False,False,conflict
223,set,2022,object,False,False,False,False,conflict
223,set,2022,field,False,False,False,False,conflict
223,set,2022,undoscope,False,False,False,False,conflict
223,set,2022,deny,False,False,False,False,denied
224,set,2023,snapshot,False,True,False,True,compensated
224,set,2023,mapped,False,True,False,True,compensated
224,set,2023,value,False,False,False,False,conflict
224,set,2023,object,False,False,False,False,conflict
224,set,2023,field,False,False,False,False,conflict
224,set,2023,undoscope,False,False,False,False,conflict
224,set,2023,deny,False,False,False,False,denied
225,set,2030,snapshot,False,True,False,True,compensated
225,set,2030,mapped,False,True,False,True,compensated
225,set,2030,value,False,True,False,True,compensated
225,set,2030,object,False,False,False,False,conflict
225,set,2030,field,False,False,False,False,conflict
225,set,2030,undoscope,False,False,False,False,conflict
225,set,2030,deny,False,False,False,False,denied
226,set,2031,snapshot,False,True,False,True,compensated
226,set,2031,mapped,False,True,False,True,compensated
226,set,2031,value,False,False,False,False,conflict
226,set,2031,object,False,False,False,False,conflict
226,set,2031,field,False,False,False,False,conflict
226,set,2031,undoscope,False,False,False,False,conflict
226,set,2031,deny,False,False,False,False,denied
227,set,2032,snapshot,False,True,False,True,compensated
227,set,2032,mapped,False,True,False,True,compensated
227,set,2032,value,False,False,False,False,conflict
227,set,2032,object,False,False,False,False,conflict
227,set,2032,field,False,False,False,False,conflict
227,set,2032,undoscope,False,False,False,False,conflict
227,set,2032,deny,False,False,False,False,denied
228,set,2033,snapshot,False,True,False,True,compensated
228,set,2033,mapped,False,True,False,True,compensated
228,set,2033,value,False,True,False,True,compensated
228,set,2033,object,False,False,False,False,conflict
228,set,2033,field,False,False,False,False,conflict
228,set,2033,undoscope,False,False,False,False,conflict
228,set,2033,deny,False,False,False,False,denied
229,set,2100,snapshot,False,True,False,True,compensated
229,set,2100,mapped,False,True,False,True,compensated
229,set,2100,value,False,True,False,True,compensated
229,set,2100,object,False,False,False,False,conflict
229,set,2100,field,False,False,False,False,conflict
229,set,2100,undoscope,False,False,False,False,conflict
229,set,2100,deny,False,False,False,False,denied
230,set,2101,snapshot,False,True,False,True,compensated
230,set,2101,mapped,False,True,False,True,compensated
230,set,2101,value,False,False,False,False,conflict
230,set,2101,object,False,False,False,False,conflict
230,set,2101,field,False,False,False,False,conflict
230,set,2101,undoscope,False,False,False,False,conflict
230,set,2101,deny,False,False,False,False,denied
231,set,2102,snapshot,False,True,False,True,compensated
231,set,2102,mapped,False,True,False,True,compensated
231,set,2102,value,False,False,False,False,conflict
231,set,2102,object,False,False,False,False,conflict
231,set,2102,field,False,False,False,False,conflict
231,set,2102,undoscope,False,False,False,False,conflict
231,set,2102,deny,False,False,False,False,denied
232,set,2103,snapshot,False,True,False,True,compensated
232,set,2103,mapped,False,True,False,True,compensated
232,set,2103,value,False,True,False,True,compensated
232,set,2103,object,False,False,False,False,conflict
232,set,2103,field,False,False,False,False,conflict
232,set,2103,undoscope,False,False,False,False,conflict
232,set,2103,deny,False,False,False,False,denied
233,set,2110,snapshot,False,True,False,True,compensated
233,set,2110,mapped,False,True,False,True,compensated
233,set,2110,value,False,True,False,True,compensated
233,set,2110,object,False,False,False,False,conflict
233,set,2110,field,False,False,False,False,conflict
233,set,2110,undoscope,False,False,False,False,conflict
233,set,2110,deny,False,False,False,False,denied
234,set,2111,snapshot,False,True,False,True,compensated
234,set,2111,mapped,False,True,False,True,compensated
234,set,2111,value,False,False,False,False,conflict
234,set,2111,object,False,False,False,False,conflict
234,set,2111,field,False,False,False,False,conflict
234,set,2111,undoscope,False,False,False,False,conflict
234,set,2111,deny,False,False,False,False,denied
235,set,2112,snapshot,False,True,False,True,compensated
235,set,2112,mapped,False,True,False,True,compensated
235,set,2112,value,False,False,False,False,conflict
235,set,2112,object,False,False,False,False,conflict
235,set,2112,field,False,False,False,False,conflict
235,set,2112,undoscope,False,False,False,False,conflict
235,set,2112,deny,False,False,False,False,denied
236,set,2113,snapshot,False,True,False,True,compensated
236,set,2113,mapped,False,True,False,True,compensated
236,set,2113,value,False,False,False,False,conflict
236,set,2113,object,False,False,False,False,conflict
236,set,2113,field,False,False,False,False,conflict
236,set,2113,undoscope,False,False,False,False,conflict
236,set,2113,deny,False,False,False,False,denied
237,set,2120,snapshot,False,True,False,True,compensated
237,set,2120,mapped,False,True,False,True,compensated
237,set,2120,value,False,True,False,True,compensated
237,set,2120,object,False,False,False,False,conflict
237,set,2120,field,False,False,False,False,conflict
237,set,2120,undoscope,False,False,False,False,conflict
237,set,2120,deny,False,False,False,False,denied
238,set,2121,snapshot,False,True,False,True,compensated
238,set,2121,mapped,False,True,False,True,compensated
238,set,2121,value,False,False,False,False,conflict
238,set,2121,object,False,False,False,False,conflict
238,set,2121,field,False,False,False,False,conflict
238,set,2121,undoscope,False,False,False,False,conflict
238,set,2121,deny,False,False,False,False,denied
239,set,2122,snapshot,False,True,False,True,compensated
239,set,2122,mapped,False,True,False,True,compensated
239,set,2122,value,False,False,False,False,conflict
239,set,2122,object,False,False,False,False,conflict
239,set,2122,field,False,False,False,False,conflict
239,set,2122,undoscope,False,False,False,False,conflict
239,set,2122,deny,False,False,False,False,denied
240,set,2123,snapshot,False,True,False,True,compensated
240,set,2123,mapped,False,True,False,True,compensated
240,set,2123,value,False,False,False,False,conflict
240,set,2123,object,False,False,False,False,conflict
240,set,2123,field,False,False,False,False,conflict
240,set,2123,undoscope,False,False,False,False,conflict
240,set,2123,deny,False,False,False,False,denied
241,set,2130,snapshot,False,True,False,True,compensated
241,set,2130,mapped,False,True,False,True,compensated
241,set,2130,value,False,True,False,True,compensated
241,set,2130,object,False,False,False,False,conflict
241,set,2130,field,False,False,False,False,conflict
241,set,2130,undoscope,False,False,False,False,conflict
241,set,2130,deny,False,False,False,False,denied
242,set,2131,snapshot,False,True,False,True,compensated
242,set,2131,mapped,False,True,False,True,compensated
242,set,2131,value,False,False,False,False,conflict
242,set,2131,object,False,False,False,False,conflict
242,set,2131,field,False,False,False,False,conflict
242,set,2131,undoscope,False,False,False,False,conflict
242,set,2131,deny,False,False,False,False,denied
243,set,2132,snapshot,False,True,False,True,compensated
243,set,2132,mapped,False,True,False,True,compensated
243,set,2132,value,False,False,False,False,conflict
243,set,2132,object,False,False,False,False,conflict
243,set,2132,field,False,False,False,False,conflict
243,set,2132,undoscope,False,False,False,False,conflict
243,set,2132,deny,False,False,False,False,denied
244,set,2133,snapshot,False,True,False,True,compensated
244,set,2133,mapped,False,True,False,True,compensated
244,set,2133,value,False,False,False,False,conflict
244,set,2133,object,False,False,False,False,conflict
244,set,2133,field,False,False,False,False,conflict
244,set,2133,undoscope,False,False,False,False,conflict
244,set,2133,deny,False,False,False,False,denied
245,set,2200,snapshot,False,True,False,True,compensated
245,set,2200,mapped,False,True,False,True,compensated
245,set,2200,value,False,True,False,True,compensated
245,set,2200,object,False,False,False,False,conflict
245,set,2200,field,False,False,False,False,conflict
245,set,2200,undoscope,False,False,False,False,conflict
245,set,2200,deny,False,False,False,False,denied
246,set,2201,snapshot,False,True,False,True,compensated
246,set,2201,mapped,False,True,False,True,compensated
246,set,2201,value,False,False,False,False,conflict
246,set,2201,object,False,False,False,False,conflict
246,set,2201,field,False,False,False,False,conflict
246,set,2201,undoscope,False,False,False,False,conflict
246,set,2201,deny,False,False,False,False,denied
247,set,2202,snapshot,False,True,False,True,compensated
247,set,2202,mapped,False,True,False,True,compensated
247,set,2202,value,False,False,False,False,conflict
247,set,2202,object,False,False,False,False,conflict
247,set,2202,field,False,False,False,False,conflict
247,set,2202,undoscope,False,False,False,False,conflict
247,set,2202,deny,False,False,False,False,denied
248,set,2203,snapshot,False,True,False,True,compensated
248,set,2203,mapped,False,True,False,True,compensated
248,set,2203,value,False,True,False,True,compensated
248,set,2203,object,False,False,False,False,conflict
248,set,2203,field,False,False,False,False,conflict
248,set,2203,undoscope,False,False,False,False,conflict
248,set,2203,deny,False,False,False,False,denied
249,set,2210,snapshot,False,True,False,True,compensated
249,set,2210,mapped,False,True,False,True,compensated
249,set,2210,value,False,True,False,True,compensated
249,set,2210,object,False,False,False,False,conflict
249,set,2210,field,False,False,False,False,conflict
249,set,2210,undoscope,False,False,False,False,conflict
249,set,2210,deny,False,False,False,False,denied
250,set,2211,snapshot,False,True,False,True,compensated
250,set,2211,mapped,False,True,False,True,compensated
250,set,2211,value,False,False,False,False,conflict
250,set,2211,object,False,False,False,False,conflict
250,set,2211,field,False,False,False,False,conflict
250,set,2211,undoscope,False,False,False,False,conflict
250,set,2211,deny,False,False,False,False,denied
251,set,2212,snapshot,False,True,False,True,compensated
251,set,2212,mapped,False,True,False,True,compensated
251,set,2212,value,False,False,False,False,conflict
251,set,2212,object,False,False,False,False,conflict
251,set,2212,field,False,False,False,False,conflict
251,set,2212,undoscope,False,False,False,False,conflict
251,set,2212,deny,False,False,False,False,denied
252,set,2213,snapshot,False,True,False,True,compensated
252,set,2213,mapped,False,True,False,True,compensated
252,set,2213,value,False,False,False,False,conflict
252,set,2213,object,False,False,False,False,conflict
252,set,2213,field,False,False,False,False,conflict
252,set,2213,undoscope,False,False,False,False,conflict
252,set,2213,deny,False,False,False,False,denied
253,set,2220,snapshot,False,True,False,True,compensated
253,set,2220,mapped,False,True,False,True,compensated
253,set,2220,value,False,True,False,True,compensated
253,set,2220,object,False,False,False,False,conflict
253,set,2220,field,False,False,False,False,conflict
253,set,2220,undoscope,False,False,False,False,conflict
253,set,2220,deny,False,False,False,False,denied
254,set,2221,snapshot,False,True,False,True,compensated
254,set,2221,mapped,False,True,False,True,compensated
254,set,2221,value,False,False,False,False,conflict
254,set,2221,object,False,False,False,False,conflict
254,set,2221,field,False,False,False,False,conflict
254,set,2221,undoscope,False,False,False,False,conflict
254,set,2221,deny,False,False,False,False,denied
255,set,2222,snapshot,False,True,False,True,compensated
255,set,2222,mapped,False,True,False,True,compensated
255,set,2222,value,False,False,False,False,conflict
255,set,2222,object,False,False,False,False,conflict
255,set,2222,field,False,False,False,False,conflict
255,set,2222,undoscope,False,False,False,False,conflict
255,set,2222,deny,False,False,False,False,denied
256,set,2223,snapshot,False,True,False,True,compensated
256,set,2223,mapped,False,True,False,True,compensated
256,set,2223,value,False,False,False,False,conflict
256,set,2223,object,False,False,False,False,conflict
256,set,2223,field,False,False,False,False,conflict
256,set,2223,undoscope,False,False,False,False,conflict
256,set,2223,deny,False,False,False,False,denied
257,set,2230,snapshot,False,True,False,True,compensated
257,set,2230,mapped,False,True,False,True,compensated
257,set,2230,value,False,True,False,True,compensated
257,set,2230,object,False,False,False,False,conflict
257,set,2230,field,False,False,False,False,conflict
257,set,2230,undoscope,False,False,False,False,conflict
257,set,2230,deny,False,False,False,False,denied
258,set,2231,snapshot,False,True,False,True,compensated
258,set,2231,mapped,False,True,False,True,compensated
258,set,2231,value,False,False,False,False,conflict
258,set,2231,object,False,False,False,False,conflict
258,set,2231,field,False,False,False,False,conflict
258,set,2231,undoscope,False,False,False,False,conflict
258,set,2231,deny,False,False,False,False,denied
259,set,2232,snapshot,False,True,False,True,compensated
259,set,2232,mapped,False,True,False,True,compensated
259,set,2232,value,False,False,False,False,conflict
259,set,2232,object,False,False,False,False,conflict
259,set,2232,field,False,False,False,False,conflict
259,set,2232,undoscope,False,False,False,False,conflict
259,set,2232,deny,False,False,False,False,denied
260,set,2233,snapshot,False,True,False,True,compensated
260,set,2233,mapped,False,True,False,True,compensated
260,set,2233,value,False,False,False,False,conflict
260,set,2233,object,False,False,False,False,conflict
260,set,2233,field,False,False,False,False,conflict
260,set,2233,undoscope,False,False,False,False,conflict
260,set,2233,deny,False,False,False,False,denied
261,set,2300,snapshot,False,True,False,True,compensated
261,set,2300,mapped,False,True,False,True,compensated
261,set,2300,value,False,True,False,True,compensated
261,set,2300,object,False,False,False,False,conflict
261,set,2300,field,False,False,False,False,conflict
261,set,2300,undoscope,False,False,False,False,conflict
261,set,2300,deny,False,False,False,False,denied
262,set,2301,snapshot,False,True,False,True,compensated
262,set,2301,mapped,False,True,False,True,compensated
262,set,2301,value,False,False,False,False,conflict
262,set,2301,object,False,False,False,False,conflict
262,set,2301,field,False,False,False,False,conflict
262,set,2301,undoscope,False,False,False,False,conflict
262,set,2301,deny,False,False,False,False,denied
263,set,2302,snapshot,False,True,False,True,compensated
263,set,2302,mapped,False,True,False,True,compensated
263,set,2302,value,False,False,False,False,conflict
263,set,2302,object,False,False,False,False,conflict
263,set,2302,field,False,False,False,False,conflict
263,set,2302,undoscope,False,False,False,False,conflict
263,set,2302,deny,False,False,False,False,denied
264,set,2303,snapshot,False,True,False,True,compensated
264,set,2303,mapped,False,True,False,True,compensated
264,set,2303,value,False,True,False,True,compensated
264,set,2303,object,False,False,False,False,conflict
264,set,2303,field,False,False,False,False,conflict
264,set,2303,undoscope,False,False,False,False,conflict
264,set,2303,deny,False,False,False,False,denied
265,set,2310,snapshot,False,True,False,True,compensated
265,set,2310,mapped,False,True,False,True,compensated
265,set,2310,value,False,True,False,True,compensated
265,set,2310,object,False,False,False,False,conflict
265,set,2310,field,False,False,False,False,conflict
265,set,2310,undoscope,False,False,False,False,conflict
265,set,2310,deny,False,False,False,False,denied
266,set,2311,snapshot,False,True,False,True,compensated
266,set,2311,mapped,False,True,False,True,compensated
266,set,2311,value,False,False,False,False,conflict
266,set,2311,object,False,False,False,False,conflict
266,set,2311,field,False,False,False,False,conflict
266,set,2311,undoscope,False,False,False,False,conflict
266,set,2311,deny,False,False,False,False,denied
267,set,2312,snapshot,False,True,False,True,compensated
267,set,2312,mapped,False,True,False,True,compensated
267,set,2312,value,False,False,False,False,conflict
267,set,2312,object,False,False,False,False,conflict
267,set,2312,field,False,False,False,False,conflict
267,set,2312,undoscope,False,False,False,False,conflict
267,set,2312,deny,False,False,False,False,denied
268,set,2313,snapshot,False,True,False,True,compensated
268,set,2313,mapped,False,True,False,True,compensated
268,set,2313,value,False,False,False,False,conflict
268,set,2313,object,False,False,False,False,conflict
268,set,2313,field,False,False,False,False,conflict
268,set,2313,undoscope,False,False,False,False,conflict
268,set,2313,deny,False,False,False,False,denied
269,set,2320,snapshot,False,True,False,True,compensated
269,set,2320,mapped,False,True,False,True,compensated
269,set,2320,value,False,True,False,True,compensated
269,set,2320,object,False,False,False,False,conflict
269,set,2320,field,False,False,False,False,conflict
269,set,2320,undoscope,False,False,False,False,conflict
269,set,2320,deny,False,False,False,False,denied
270,set,2321,snapshot,False,True,False,True,compensated
270,set,2321,mapped,False,True,False,True,compensated
270,set,2321,value,False,False,False,False,conflict
270,set,2321,object,False,False,False,False,conflict
270,set,2321,field,False,False,False,False,conflict
270,set,2321,undoscope,False,False,False,False,conflict
270,set,2321,deny,False,False,False,False,denied
271,set,2322,snapshot,False,True,False,True,compensated
271,set,2322,mapped,False,True,False,True,compensated
271,set,2322,value,False,False,False,False,conflict
271,set,2322,object,False,False,False,False,conflict
271,set,2322,field,False,False,False,False,conflict
271,set,2322,undoscope,False,False,False,False,conflict
271,set,2322,deny,False,False,False,False,denied
272,set,2323,snapshot,False,True,False,True,compensated
272,set,2323,mapped,False,True,False,True,compensated
272,set,2323,value,False,False,False,False,conflict
272,set,2323,object,False,False,False,False,conflict
272,set,2323,field,False,False,False,False,conflict
272,set,2323,undoscope,False,False,False,False,conflict
272,set,2323,deny,False,False,False,False,denied
273,set,2330,snapshot,False,True,False,True,compensated
273,set,2330,mapped,False,True,False,True,compensated
273,set,2330,value,False,True,False,True,compensated
273,set,2330,object,False,False,False,False,conflict
273,set,2330,field,False,False,False,False,conflict
273,set,2330,undoscope,False,False,False,False,conflict
273,set,2330,deny,False,False,False,False,denied
274,set,2331,snapshot,False,True,False,True,compensated
274,set,2331,mapped,False,True,False,True,compensated
274,set,2331,value,False,False,False,False,conflict
274,set,2331,object,False,False,False,False,conflict
274,set,2331,field,False,False,False,False,conflict
274,set,2331,undoscope,False,False,False,False,conflict
274,set,2331,deny,False,False,False,False,denied
275,set,2332,snapshot,False,True,False,True,compensated
275,set,2332,mapped,False,True,False,True,compensated
275,set,2332,value,False,False,False,False,conflict
275,set,2332,object,False,False,False,False,conflict
275,set,2332,field,False,False,False,False,conflict
275,set,2332,undoscope,False,False,False,False,conflict
275,set,2332,deny,False,False,False,False,denied
276,set,2333,snapshot,False,True,False,True,compensated
276,set,2333,mapped,False,True,False,True,compensated
276,set,2333,value,False,False,False,False,conflict
276,set,2333,object,False,False,False,False,conflict
276,set,2333,field,False,False,False,False,conflict
276,set,2333,undoscope,False,False,False,False,conflict
276,set,2333,deny,False,False,False,False,denied
277,set,3000,snapshot,False,True,False,True,compensated
277,set,3000,mapped,False,True,False,True,compensated
277,set,3000,value,False,True,False,True,compensated
277,set,3000,object,False,False,False,False,conflict
277,set,3000,field,False,False,False,False,conflict
277,set,3000,undoscope,False,False,False,False,conflict
277,set,3000,deny,False,False,False,False,denied
278,set,3001,snapshot,False,True,False,True,compensated
278,set,3001,mapped,False,True,False,True,compensated
278,set,3001,value,False,False,False,False,conflict
278,set,3001,object,False,False,False,False,conflict
278,set,3001,field,False,False,False,False,conflict
278,set,3001,undoscope,False,False,False,False,conflict
278,set,3001,deny,False,False,False,False,denied
279,set,3002,snapshot,False,True,False,True,compensated
279,set,3002,mapped,False,True,False,True,compensated
279,set,3002,value,False,False,False,False,conflict
279,set,3002,object,False,False,False,False,conflict
279,set,3002,field,False,False,False,False,conflict
279,set,3002,undoscope,False,False,False,False,conflict
279,set,3002,deny,False,False,False,False,denied
280,set,3003,snapshot,False,True,False,True,compensated
280,set,3003,mapped,False,True,False,True,compensated
280,set,3003,value,False,True,False,True,compensated
280,set,3003,object,False,False,False,False,conflict
280,set,3003,field,False,False,False,False,conflict
280,set,3003,undoscope,False,False,False,False,conflict
280,set,3003,deny,False,False,False,False,denied
281,set,3010,snapshot,False,True,False,True,compensated
281,set,3010,mapped,False,True,False,True,compensated
281,set,3010,value,False,True,False,True,compensated
281,set,3010,object,False,False,False,False,conflict
281,set,3010,field,False,False,False,False,conflict
281,set,3010,undoscope,False,False,False,False,conflict
281,set,3010,deny,False,False,False,False,denied
282,set,3011,snapshot,False,True,False,True,compensated
282,set,3011,mapped,False,True,False,True,compensated
282,set,3011,value,False,False,False,False,conflict
282,set,3011,object,False,False,False,False,conflict
282,set,3011,field,False,False,False,False,conflict
282,set,3011,undoscope,False,False,False,False,conflict
282,set,3011,deny,False,False,False,False,denied
283,set,3012,snapshot,False,True,False,True,compensated
283,set,3012,mapped,False,True,False,True,compensated
283,set,3012,value,False,False,False,False,conflict
283,set,3012,object,False,False,False,False,conflict
283,set,3012,field,False,False,False,False,conflict
283,set,3012,undoscope,False,False,False,False,conflict
283,set,3012,deny,False,False,False,False,denied
284,set,3013,snapshot,False,True,False,True,compensated
284,set,3013,mapped,False,True,False,True,compensated
284,set,3013,value,False,False,False,False,conflict
284,set,3013,object,False,False,False,False,conflict
284,set,3013,field,False,False,False,False,conflict
284,set,3013,undoscope,False,False,False,False,conflict
284,set,3013,deny,False,False,False,False,denied
285,set,3020,snapshot,False,True,False,True,compensated
285,set,3020,mapped,False,True,False,True,compensated
285,set,3020,value,False,True,False,True,compensated
285,set,3020,object,False,False,False,False,conflict
285,set,3020,field,False,False,False,False,conflict
285,set,3020,undoscope,False,False,False,False,conflict
285,set,3020,deny,False,False,False,False,denied
286,set,3021,snapshot,False,True,False,True,compensated
286,set,3021,mapped,False,True,False,True,compensated
286,set,3021,value,False,False,False,False,conflict
286,set,3021,object,False,False,False,False,conflict
286,set,3021,field,False,False,False,False,conflict
286,set,3021,undoscope,False,False,False,False,conflict
286,set,3021,deny,False,False,False,False,denied
287,set,3022,snapshot,False,True,False,True,compensated
287,set,3022,mapped,False,True,False,True,compensated
287,set,3022,value,False,False,False,False,conflict
287,set,3022,object,False,False,False,False,conflict
287,set,3022,field,False,False,False,False,conflict
287,set,3022,undoscope,False,False,False,False,conflict
287,set,3022,deny,False,False,False,False,denied
288,set,3023,snapshot,False,True,False,True,compensated
288,set,3023,mapped,False,True,False,True,compensated
288,set,3023,value,False,False,False,False,conflict
288,set,3023,object,False,False,False,False,conflict
288,set,3023,field,False,False,False,False,conflict
288,set,3023,undoscope,False,False,False,False,conflict
288,set,3023,deny,False,False,False,False,denied
289,set,3030,snapshot,False,True,False,True,compensated
289,set,3030,mapped,False,True,False,True,compensated
289,set,3030,value,False,True,False,True,compensated
289,set,3030,object,False,False,False,False,conflict
289,set,3030,field,False,False,False,False,conflict
289,set,3030,undoscope,False,False,False,False,conflict
289,set,3030,deny,False,False,False,False,denied
290,set,3031,snapshot,False,True,False,True,compensated
290,set,3031,mapped,False,True,False,True,compensated
290,set,3031,value,False,False,False,False,conflict
290,set,3031,object,False,False,False,False,conflict
290,set,3031,field,False,False,False,False,conflict
290,set,3031,undoscope,False,False,False,False,conflict
290,set,3031,deny,False,False,False,False,denied
291,set,3032,snapshot,False,True,False,True,compensated
291,set,3032,mapped,False,True,False,True,compensated
291,set,3032,value,False,False,False,False,conflict
291,set,3032,object,False,False,False,False,conflict
291,set,3032,field,False,False,False,False,conflict
291,set,3032,undoscope,False,False,False,False,conflict
291,set,3032,deny,False,False,False,False,denied
292,set,3033,snapshot,False,True,False,True,compensated
292,set,3033,mapped,False,True,False,True,compensated
292,set,3033,value,False,True,False,True,compensated
292,set,3033,object,False,False,False,False,conflict
292,set,3033,field,False,False,False,False,conflict
292,set,3033,undoscope,False,False,False,False,conflict
292,set,3033,deny,False,False,False,False,denied
293,set,3100,snapshot,False,True,False,True,compensated
293,set,3100,mapped,False,True,False,True,compensated
293,set,3100,value,False,True,False,True,compensated
293,set,3100,object,False,False,False,False,conflict
293,set,3100,field,False,False,False,False,conflict
293,set,3100,undoscope,False,False,False,False,conflict
293,set,3100,deny,False,False,False,False,denied
294,set,3101,snapshot,False,True,False,True,compensated
294,set,3101,mapped,False,True,False,True,compensated
294,set,3101,value,False,False,False,False,conflict
294,set,3101,object,False,False,False,False,conflict
294,set,3101,field,False,False,False,False,conflict
294,set,3101,undoscope,False,False,False,False,conflict
294,set,3101,deny,False,False,False,False,denied
295,set,3102,snapshot,False,True,False,True,compensated
295,set,3102,mapped,False,True,False,True,compensated
295,set,3102,value,False,False,False,False,conflict
295,set,3102,object,False,False,False,False,conflict
295,set,3102,field,False,False,False,False,conflict
295,set,3102,undoscope,False,False,False,False,conflict
295,set,3102,deny,False,False,False,False,denied
296,set,3103,snapshot,False,True,False,True,compensated
296,set,3103,mapped,False,True,False,True,compensated
296,set,3103,value,False,True,False,True,compensated
296,set,3103,object,False,False,False,False,conflict
296,set,3103,field,False,False,False,False,conflict
296,set,3103,undoscope,False,False,False,False,conflict
296,set,3103,deny,False,False,False,False,denied
297,set,3110,snapshot,False,True,False,True,compensated
297,set,3110,mapped,False,True,False,True,compensated
297,set,3110,value,False,True,False,True,compensated
297,set,3110,object,False,False,False,False,conflict
297,set,3110,field,False,False,False,False,conflict
297,set,3110,undoscope,False,False,False,False,conflict
297,set,3110,deny,False,False,False,False,denied
298,set,3111,snapshot,False,True,False,True,compensated
298,set,3111,mapped,False,True,False,True,compensated
298,set,3111,value,False,False,False,False,conflict
298,set,3111,object,False,False,False,False,conflict
298,set,3111,field,False,False,False,False,conflict
298,set,3111,undoscope,False,False,False,False,conflict
298,set,3111,deny,False,False,False,False,denied
299,set,3112,snapshot,False,True,False,True,compensated
299,set,3112,mapped,False,True,False,True,compensated
299,set,3112,value,False,False,False,False,conflict
299,set,3112,object,False,False,False,False,conflict
299,set,3112,field,False,False,False,False,conflict
299,set,3112,undoscope,False,False,False,False,conflict
299,set,3112,deny,False,False,False,False,denied
300,set,3113,snapshot,False,True,False,True,compensated
300,set,3113,mapped,False,True,False,True,compensated
300,set,3113,value,False,False,False,False,conflict
300,set,3113,object,False,False,False,False,conflict
300,set,3113,field,False,False,False,False,conflict
300,set,3113,undoscope,False,False,False,False,conflict
300,set,3113,deny,False,False,False,False,denied
301,set,3120,snapshot,False,True,False,True,compensated
301,set,3120,mapped,False,True,False,True,compensated
301,set,3120,value,False,True,False,True,compensated
301,set,3120,object,False,False,False,False,conflict
301,set,3120,field,False,False,False,False,conflict
301,set,3120,undoscope,False,False,False,False,conflict
301,set,3120,deny,False,False,False,False,denied
302,set,3121,snapshot,False,True,False,True,compensated
302,set,3121,mapped,False,True,False,True,compensated
302,set,3121,value,False,False,False,False,conflict
302,set,3121,object,False,False,False,False,conflict
302,set,3121,field,False,False,False,False,conflict
302,set,3121,undoscope,False,False,False,False,conflict
302,set,3121,deny,False,False,False,False,denied
303,set,3122,snapshot,False,True,False,True,compensated
303,set,3122,mapped,False,True,False,True,compensated
303,set,3122,value,False,False,False,False,conflict
303,set,3122,object,False,False,False,False,conflict
303,set,3122,field,False,False,False,False,conflict
303,set,3122,undoscope,False,False,False,False,conflict
303,set,3122,deny,False,False,False,False,denied
304,set,3123,snapshot,False,True,False,True,compensated
304,set,3123,mapped,False,True,False,True,compensated
304,set,3123,value,False,False,False,False,conflict
304,set,3123,object,False,False,False,False,conflict
304,set,3123,field,False,False,False,False,conflict
304,set,3123,undoscope,False,False,False,False,conflict
304,set,3123,deny,False,False,False,False,denied
305,set,3130,snapshot,False,True,False,True,compensated
305,set,3130,mapped,False,True,False,True,compensated
305,set,3130,value,False,True,False,True,compensated
305,set,3130,object,False,False,False,False,conflict
305,set,3130,field,False,False,False,False,conflict
305,set,3130,undoscope,False,False,False,False,conflict
305,set,3130,deny,False,False,False,False,denied
306,set,3131,snapshot,False,True,False,True,compensated
306,set,3131,mapped,False,True,False,True,compensated
306,set,3131,value,False,False,False,False,conflict
306,set,3131,object,False,False,False,False,conflict
306,set,3131,field,False,False,False,False,conflict
306,set,3131,undoscope,False,False,False,False,conflict
306,set,3131,deny,False,False,False,False,denied
307,set,3132,snapshot,False,True,False,True,compensated
307,set,3132,mapped,False,True,False,True,compensated
307,set,3132,value,False,False,False,False,conflict
307,set,3132,object,False,False,False,False,conflict
307,set,3132,field,False,False,False,False,conflict
307,set,3132,undoscope,False,False,False,False,conflict
307,set,3132,deny,False,False,False,False,denied
308,set,3133,snapshot,False,True,False,True,compensated
308,set,3133,mapped,False,True,False,True,compensated
308,set,3133,value,False,False,False,False,conflict
308,set,3133,object,False,False,False,False,conflict
308,set,3133,field,False,False,False,False,conflict
308,set,3133,undoscope,False,False,False,False,conflict
308,set,3133,deny,False,False,False,False,denied
309,set,3200,snapshot,False,True,False,True,compensated
309,set,3200,mapped,False,True,False,True,compensated
309,set,3200,value,False,True,False,True,compensated
309,set,3200,object,False,False,False,False,conflict
309,set,3200,field,False,False,False,False,conflict
309,set,3200,undoscope,False,False,False,False,conflict
309,set,3200,deny,False,False,False,False,denied
310,set,3201,snapshot,False,True,False,True,compensated
310,set,3201,mapped,False,True,False,True,compensated
310,set,3201,value,False,False,False,False,conflict
310,set,3201,object,False,False,False,False,conflict
310,set,3201,field,False,False,False,False,conflict
310,set,3201,undoscope,False,False,False,False,conflict
310,set,3201,deny,False,False,False,False,denied
311,set,3202,snapshot,False,True,False,True,compensated
311,set,3202,mapped,False,True,False,True,compensated
311,set,3202,value,False,False,False,False,conflict
311,set,3202,object,False,False,False,False,conflict
311,set,3202,field,False,False,False,False,conflict
311,set,3202,undoscope,False,False,False,False,conflict
311,set,3202,deny,False,False,False,False,denied
312,set,3203,snapshot,False,True,False,True,compensated
312,set,3203,mapped,False,True,False,True,compensated
312,set,3203,value,False,True,False,True,compensated
312,set,3203,object,False,False,False,False,conflict
312,set,3203,field,False,False,False,False,conflict
312,set,3203,undoscope,False,False,False,False,conflict
312,set,3203,deny,False,False,False,False,denied
313,set,3210,snapshot,False,True,False,True,compensated
313,set,3210,mapped,False,True,False,True,compensated
313,set,3210,value,False,True,False,True,compensated
313,set,3210,object,False,False,False,False,conflict
313,set,3210,field,False,False,False,False,conflict
313,set,3210,undoscope,False,False,False,False,conflict
313,set,3210,deny,False,False,False,False,denied
314,set,3211,snapshot,False,True,False,True,compensated
314,set,3211,mapped,False,True,False,True,compensated
314,set,3211,value,False,False,False,False,conflict
314,set,3211,object,False,False,False,False,conflict
314,set,3211,field,False,False,False,False,conflict
314,set,3211,undoscope,False,False,False,False,conflict
314,set,3211,deny,False,False,False,False,denied
315,set,3212,snapshot,False,True,False,True,compensated
315,set,3212,mapped,False,True,False,True,compensated
315,set,3212,value,False,False,False,False,conflict
315,set,3212,object,False,False,False,False,conflict
315,set,3212,field,False,False,False,False,conflict
315,set,3212,undoscope,False,False,False,False,conflict
315,set,3212,deny,False,False,False,False,denied
316,set,3213,snapshot,False,True,False,True,compensated
316,set,3213,mapped,False,True,False,True,compensated
316,set,3213,value,False,False,False,False,conflict
316,set,3213,object,False,False,False,False,conflict
316,set,3213,field,False,False,False,False,conflict
316,set,3213,undoscope,False,False,False,False,conflict
316,set,3213,deny,False,False,False,False,denied
317,set,3220,snapshot,False,True,False,True,compensated
317,set,3220,mapped,False,True,False,True,compensated
317,set,3220,value,False,True,False,True,compensated
317,set,3220,object,False,False,False,False,conflict
317,set,3220,field,False,False,False,False,conflict
317,set,3220,undoscope,False,False,False,False,conflict
317,set,3220,deny,False,False,False,False,denied
318,set,3221,snapshot,False,True,False,True,compensated
318,set,3221,mapped,False,True,False,True,compensated
318,set,3221,value,False,False,False,False,conflict
318,set,3221,object,False,False,False,False,conflict
318,set,3221,field,False,False,False,False,conflict
318,set,3221,undoscope,False,False,False,False,conflict
318,set,3221,deny,False,False,False,False,denied
319,set,3222,snapshot,False,True,False,True,compensated
319,set,3222,mapped,False,True,False,True,compensated
319,set,3222,value,False,False,False,False,conflict
319,set,3222,object,False,False,False,False,conflict
319,set,3222,field,False,False,False,False,conflict
319,set,3222,undoscope,False,False,False,False,conflict
319,set,3222,deny,False,False,False,False,denied
320,set,3223,snapshot,False,True,False,True,compensated
320,set,3223,mapped,False,True,False,True,compensated
320,set,3223,value,False,False,False,False,conflict
320,set,3223,object,False,False,False,False,conflict
320,set,3223,field,False,False,False,False,conflict
320,set,3223,undoscope,False,False,False,False,conflict
320,set,3223,deny,False,False,False,False,denied
321,set,3230,snapshot,False,True,False,True,compensated
321,set,3230,mapped,False,True,False,True,compensated
321,set,3230,value,False,True,False,True,compensated
321,set,3230,object,False,False,False,False,conflict
321,set,3230,field,False,False,False,False,conflict
321,set,3230,undoscope,False,False,False,False,conflict
321,set,3230,deny,False,False,False,False,denied
322,set,3231,snapshot,False,True,False,True,compensated
322,set,3231,mapped,False,True,False,True,compensated
322,set,3231,value,False,False,False,False,conflict
322,set,3231,object,False,False,False,False,conflict
322,set,3231,field,False,False,False,False,conflict
322,set,3231,undoscope,False,False,False,False,conflict
322,set,3231,deny,False,False,False,False,denied
323,set,3232,snapshot,False,True,False,True,compensated
323,set,3232,mapped,False,True,False,True,compensated
323,set,3232,value,False,False,False,False,conflict
323,set,3232,object,False,False,False,False,conflict
323,set,3232,field,False,False,False,False,conflict
323,set,3232,undoscope,False,False,False,False,conflict
323,set,3232,deny,False,False,False,False,denied
324,set,3233,snapshot,False,True,False,True,compensated
324,set,3233,mapped,False,True,False,True,compensated
324,set,3233,value,False,False,False,False,conflict
324,set,3233,object,False,False,False,False,conflict
324,set,3233,field,False,False,False,False,conflict
324,set,3233,undoscope,False,False,False,False,conflict
324,set,3233,deny,False,False,False,False,denied
325,set,3300,snapshot,False,True,False,True,compensated
325,set,3300,mapped,False,True,False,True,compensated
325,set,3300,value,False,True,False,True,compensated
325,set,3300,object,False,False,False,False,conflict
325,set,3300,field,False,False,False,False,conflict
325,set,3300,undoscope,False,False,False,False,conflict
325,set,3300,deny,False,False,False,False,denied
326,set,3301,snapshot,False,True,False,True,compensated
326,set,3301,mapped,False,True,False,True,compensated
326,set,3301,value,False,False,False,False,conflict
326,set,3301,object,False,False,False,False,conflict
326,set,3301,field,False,False,False,False,conflict
326,set,3301,undoscope,False,False,False,False,conflict
326,set,3301,deny,False,False,False,False,denied
327,set,3302,snapshot,False,True,False,True,compensated
327,set,3302,mapped,False,True,False,True,compensated
327,set,3302,value,False,False,False,False,conflict
327,set,3302,object,False,False,False,False,conflict
327,set,3302,field,False,False,False,False,conflict
327,set,3302,undoscope,False,False,False,False,conflict
327,set,3302,deny,False,False,False,False,denied
328,set,3303,snapshot,False,True,False,True,compensated
328,set,3303,mapped,False,True,False,True,compensated
328,set,3303,value,False,True,False,True,compensated
328,set,3303,object,False,False,False,False,conflict
328,set,3303,field,False,False,False,False,conflict
328,set,3303,undoscope,False,False,False,False,conflict
328,set,3303,deny,False,False,False,False,denied
329,set,3310,snapshot,False,True,False,True,compensated
329,set,3310,mapped,False,True,False,True,compensated
329,set,3310,value,False,True,False,True,compensated
329,set,3310,object,False,False,False,False,conflict
329,set,3310,field,False,False,False,False,conflict
329,set,3310,undoscope,False,False,False,False,conflict
329,set,3310,deny,False,False,False,False,denied
330,set,3311,snapshot,False,True,False,True,compensated
330,set,3311,mapped,False,True,False,True,compensated
330,set,3311,value,False,False,False,False,conflict
330,set,3311,object,False,False,False,False,conflict
330,set,3311,field,False,False,False,False,conflict
330,set,3311,undoscope,False,False,False,False,conflict
330,set,3311,deny,False,False,False,False,denied
331,set,3312,snapshot,False,True,False,True,compensated
331,set,3312,mapped,False,True,False,True,compensated
331,set,3312,value,False,False,False,False,conflict
331,set,3312,object,False,False,False,False,conflict
331,set,3312,field,False,False,False,False,conflict
331,set,3312,undoscope,False,False,False,False,conflict
331,set,3312,deny,False,False,False,False,denied
332,set,3313,snapshot,False,True,False,True,compensated
332,set,3313,mapped,False,True,False,True,compensated
332,set,3313,value,False,False,False,False,conflict
332,set,3313,object,False,False,False,False,conflict
332,set,3313,field,False,False,False,False,conflict
332,set,3313,undoscope,False,False,False,False,conflict
332,set,3313,deny,False,False,False,False,denied
333,set,3320,snapshot,False,True,False,True,compensated
333,set,3320,mapped,False,True,False,True,compensated
333,set,3320,value,False,True,False,True,compensated
333,set,3320,object,False,False,False,False,conflict
333,set,3320,field,False,False,False,False,conflict
333,set,3320,undoscope,False,False,False,False,conflict
333,set,3320,deny,False,False,False,False,denied
334,set,3321,snapshot,False,True,False,True,compensated
334,set,3321,mapped,False,True,False,True,compensated
334,set,3321,value,False,False,False,False,conflict
334,set,3321,object,False,False,False,False,conflict
334,set,3321,field,False,False,False,False,conflict
334,set,3321,undoscope,False,False,False,False,conflict
334,set,3321,deny,False,False,False,False,denied
335,set,3322,snapshot,False,True,False,True,compensated
335,set,3322,mapped,False,True,False,True,compensated
335,set,3322,value,False,False,False,False,conflict
335,set,3322,object,False,False,False,False,conflict
335,set,3322,field,False,False,False,False,conflict
335,set,3322,undoscope,False,False,False,False,conflict
335,set,3322,deny,False,False,False,False,denied
336,set,3323,snapshot,False,True,False,True,compensated
336,set,3323,mapped,False,True,False,True,compensated
336,set,3323,value,False,False,False,False,conflict
336,set,3323,object,False,False,False,False,conflict
336,set,3323,field,False,False,False,False,conflict
336,set,3323,undoscope,False,False,False,False,conflict
336,set,3323,deny,False,False,False,False,denied
337,set,3330,snapshot,False,True,False,True,compensated
337,set,3330,mapped,False,True,False,True,compensated
337,set,3330,value,False,True,False,True,compensated
337,set,3330,object,False,False,False,False,conflict
337,set,3330,field,False,False,False,False,conflict
337,set,3330,undoscope,False,False,False,False,conflict
337,set,3330,deny,False,False,False,False,denied
338,set,3331,snapshot,False,True,False,True,compensated
338,set,3331,mapped,False,True,False,True,compensated
338,set,3331,value,False,False,False,False,conflict
338,set,3331,object,False,False,False,False,conflict
338,set,3331,field,False,False,False,False,conflict
338,set,3331,undoscope,False,False,False,False,conflict
338,set,3331,deny,False,False,False,False,denied
339,set,3332,snapshot,False,True,False,True,compensated
339,set,3332,mapped,False,True,False,True,compensated
339,set,3332,value,False,False,False,False,conflict
339,set,3332,object,False,False,False,False,conflict
339,set,3332,field,False,False,False,False,conflict
339,set,3332,undoscope,False,False,False,False,conflict
339,set,3332,deny,False,False,False,False,denied
340,set,3333,snapshot,True,True,False,True,compensated
340,set,3333,mapped,True,False,True,True,compensated
340,set,3333,value,True,False,True,True,compensated
340,set,3333,object,True,False,False,False,conflict
340,set,3333,field,True,False,True,True,compensated
340,set,3333,undoscope,True,False,True,True,compensated
340,set,3333,deny,True,False,False,False,denied
341,add,,snapshot,True,False,True,True,compensated
341,add,,mapped,True,False,True,True,compensated
341,add,,value,True,False,True,True,compensated
341,add,,object,True,False,True,True,compensated
341,add,,field,True,False,True,True,compensated
341,add,,undoscope,True,False,True,True,compensated
341,add,,deny,True,False,False,False,denied
342,add,0,snapshot,True,True,False,True,compensated
342,add,0,mapped,True,False,True,True,compensated
342,add,0,value,True,False,False,False,conflict
342,add,0,object,True,False,False,False,conflict
342,add,0,field,True,False,False,False,conflict
342,add,0,undoscope,True,False,True,True,compensated
342,add,0,deny,True,False,False,False,denied
343,add,1,snapshot,True,True,False,True,compensated
343,add,1,mapped,True,False,True,True,compensated
343,add,1,value,True,False,False,False,conflict
343,add,1,object,True,False,False,False,conflict
343,add,1,field,True,False,False,False,conflict
343,add,1,undoscope,True,False,True,True,compensated
343,add,1,deny,True,False,False,False,denied
344,add,2,snapshot,True,True,False,True,compensated
344,add,2,mapped,True,False,True,True,compensated
344,add,2,value,True,False,True,True,compensated
344,add,2,object,True,False,False,False,conflict
344,add,2,field,True,False,True,True,compensated
344,add,2,undoscope,True,False,True,True,compensated
344,add,2,deny,True,False,False,False,denied
345,add,3,snapshot,True,True,False,True,compensated
345,add,3,mapped,True,False,True,True,compensated
345,add,3,value,True,False,True,True,compensated
345,add,3,object,True,False,False,False,conflict
345,add,3,field,True,False,True,True,compensated
345,add,3,undoscope,True,False,True,True,compensated
345,add,3,deny,True,False,False,False,denied
346,add,00,snapshot,True,True,False,True,compensated
346,add,00,mapped,True,False,True,True,compensated
346,add,00,value,True,False,False,False,conflict
346,add,00,object,True,False,False,False,conflict
346,add,00,field,True,False,False,False,conflict
346,add,00,undoscope,True,False,True,True,compensated
346,add,00,deny,True,False,False,False,denied
347,add,01,snapshot,True,True,False,True,compensated
347,add,01,mapped,True,False,True,True,compensated
347,add,01,value,True,False,False,False,conflict
347,add,01,object,True,False,False,False,conflict
347,add,01,field,True,False,False,False,conflict
347,add,01,undoscope,True,False,True,True,compensated
347,add,01,deny,True,False,False,False,denied
348,add,02,snapshot,True,True,False,True,compensated
348,add,02,mapped,True,False,True,True,compensated
348,add,02,value,True,False,False,False,conflict
348,add,02,object,True,False,False,False,conflict
348,add,02,field,True,False,False,False,conflict
348,add,02,undoscope,True,False,True,True,compensated
348,add,02,deny,True,False,False,False,denied
349,add,03,snapshot,True,True,False,True,compensated
349,add,03,mapped,True,False,True,True,compensated
349,add,03,value,True,False,False,False,conflict
349,add,03,object,True,False,False,False,conflict
349,add,03,field,True,False,False,False,conflict
349,add,03,undoscope,True,False,True,True,compensated
349,add,03,deny,True,False,False,False,denied
350,add,10,snapshot,True,True,False,True,compensated
350,add,10,mapped,True,False,True,True,compensated
350,add,10,value,True,False,False,False,conflict
350,add,10,object,True,False,False,False,conflict
350,add,10,field,True,False,False,False,conflict
350,add,10,undoscope,True,False,True,True,compensated
350,add,10,deny,True,False,False,False,denied
351,add,11,snapshot,True,True,False,True,compensated
351,add,11,mapped,True,False,True,True,compensated
351,add,11,value,True,False,False,False,conflict
351,add,11,object,True,False,False,False,conflict
351,add,11,field,True,False,False,False,conflict
351,add,11,undoscope,True,False,True,True,compensated
351,add,11,deny,True,False,False,False,denied
352,add,12,snapshot,True,True,False,True,compensated
352,add,12,mapped,True,False,True,True,compensated
352,add,12,value,True,False,False,False,conflict
352,add,12,object,True,False,False,False,conflict
352,add,12,field,True,False,False,False,conflict
352,add,12,undoscope,True,False,True,True,compensated
352,add,12,deny,True,False,False,False,denied
353,add,13,snapshot,True,True,False,True,compensated
353,add,13,mapped,True,False,True,True,compensated
353,add,13,value,True,False,False,False,conflict
353,add,13,object,True,False,False,False,conflict
353,add,13,field,True,False,False,False,conflict
353,add,13,undoscope,True,False,True,True,compensated
353,add,13,deny,True,False,False,False,denied
354,add,20,snapshot,True,True,False,True,compensated
354,add,20,mapped,True,False,True,True,compensated
354,add,20,value,True,False,False,False,conflict
354,add,20,object,True,False,False,False,conflict
354,add,20,field,True,False,False,False,conflict
354,add,20,undoscope,True,False,True,True,compensated
354,add,20,deny,True,False,False,False,denied
355,add,21,snapshot,True,True,False,True,compensated
355,add,21,mapped,True,False,True,True,compensated
355,add,21,value,True,False,False,False,conflict
355,add,21,object,True,False,False,False,conflict
355,add,21,field,True,False,False,False,conflict
355,add,21,undoscope,True,False,True,True,compensated
355,add,21,deny,True,False,False,False,denied
356,add,22,snapshot,True,True,False,True,compensated
356,add,22,mapped,True,False,True,True,compensated
356,add,22,value,True,False,True,True,compensated
356,add,22,object,True,False,False,False,conflict
356,add,22,field,True,False,True,True,compensated
356,add,22,undoscope,True,False,True,True,compensated
356,add,22,deny,True,False,False,False,denied
357,add,23,snapshot,True,True,False,True,compensated
357,add,23,mapped,True,False,True,True,compensated
357,add,23,value,True,False,True,True,compensated
357,add,23,object,True,False,False,False,conflict
357,add,23,field,True,False,True,True,compensated
357,add,23,undoscope,True,False,True,True,compensated
357,add,23,deny,True,False,False,False,denied
358,add,30,snapshot,True,True,False,True,compensated
358,add,30,mapped,True,False,True,True,compensated
358,add,30,value,True,False,False,False,conflict
358,add,30,object,True,False,False,False,conflict
358,add,30,field,True,False,False,False,conflict
358,add,30,undoscope,True,False,True,True,compensated
358,add,30,deny,True,False,False,False,denied
359,add,31,snapshot,True,True,False,True,compensated
359,add,31,mapped,True,False,True,True,compensated
359,add,31,value,True,False,False,False,conflict
359,add,31,object,True,False,False,False,conflict
359,add,31,field,True,False,False,False,conflict
359,add,31,undoscope,True,False,True,True,compensated
359,add,31,deny,True,False,False,False,denied
360,add,32,snapshot,True,True,False,True,compensated
360,add,32,mapped,True,False,True,True,compensated
360,add,32,value,True,False,True,True,compensated
360,add,32,object,True,False,False,False,conflict
360,add,32,field,True,False,True,True,compensated
360,add,32,undoscope,True,False,True,True,compensated
360,add,32,deny,True,False,False,False,denied
361,add,33,snapshot,True,True,False,True,compensated
361,add,33,mapped,True,False,True,True,compensated
361,add,33,value,True,False,True,True,compensated
361,add,33,object,True,False,False,False,conflict
361,add,33,field,True,False,True,True,compensated
361,add,33,undoscope,True,False,True,True,compensated
361,add,33,deny,True,False,False,False,denied
362,add,000,snapshot,True,True,False,True,compensated
362,add,000,mapped,True,False,True,True,compensated
362,add,000,value,True,False,False,False,conflict
362,add,000,object,True,False,False,False,conflict
362,add,000,field,True,False,False,False,conflict
362,add,000,undoscope,True,False,True,True,compensated
362,add,000,deny,True,False,False,False,denied
363,add,001,snapshot,True,True,False,True,compensated
363,add,001,mapped,True,False,True,True,compensated
363,add,001,value,True,False,True,True,compensated
363,add,001,object,True,False,False,False,conflict
363,add,001,field,True,False,False,False,conflict
363,add,001,undoscope,True,False,True,True,compensated
363,add,001,deny,True,False,False,False,denied
364,add,002,snapshot,True,True,False,True,compensated
364,add,002,mapped,True,False,True,True,compensated
364,add,002,value,True,False,False,False,conflict
364,add,002,object,True,False,False,False,conflict
364,add,002,field,True,False,False,False,conflict
364,add,002,undoscope,True,False,True,True,compensated
364,add,002,deny,True,False,False,False,denied
365,add,003,snapshot,True,True,False,True,compensated
365,add,003,mapped,True,False,True,True,compensated
365,add,003,value,True,False,False,False,conflict
365,add,003,object,True,False,False,False,conflict
365,add,003,field,True,False,False,False,conflict
365,add,003,undoscope,True,False,True,True,compensated
365,add,003,deny,True,False,False,False,denied
366,add,010,snapshot,True,True,False,True,compensated
366,add,010,mapped,True,False,True,True,compensated
366,add,010,value,True,False,True,True,compensated
366,add,010,object,True,False,False,False,conflict
366,add,010,field,True,False,False,False,conflict
366,add,010,undoscope,True,False,True,True,compensated
366,add,010,deny,True,False,False,False,denied
367,add,011,snapshot,True,True,False,True,compensated
367,add,011,mapped,True,False,True,True,compensated
367,add,011,value,True,False,False,False,conflict
367,add,011,object,True,False,False,False,conflict
367,add,011,field,True,False,False,False,conflict
367,add,011,undoscope,True,False,True,True,compensated
367,add,011,deny,True,False,False,False,denied
368,add,012,snapshot,True,True,False,True,compensated
368,add,012,mapped,True,False,True,True,compensated
368,add,012,value,True,False,False,False,conflict
368,add,012,object,True,False,False,False,conflict
368,add,012,field,True,False,False,False,conflict
368,add,012,undoscope,True,False,True,True,compensated
368,add,012,deny,True,False,False,False,denied
369,add,013,snapshot,True,True,False,True,compensated
369,add,013,mapped,True,False,True,True,compensated
369,add,013,value,True,False,False,False,conflict
369,add,013,object,True,False,False,False,conflict
369,add,013,field,True,False,False,False,conflict
369,add,013,undoscope,True,False,True,True,compensated
369,add,013,deny,True,False,False,False,denied
370,add,020,snapshot,True,True,False,True,compensated
370,add,020,mapped,True,False,True,True,compensated
370,add,020,value,True,False,False,False,conflict
370,add,020,object,True,False,False,False,conflict
370,add,020,field,True,False,False,False,conflict
370,add,020,undoscope,True,False,True,True,compensated
370,add,020,deny,True,False,False,False,denied
371,add,021,snapshot,True,True,False,True,compensated
371,add,021,mapped,True,False,True,True,compensated
371,add,021,value,True,False,False,False,conflict
371,add,021,object,True,False,False,False,conflict
371,add,021,field,True,False,False,False,conflict
371,add,021,undoscope,True,False,True,True,compensated
371,add,021,deny,True,False,False,False,denied
372,add,022,snapshot,True,True,False,True,compensated
372,add,022,mapped,True,False,True,True,compensated
372,add,022,value,True,False,False,False,conflict
372,add,022,object,True,False,False,False,conflict
372,add,022,field,True,False,False,False,conflict
372,add,022,undoscope,True,False,True,True,compensated
372,add,022,deny,True,False,False,False,denied
373,add,023,snapshot,True,True,False,True,compensated
373,add,023,mapped,True,False,True,True,compensated
373,add,023,value,True,False,False,False,conflict
373,add,023,object,True,False,False,False,conflict
373,add,023,field,True,False,False,False,conflict
373,add,023,undoscope,True,False,True,True,compensated
373,add,023,deny,True,False,False,False,denied
374,add,030,snapshot,True,True,False,True,compensated
374,add,030,mapped,True,False,True,True,compensated
374,add,030,value,True,False,False,False,conflict
374,add,030,object,True,False,False,False,conflict
374,add,030,field,True,False,False,False,conflict
374,add,030,undoscope,True,False,True,True,compensated
374,add,030,deny,True,False,False,False,denied
375,add,031,snapshot,True,True,False,True,compensated
375,add,031,mapped,True,False,True,True,compensated
375,add,031,value,True,False,False,False,conflict
375,add,031,object,True,False,False,False,conflict
375,add,031,field,True,False,False,False,conflict
375,add,031,undoscope,True,False,True,True,compensated
375,add,031,deny,True,False,False,False,denied
376,add,032,snapshot,True,True,False,True,compensated
376,add,032,mapped,True,False,True,True,compensated
376,add,032,value,True,False,False,False,conflict
376,add,032,object,True,False,False,False,conflict
376,add,032,field,True,False,False,False,conflict
376,add,032,undoscope,True,False,True,True,compensated
376,add,032,deny,True,False,False,False,denied
377,add,033,snapshot,True,True,False,True,compensated
377,add,033,mapped,True,False,True,True,compensated
377,add,033,value,True,False,False,False,conflict
377,add,033,object,True,False,False,False,conflict
377,add,033,field,True,False,False,False,conflict
377,add,033,undoscope,True,False,True,True,compensated
377,add,033,deny,True,False,False,False,denied
378,add,100,snapshot,True,True,False,True,compensated
378,add,100,mapped,True,False,True,True,compensated
378,add,100,value,True,False,True,True,compensated
378,add,100,object,True,False,False,False,conflict
378,add,100,field,True,False,False,False,conflict
378,add,100,undoscope,True,False,True,True,compensated
378,add,100,deny,True,False,False,False,denied
379,add,101,snapshot,True,True,False,True,compensated
379,add,101,mapped,True,False,True,True,compensated
379,add,101,value,True,False,False,False,conflict
379,add,101,object,True,False,False,False,conflict
379,add,101,field,True,False,False,False,conflict
379,add,101,undoscope,True,False,True,True,compensated
379,add,101,deny,True,False,False,False,denied
380,add,102,snapshot,True,True,False,True,compensated
380,add,102,mapped,True,False,True,True,compensated
380,add,102,value,True,False,False,False,conflict
380,add,102,object,True,False,False,False,conflict
380,add,102,field,True,False,False,False,conflict
380,add,102,undoscope,True,False,True,True,compensated
380,add,102,deny,True,False,False,False,denied
381,add,103,snapshot,True,True,False,True,compensated
381,add,103,mapped,True,False,True,True,compensated
381,add,103,value,True,False,False,False,conflict
381,add,103,object,True,False,False,False,conflict
381,add,103,field,True,False,False,False,conflict
381,add,103,undoscope,True,False,True,True,compensated
381,add,103,deny,True,False,False,False,denied
382,add,110,snapshot,True,True,False,True,compensated
382,add,110,mapped,True,False,True,True,compensated
382,add,110,value,True,False,False,False,conflict
382,add,110,object,True,False,False,False,conflict
382,add,110,field,True,False,False,False,conflict
382,add,110,undoscope,True,False,True,True,compensated
382,add,110,deny,True,False,False,False,denied
383,add,111,snapshot,False,True,False,True,compensated
383,add,111,mapped,False,False,False,False,invariant_conflict
383,add,111,value,False,False,False,False,conflict
383,add,111,object,False,False,False,False,conflict
383,add,111,field,False,False,False,False,conflict
383,add,111,undoscope,False,False,False,False,invariant_conflict
383,add,111,deny,False,False,False,False,denied
384,add,112,snapshot,True,True,False,True,compensated
384,add,112,mapped,True,False,True,True,compensated
384,add,112,value,True,False,False,False,conflict
384,add,112,object,True,False,False,False,conflict
384,add,112,field,True,False,False,False,conflict
384,add,112,undoscope,True,False,True,True,compensated
384,add,112,deny,True,False,False,False,denied
385,add,113,snapshot,True,True,False,True,compensated
385,add,113,mapped,True,False,True,True,compensated
385,add,113,value,True,False,False,False,conflict
385,add,113,object,True,False,False,False,conflict
385,add,113,field,True,False,False,False,conflict
385,add,113,undoscope,True,False,True,True,compensated
385,add,113,deny,True,False,False,False,denied
386,add,120,snapshot,True,True,False,True,compensated
386,add,120,mapped,True,False,True,True,compensated
386,add,120,value,True,False,False,False,conflict
386,add,120,object,True,False,False,False,conflict
386,add,120,field,True,False,False,False,conflict
386,add,120,undoscope,True,False,True,True,compensated
386,add,120,deny,True,False,False,False,denied
387,add,121,snapshot,True,True,False,True,compensated
387,add,121,mapped,True,False,True,True,compensated
387,add,121,value,True,False,False,False,conflict
387,add,121,object,True,False,False,False,conflict
387,add,121,field,True,False,False,False,conflict
387,add,121,undoscope,True,False,True,True,compensated
387,add,121,deny,True,False,False,False,denied
388,add,122,snapshot,True,True,False,True,compensated
388,add,122,mapped,True,False,True,True,compensated
388,add,122,value,True,False,False,False,conflict
388,add,122,object,True,False,False,False,conflict
388,add,122,field,True,False,False,False,conflict
388,add,122,undoscope,True,False,True,True,compensated
388,add,122,deny,True,False,False,False,denied
389,add,123,snapshot,True,True,False,True,compensated
389,add,123,mapped,True,False,True,True,compensated
389,add,123,value,True,False,False,False,conflict
389,add,123,object,True,False,False,False,conflict
389,add,123,field,True,False,False,False,conflict
389,add,123,undoscope,True,False,True,True,compensated
389,add,123,deny,True,False,False,False,denied
390,add,130,snapshot,True,True,False,True,compensated
390,add,130,mapped,True,False,True,True,compensated
390,add,130,value,True,False,False,False,conflict
390,add,130,object,True,False,False,False,conflict
390,add,130,field,True,False,False,False,conflict
390,add,130,undoscope,True,False,True,True,compensated
390,add,130,deny,True,False,False,False,denied
391,add,131,snapshot,True,True,False,True,compensated
391,add,131,mapped,True,False,True,True,compensated
391,add,131,value,True,False,False,False,conflict
391,add,131,object,True,False,False,False,conflict
391,add,131,field,True,False,False,False,conflict
391,add,131,undoscope,True,False,True,True,compensated
391,add,131,deny,True,False,False,False,denied
392,add,132,snapshot,True,True,False,True,compensated
392,add,132,mapped,True,False,True,True,compensated
392,add,132,value,True,False,False,False,conflict
392,add,132,object,True,False,False,False,conflict
392,add,132,field,True,False,False,False,conflict
392,add,132,undoscope,True,False,True,True,compensated
392,add,132,deny,True,False,False,False,denied
393,add,133,snapshot,True,True,False,True,compensated
393,add,133,mapped,True,False,True,True,compensated
393,add,133,value,True,False,False,False,conflict
393,add,133,object,True,False,False,False,conflict
393,add,133,field,True,False,False,False,conflict
393,add,133,undoscope,True,False,True,True,compensated
393,add,133,deny,True,False,False,False,denied
394,add,200,snapshot,True,True,False,True,compensated
394,add,200,mapped,True,False,True,True,compensated
394,add,200,value,True,False,False,False,conflict
394,add,200,object,True,False,False,False,conflict
394,add,200,field,True,False,False,False,conflict
394,add,200,undoscope,True,False,True,True,compensated
394,add,200,deny,True,False,False,False,denied
395,add,201,snapshot,True,True,False,True,compensated
395,add,201,mapped,True,False,True,True,compensated
395,add,201,value,True,False,False,False,conflict
395,add,201,object,True,False,False,False,conflict
395,add,201,field,True,False,False,False,conflict
395,add,201,undoscope,True,False,True,True,compensated
395,add,201,deny,True,False,False,False,denied
396,add,202,snapshot,True,True,False,True,compensated
396,add,202,mapped,True,False,True,True,compensated
396,add,202,value,True,False,False,False,conflict
396,add,202,object,True,False,False,False,conflict
396,add,202,field,True,False,False,False,conflict
396,add,202,undoscope,True,False,True,True,compensated
396,add,202,deny,True,False,False,False,denied
397,add,203,snapshot,True,True,False,True,compensated
397,add,203,mapped,True,False,True,True,compensated
397,add,203,value,True,False,False,False,conflict
397,add,203,object,True,False,False,False,conflict
397,add,203,field,True,False,False,False,conflict
397,add,203,undoscope,True,False,True,True,compensated
397,add,203,deny,True,False,False,False,denied
398,add,210,snapshot,True,True,False,True,compensated
398,add,210,mapped,True,False,True,True,compensated
398,add,210,value,True,False,False,False,conflict
398,add,210,object,True,False,False,False,conflict
398,add,210,field,True,False,False,False,conflict
398,add,210,undoscope,True,False,True,True,compensated
398,add,210,deny,True,False,False,False,denied
399,add,211,snapshot,True,True,False,True,compensated
399,add,211,mapped,True,False,True,True,compensated
399,add,211,value,True,False,False,False,conflict
399,add,211,object,True,False,False,False,conflict
399,add,211,field,True,False,False,False,conflict
399,add,211,undoscope,True,False,True,True,compensated
399,add,211,deny,True,False,False,False,denied
400,add,212,snapshot,True,True,False,True,compensated
400,add,212,mapped,True,False,True,True,compensated
400,add,212,value,True,False,False,False,conflict
400,add,212,object,True,False,False,False,conflict
400,add,212,field,True,False,False,False,conflict
400,add,212,undoscope,True,False,True,True,compensated
400,add,212,deny,True,False,False,False,denied
401,add,213,snapshot,True,True,False,True,compensated
401,add,213,mapped,True,False,True,True,compensated
401,add,213,value,True,False,False,False,conflict
401,add,213,object,True,False,False,False,conflict
401,add,213,field,True,False,False,False,conflict
401,add,213,undoscope,True,False,True,True,compensated
401,add,213,deny,True,False,False,False,denied
402,add,220,snapshot,True,True,False,True,compensated
402,add,220,mapped,True,False,True,True,compensated
402,add,220,value,True,False,False,False,conflict
402,add,220,object,True,False,False,False,conflict
402,add,220,field,True,False,False,False,conflict
402,add,220,undoscope,True,False,True,True,compensated
402,add,220,deny,True,False,False,False,denied
403,add,221,snapshot,True,True,False,True,compensated
403,add,221,mapped,True,False,True,True,compensated
403,add,221,value,True,False,False,False,conflict
403,add,221,object,True,False,False,False,conflict
403,add,221,field,True,False,False,False,conflict
403,add,221,undoscope,True,False,True,True,compensated
403,add,221,deny,True,False,False,False,denied
404,add,222,snapshot,True,True,False,True,compensated
404,add,222,mapped,True,False,True,True,compensated
404,add,222,value,True,False,True,True,compensated
404,add,222,object,True,False,False,False,conflict
404,add,222,field,True,False,True,True,compensated
404,add,222,undoscope,True,False,True,True,compensated
404,add,222,deny,True,False,False,False,denied
405,add,223,snapshot,True,True,False,True,compensated
405,add,223,mapped,True,False,True,True,compensated
405,add,223,value,True,False,True,True,compensated
405,add,223,object,True,False,False,False,conflict
405,add,223,field,True,False,True,True,compensated
405,add,223,undoscope,True,False,True,True,compensated
405,add,223,deny,True,False,False,False,denied
406,add,230,snapshot,True,True,False,True,compensated
406,add,230,mapped,True,False,True,True,compensated
406,add,230,value,True,False,False,False,conflict
406,add,230,object,True,False,False,False,conflict
406,add,230,field,True,False,False,False,conflict
406,add,230,undoscope,True,False,True,True,compensated
406,add,230,deny,True,False,False,False,denied
407,add,231,snapshot,True,True,False,True,compensated
407,add,231,mapped,True,False,True,True,compensated
407,add,231,value,True,False,False,False,conflict
407,add,231,object,True,False,False,False,conflict
407,add,231,field,True,False,False,False,conflict
407,add,231,undoscope,True,False,True,True,compensated
407,add,231,deny,True,False,False,False,denied
408,add,232,snapshot,True,True,False,True,compensated
408,add,232,mapped,True,False,True,True,compensated
408,add,232,value,True,False,True,True,compensated
408,add,232,object,True,False,False,False,conflict
408,add,232,field,True,False,True,True,compensated
408,add,232,undoscope,True,False,True,True,compensated
408,add,232,deny,True,False,False,False,denied
409,add,233,snapshot,True,True,False,True,compensated
409,add,233,mapped,True,False,True,True,compensated
409,add,233,value,True,False,True,True,compensated
409,add,233,object,True,False,False,False,conflict
409,add,233,field,True,False,True,True,compensated
409,add,233,undoscope,True,False,True,True,compensated
409,add,233,deny,True,False,False,False,denied
410,add,300,snapshot,True,True,False,True,compensated
410,add,300,mapped,True,False,True,True,compensated
410,add,300,value,True,False,False,False,conflict
410,add,300,object,True,False,False,False,conflict
410,add,300,field,True,False,False,False,conflict
410,add,300,undoscope,True,False,True,True,compensated
410,add,300,deny,True,False,False,False,denied
411,add,301,snapshot,True,True,False,True,compensated
411,add,301,mapped,True,False,True,True,compensated
411,add,301,value,True,False,False,False,conflict
411,add,301,object,True,False,False,False,conflict
411,add,301,field,True,False,False,False,conflict
411,add,301,undoscope,True,False,True,True,compensated
411,add,301,deny,True,False,False,False,denied
412,add,302,snapshot,True,True,False,True,compensated
412,add,302,mapped,True,False,True,True,compensated
412,add,302,value,True,False,False,False,conflict
412,add,302,object,True,False,False,False,conflict
412,add,302,field,True,False,False,False,conflict
412,add,302,undoscope,True,False,True,True,compensated
412,add,302,deny,True,False,False,False,denied
413,add,303,snapshot,True,True,False,True,compensated
413,add,303,mapped,True,False,True,True,compensated
413,add,303,value,True,False,False,False,conflict
413,add,303,object,True,False,False,False,conflict
413,add,303,field,True,False,False,False,conflict
413,add,303,undoscope,True,False,True,True,compensated
413,add,303,deny,True,False,False,False,denied
414,add,310,snapshot,True,True,False,True,compensated
414,add,310,mapped,True,False,True,True,compensated
414,add,310,value,True,False,False,False,conflict
414,add,310,object,True,False,False,False,conflict
414,add,310,field,True,False,False,False,conflict
414,add,310,undoscope,True,False,True,True,compensated
414,add,310,deny,True,False,False,False,denied
415,add,311,snapshot,True,True,False,True,compensated
415,add,311,mapped,True,False,True,True,compensated
415,add,311,value,True,False,False,False,conflict
415,add,311,object,True,False,False,False,conflict
415,add,311,field,True,False,False,False,conflict
415,add,311,undoscope,True,False,True,True,compensated
415,add,311,deny,True,False,False,False,denied
416,add,312,snapshot,True,True,False,True,compensated
416,add,312,mapped,True,False,True,True,compensated
416,add,312,value,True,False,False,False,conflict
416,add,312,object,True,False,False,False,conflict
416,add,312,field,True,False,False,False,conflict
416,add,312,undoscope,True,False,True,True,compensated
416,add,312,deny,True,False,False,False,denied
417,add,313,snapshot,True,True,False,True,compensated
417,add,313,mapped,True,False,True,True,compensated
417,add,313,value,True,False,False,False,conflict
417,add,313,object,True,False,False,False,conflict
417,add,313,field,True,False,False,False,conflict
417,add,313,undoscope,True,False,True,True,compensated
417,add,313,deny,True,False,False,False,denied
418,add,320,snapshot,True,True,False,True,compensated
418,add,320,mapped,True,False,True,True,compensated
418,add,320,value,True,False,False,False,conflict
418,add,320,object,True,False,False,False,conflict
418,add,320,field,True,False,False,False,conflict
418,add,320,undoscope,True,False,True,True,compensated
418,add,320,deny,True,False,False,False,denied
419,add,321,snapshot,True,True,False,True,compensated
419,add,321,mapped,True,False,True,True,compensated
419,add,321,value,True,False,False,False,conflict
419,add,321,object,True,False,False,False,conflict
419,add,321,field,True,False,False,False,conflict
419,add,321,undoscope,True,False,True,True,compensated
419,add,321,deny,True,False,False,False,denied
420,add,322,snapshot,True,True,False,True,compensated
420,add,322,mapped,True,False,True,True,compensated
420,add,322,value,True,False,True,True,compensated
420,add,322,object,True,False,False,False,conflict
420,add,322,field,True,False,True,True,compensated
420,add,322,undoscope,True,False,True,True,compensated
420,add,322,deny,True,False,False,False,denied
421,add,323,snapshot,True,True,False,True,compensated
421,add,323,mapped,True,False,True,True,compensated
421,add,323,value,True,False,True,True,compensated
421,add,323,object,True,False,False,False,conflict
421,add,323,field,True,False,True,True,compensated
421,add,323,undoscope,True,False,True,True,compensated
421,add,323,deny,True,False,False,False,denied
422,add,330,snapshot,True,True,False,True,compensated
422,add,330,mapped,True,False,True,True,compensated
422,add,330,value,True,False,False,False,conflict
422,add,330,object,True,False,False,False,conflict
422,add,330,field,True,False,False,False,conflict
422,add,330,undoscope,True,False,True,True,compensated
422,add,330,deny,True,False,False,False,denied
423,add,331,snapshot,True,True,False,True,compensated
423,add,331,mapped,True,False,True,True,compensated
423,add,331,value,True,False,False,False,conflict
423,add,331,object,True,False,False,False,conflict
423,add,331,field,True,False,False,False,conflict
423,add,331,undoscope,True,False,True,True,compensated
423,add,331,deny,True,False,False,False,denied
424,add,332,snapshot,True,True,False,True,compensated
424,add,332,mapped,True,False,True,True,compensated
424,add,332,value,True,False,True,True,compensated
424,add,332,object,True,False,False,False,conflict
424,add,332,field,True,False,True,True,compensated
424,add,332,undoscope,True,False,True,True,compensated
424,add,332,deny,True,False,False,False,denied
425,add,333,snapshot,True,True,False,True,compensated
425,add,333,mapped,True,False,True,True,compensated
425,add,333,value,True,False,True,True,compensated
425,add,333,object,True,False,False,False,conflict
425,add,333,field,True,False,True,True,compensated
425,add,333,undoscope,True,False,True,True,compensated
425,add,333,deny,True,False,False,False,denied
426,add,0000,snapshot,True,True,False,True,compensated
426,add,0000,mapped,True,False,True,True,compensated
426,add,0000,value,True,False,False,False,conflict
426,add,0000,object,True,False,False,False,conflict
426,add,0000,field,True,False,False,False,conflict
426,add,0000,undoscope,True,False,True,True,compensated
426,add,0000,deny,True,False,False,False,denied
427,add,0001,snapshot,True,True,False,True,compensated
427,add,0001,mapped,True,False,True,True,compensated
427,add,0001,value,True,False,False,False,conflict
427,add,0001,object,True,False,False,False,conflict
427,add,0001,field,True,False,False,False,conflict
427,add,0001,undoscope,True,False,True,True,compensated
427,add,0001,deny,True,False,False,False,denied
428,add,0002,snapshot,True,True,False,True,compensated
428,add,0002,mapped,True,False,True,True,compensated
428,add,0002,value,True,False,False,False,conflict
428,add,0002,object,True,False,False,False,conflict
428,add,0002,field,True,False,False,False,conflict
428,add,0002,undoscope,True,False,True,True,compensated
428,add,0002,deny,True,False,False,False,denied
429,add,0003,snapshot,True,True,False,True,compensated
429,add,0003,mapped,True,False,True,True,compensated
429,add,0003,value,True,False,False,False,conflict
429,add,0003,object,True,False,False,False,conflict
429,add,0003,field,True,False,False,False,conflict
429,add,0003,undoscope,True,False,True,True,compensated
429,add,0003,deny,True,False,False,False,denied
430,add,0010,snapshot,True,True,False,True,compensated
430,add,0010,mapped,True,False,True,True,compensated
430,add,0010,value,True,False,False,False,conflict
430,add,0010,object,True,False,False,False,conflict
430,add,0010,field,True,False,False,False,conflict
430,add,0010,undoscope,True,False,True,True,compensated
430,add,0010,deny,True,False,False,False,denied
431,add,0011,snapshot,True,True,False,True,compensated
431,add,0011,mapped,True,False,True,True,compensated
431,add,0011,value,True,False,False,False,conflict
431,add,0011,object,True,False,False,False,conflict
431,add,0011,field,True,False,False,False,conflict
431,add,0011,undoscope,True,False,True,True,compensated
431,add,0011,deny,True,False,False,False,denied
432,add,0012,snapshot,True,True,False,True,compensated
432,add,0012,mapped,True,False,True,True,compensated
432,add,0012,value,True,False,True,True,compensated
432,add,0012,object,True,False,False,False,conflict
432,add,0012,field,True,False,False,False,conflict
432,add,0012,undoscope,True,False,True,True,compensated
432,add,0012,deny,True,False,False,False,denied
433,add,0013,snapshot,True,True,False,True,compensated
433,add,0013,mapped,True,False,True,True,compensated
433,add,0013,value,True,False,True,True,compensated
433,add,0013,object,True,False,False,False,conflict
433,add,0013,field,True,False,False,False,conflict
433,add,0013,undoscope,True,False,True,True,compensated
433,add,0013,deny,True,False,False,False,denied
434,add,0020,snapshot,True,True,False,True,compensated
434,add,0020,mapped,True,False,True,True,compensated
434,add,0020,value,True,False,False,False,conflict
434,add,0020,object,True,False,False,False,conflict
434,add,0020,field,True,False,False,False,conflict
434,add,0020,undoscope,True,False,True,True,compensated
434,add,0020,deny,True,False,False,False,denied
435,add,0021,snapshot,True,True,False,True,compensated
435,add,0021,mapped,True,False,True,True,compensated
435,add,0021,value,True,False,True,True,compensated
435,add,0021,object,True,False,False,False,conflict
435,add,0021,field,True,False,False,False,conflict
435,add,0021,undoscope,True,False,True,True,compensated
435,add,0021,deny,True,False,False,False,denied
436,add,0022,snapshot,True,True,False,True,compensated
436,add,0022,mapped,True,False,True,True,compensated
436,add,0022,value,True,False,False,False,conflict
436,add,0022,object,True,False,False,False,conflict
436,add,0022,field,True,False,False,False,conflict
436,add,0022,undoscope,True,False,True,True,compensated
436,add,0022,deny,True,False,False,False,denied
437,add,0023,snapshot,True,True,False,True,compensated
437,add,0023,mapped,True,False,True,True,compensated
437,add,0023,value,True,False,False,False,conflict
437,add,0023,object,True,False,False,False,conflict
437,add,0023,field,True,False,False,False,conflict
437,add,0023,undoscope,True,False,True,True,compensated
437,add,0023,deny,True,False,False,False,denied
438,add,0030,snapshot,True,True,False,True,compensated
438,add,0030,mapped,True,False,True,True,compensated
438,add,0030,value,True,False,False,False,conflict
438,add,0030,object,True,False,False,False,conflict
438,add,0030,field,True,False,False,False,conflict
438,add,0030,undoscope,True,False,True,True,compensated
438,add,0030,deny,True,False,False,False,denied
439,add,0031,snapshot,True,True,False,True,compensated
439,add,0031,mapped,True,False,True,True,compensated
439,add,0031,value,True,False,True,True,compensated
439,add,0031,object,True,False,False,False,conflict
439,add,0031,field,True,False,False,False,conflict
439,add,0031,undoscope,True,False,True,True,compensated
439,add,0031,deny,True,False,False,False,denied
440,add,0032,snapshot,True,True,False,True,compensated
440,add,0032,mapped,True,False,True,True,compensated
440,add,0032,value,True,False,False,False,conflict
440,add,0032,object,True,False,False,False,conflict
440,add,0032,field,True,False,False,False,conflict
440,add,0032,undoscope,True,False,True,True,compensated
440,add,0032,deny,True,False,False,False,denied
441,add,0033,snapshot,True,True,False,True,compensated
441,add,0033,mapped,True,False,True,True,compensated
441,add,0033,value,True,False,False,False,conflict
441,add,0033,object,True,False,False,False,conflict
441,add,0033,field,True,False,False,False,conflict
441,add,0033,undoscope,True,False,True,True,compensated
441,add,0033,deny,True,False,False,False,denied
442,add,0100,snapshot,True,True,False,True,compensated
442,add,0100,mapped,True,False,True,True,compensated
442,add,0100,value,True,False,False,False,conflict
442,add,0100,object,True,False,False,False,conflict
442,add,0100,field,True,False,False,False,conflict
442,add,0100,undoscope,True,False,True,True,compensated
442,add,0100,deny,True,False,False,False,denied
443,add,0101,snapshot,True,True,False,True,compensated
443,add,0101,mapped,True,False,True,True,compensated
443,add,0101,value,True,False,False,False,conflict
443,add,0101,object,True,False,False,False,conflict
443,add,0101,field,True,False,False,False,conflict
443,add,0101,undoscope,True,False,True,True,compensated
443,add,0101,deny,True,False,False,False,denied
444,add,0102,snapshot,True,True,False,True,compensated
444,add,0102,mapped,True,False,True,True,compensated
444,add,0102,value,True,False,True,True,compensated
444,add,0102,object,True,False,False,False,conflict
444,add,0102,field,True,False,False,False,conflict
444,add,0102,undoscope,True,False,True,True,compensated
444,add,0102,deny,True,False,False,False,denied
445,add,0103,snapshot,True,True,False,True,compensated
445,add,0103,mapped,True,False,True,True,compensated
445,add,0103,value,True,False,True,True,compensated
445,add,0103,object,True,False,False,False,conflict
445,add,0103,field,True,False,False,False,conflict
445,add,0103,undoscope,True,False,True,True,compensated
445,add,0103,deny,True,False,False,False,denied
446,add,0110,snapshot,True,True,False,True,compensated
446,add,0110,mapped,True,False,True,True,compensated
446,add,0110,value,True,False,False,False,conflict
446,add,0110,object,True,False,False,False,conflict
446,add,0110,field,True,False,False,False,conflict
446,add,0110,undoscope,True,False,True,True,compensated
446,add,0110,deny,True,False,False,False,denied
447,add,0111,snapshot,True,True,False,True,compensated
447,add,0111,mapped,True,False,True,True,compensated
447,add,0111,value,True,False,False,False,conflict
447,add,0111,object,True,False,False,False,conflict
447,add,0111,field,True,False,False,False,conflict
447,add,0111,undoscope,True,False,True,True,compensated
447,add,0111,deny,True,False,False,False,denied
448,add,0112,snapshot,True,True,False,True,compensated
448,add,0112,mapped,True,False,True,True,compensated
448,add,0112,value,True,False,False,False,conflict
448,add,0112,object,True,False,False,False,conflict
448,add,0112,field,True,False,False,False,conflict
448,add,0112,undoscope,True,False,True,True,compensated
448,add,0112,deny,True,False,False,False,denied
449,add,0113,snapshot,True,True,False,True,compensated
449,add,0113,mapped,True,False,True,True,compensated
449,add,0113,value,True,False,False,False,conflict
449,add,0113,object,True,False,False,False,conflict
449,add,0113,field,True,False,False,False,conflict
449,add,0113,undoscope,True,False,True,True,compensated
449,add,0113,deny,True,False,False,False,denied
450,add,0120,snapshot,True,True,False,True,compensated
450,add,0120,mapped,True,False,True,True,compensated
450,add,0120,value,True,False,True,True,compensated
450,add,0120,object,True,False,False,False,conflict
450,add,0120,field,True,False,False,False,conflict
450,add,0120,undoscope,True,False,True,True,compensated
450,add,0120,deny,True,False,False,False,denied
451,add,0121,snapshot,True,True,False,True,compensated
451,add,0121,mapped,True,False,True,True,compensated
451,add,0121,value,True,False,False,False,conflict
451,add,0121,object,True,False,False,False,conflict
451,add,0121,field,True,False,False,False,conflict
451,add,0121,undoscope,True,False,True,True,compensated
451,add,0121,deny,True,False,False,False,denied
452,add,0122,snapshot,True,True,False,True,compensated
452,add,0122,mapped,True,False,True,True,compensated
452,add,0122,value,True,False,False,False,conflict
452,add,0122,object,True,False,False,False,conflict
452,add,0122,field,True,False,False,False,conflict
452,add,0122,undoscope,True,False,True,True,compensated
452,add,0122,deny,True,False,False,False,denied
453,add,0123,snapshot,True,True,False,True,compensated
453,add,0123,mapped,True,False,True,True,compensated
453,add,0123,value,True,False,False,False,conflict
453,add,0123,object,True,False,False,False,conflict
453,add,0123,field,True,False,False,False,conflict
453,add,0123,undoscope,True,False,True,True,compensated
453,add,0123,deny,True,False,False,False,denied
454,add,0130,snapshot,True,True,False,True,compensated
454,add,0130,mapped,True,False,True,True,compensated
454,add,0130,value,True,False,True,True,compensated
454,add,0130,object,True,False,False,False,conflict
454,add,0130,field,True,False,False,False,conflict
454,add,0130,undoscope,True,False,True,True,compensated
454,add,0130,deny,True,False,False,False,denied
455,add,0131,snapshot,True,True,False,True,compensated
455,add,0131,mapped,True,False,True,True,compensated
455,add,0131,value,True,False,False,False,conflict
455,add,0131,object,True,False,False,False,conflict
455,add,0131,field,True,False,False,False,conflict
455,add,0131,undoscope,True,False,True,True,compensated
455,add,0131,deny,True,False,False,False,denied
456,add,0132,snapshot,True,True,False,True,compensated
456,add,0132,mapped,True,False,True,True,compensated
456,add,0132,value,True,False,False,False,conflict
456,add,0132,object,True,False,False,False,conflict
456,add,0132,field,True,False,False,False,conflict
456,add,0132,undoscope,True,False,True,True,compensated
456,add,0132,deny,True,False,False,False,denied
457,add,0133,snapshot,True,True,False,True,compensated
457,add,0133,mapped,True,False,True,True,compensated
457,add,0133,value,True,False,False,False,conflict
457,add,0133,object,True,False,False,False,conflict
457,add,0133,field,True,False,False,False,conflict
457,add,0133,undoscope,True,False,True,True,compensated
457,add,0133,deny,True,False,False,False,denied
458,add,0200,snapshot,True,True,False,True,compensated
458,add,0200,mapped,True,False,True,True,compensated
458,add,0200,value,True,False,False,False,conflict
458,add,0200,object,True,False,False,False,conflict
458,add,0200,field,True,False,False,False,conflict
458,add,0200,undoscope,True,False,True,True,compensated
458,add,0200,deny,True,False,False,False,denied
459,add,0201,snapshot,True,True,False,True,compensated
459,add,0201,mapped,True,False,True,True,compensated
459,add,0201,value,True,False,True,True,compensated
459,add,0201,object,True,False,False,False,conflict
459,add,0201,field,True,False,False,False,conflict
459,add,0201,undoscope,True,False,True,True,compensated
459,add,0201,deny,True,False,False,False,denied
460,add,0202,snapshot,True,True,False,True,compensated
460,add,0202,mapped,True,False,True,True,compensated
460,add,0202,value,True,False,False,False,conflict
460,add,0202,object,True,False,False,False,conflict
460,add,0202,field,True,False,False,False,conflict
460,add,0202,undoscope,True,False,True,True,compensated
460,add,0202,deny,True,False,False,False,denied
461,add,0203,snapshot,True,True,False,True,compensated
461,add,0203,mapped,True,False,True,True,compensated
461,add,0203,value,True,False,False,False,conflict
461,add,0203,object,True,False,False,False,conflict
461,add,0203,field,True,False,False,False,conflict
461,add,0203,undoscope,True,False,True,True,compensated
461,add,0203,deny,True,False,False,False,denied
462,add,0210,snapshot,True,True,False,True,compensated
462,add,0210,mapped,True,False,True,True,compensated
462,add,0210,value,True,False,True,True,compensated
462,add,0210,object,True,False,False,False,conflict
462,add,0210,field,True,False,False,False,conflict
462,add,0210,undoscope,True,False,True,True,compensated
462,add,0210,deny,True,False,False,False,denied
463,add,0211,snapshot,True,True,False,True,compensated
463,add,0211,mapped,True,False,True,True,compensated
463,add,0211,value,True,False,False,False,conflict
463,add,0211,object,True,False,False,False,conflict
463,add,0211,field,True,False,False,False,conflict
463,add,0211,undoscope,True,False,True,True,compensated
463,add,0211,deny,True,False,False,False,denied
464,add,0212,snapshot,True,True,False,True,compensated
464,add,0212,mapped,True,False,True,True,compensated
464,add,0212,value,True,False,False,False,conflict
464,add,0212,object,True,False,False,False,conflict
464,add,0212,field,True,False,False,False,conflict
464,add,0212,undoscope,True,False,True,True,compensated
464,add,0212,deny,True,False,False,False,denied
465,add,0213,snapshot,True,True,False,True,compensated
465,add,0213,mapped,True,False,True,True,compensated
465,add,0213,value,True,False,False,False,conflict
465,add,0213,object,True,False,False,False,conflict
465,add,0213,field,True,False,False,False,conflict
465,add,0213,undoscope,True,False,True,True,compensated
465,add,0213,deny,True,False,False,False,denied
466,add,0220,snapshot,True,True,False,True,compensated
466,add,0220,mapped,True,False,True,True,compensated
466,add,0220,value,True,False,False,False,conflict
466,add,0220,object,True,False,False,False,conflict
466,add,0220,field,True,False,False,False,conflict
466,add,0220,undoscope,True,False,True,True,compensated
466,add,0220,deny,True,False,False,False,denied
467,add,0221,snapshot,True,True,False,True,compensated
467,add,0221,mapped,True,False,True,True,compensated
467,add,0221,value,True,False,False,False,conflict
467,add,0221,object,True,False,False,False,conflict
467,add,0221,field,True,False,False,False,conflict
467,add,0221,undoscope,True,False,True,True,compensated
467,add,0221,deny,True,False,False,False,denied
468,add,0222,snapshot,True,True,False,True,compensated
468,add,0222,mapped,True,False,True,True,compensated
468,add,0222,value,True,False,False,False,conflict
468,add,0222,object,True,False,False,False,conflict
468,add,0222,field,True,False,False,False,conflict
468,add,0222,undoscope,True,False,True,True,compensated
468,add,0222,deny,True,False,False,False,denied
469,add,0223,snapshot,True,True,False,True,compensated
469,add,0223,mapped,True,False,True,True,compensated
469,add,0223,value,True,False,False,False,conflict
469,add,0223,object,True,False,False,False,conflict
469,add,0223,field,True,False,False,False,conflict
469,add,0223,undoscope,True,False,True,True,compensated
469,add,0223,deny,True,False,False,False,denied
470,add,0230,snapshot,True,True,False,True,compensated
470,add,0230,mapped,True,False,True,True,compensated
470,add,0230,value,True,False,False,False,conflict
470,add,0230,object,True,False,False,False,conflict
470,add,0230,field,True,False,False,False,conflict
470,add,0230,undoscope,True,False,True,True,compensated
470,add,0230,deny,True,False,False,False,denied
471,add,0231,snapshot,True,True,False,True,compensated
471,add,0231,mapped,True,False,True,True,compensated
471,add,0231,value,True,False,False,False,conflict
471,add,0231,object,True,False,False,False,conflict
471,add,0231,field,True,False,False,False,conflict
471,add,0231,undoscope,True,False,True,True,compensated
471,add,0231,deny,True,False,False,False,denied
472,add,0232,snapshot,True,True,False,True,compensated
472,add,0232,mapped,True,False,True,True,compensated
472,add,0232,value,True,False,False,False,conflict
472,add,0232,object,True,False,False,False,conflict
472,add,0232,field,True,False,False,False,conflict
472,add,0232,undoscope,True,False,True,True,compensated
472,add,0232,deny,True,False,False,False,denied
473,add,0233,snapshot,True,True,False,True,compensated
473,add,0233,mapped,True,False,True,True,compensated
473,add,0233,value,True,False,False,False,conflict
473,add,0233,object,True,False,False,False,conflict
473,add,0233,field,True,False,False,False,conflict
473,add,0233,undoscope,True,False,True,True,compensated
473,add,0233,deny,True,False,False,False,denied
474,add,0300,snapshot,True,True,False,True,compensated
474,add,0300,mapped,True,False,True,True,compensated
474,add,0300,value,True,False,False,False,conflict
474,add,0300,object,True,False,False,False,conflict
474,add,0300,field,True,False,False,False,conflict
474,add,0300,undoscope,True,False,True,True,compensated
474,add,0300,deny,True,False,False,False,denied
475,add,0301,snapshot,True,True,False,True,compensated
475,add,0301,mapped,True,False,True,True,compensated
475,add,0301,value,True,False,True,True,compensated
475,add,0301,object,True,False,False,False,conflict
475,add,0301,field,True,False,False,False,conflict
475,add,0301,undoscope,True,False,True,True,compensated
475,add,0301,deny,True,False,False,False,denied
476,add,0302,snapshot,True,True,False,True,compensated
476,add,0302,mapped,True,False,True,True,compensated
476,add,0302,value,True,False,False,False,conflict
476,add,0302,object,True,False,False,False,conflict
476,add,0302,field,True,False,False,False,conflict
476,add,0302,undoscope,True,False,True,True,compensated
476,add,0302,deny,True,False,False,False,denied
477,add,0303,snapshot,True,True,False,True,compensated
477,add,0303,mapped,True,False,True,True,compensated
477,add,0303,value,True,False,False,False,conflict
477,add,0303,object,True,False,False,False,conflict
477,add,0303,field,True,False,False,False,conflict
477,add,0303,undoscope,True,False,True,True,compensated
477,add,0303,deny,True,False,False,False,denied
478,add,0310,snapshot,True,True,False,True,compensated
478,add,0310,mapped,True,False,True,True,compensated
478,add,0310,value,True,False,True,True,compensated
478,add,0310,object,True,False,False,False,conflict
478,add,0310,field,True,False,False,False,conflict
478,add,0310,undoscope,True,False,True,True,compensated
478,add,0310,deny,True,False,False,False,denied
479,add,0311,snapshot,True,True,False,True,compensated
479,add,0311,mapped,True,False,True,True,compensated
479,add,0311,value,True,False,False,False,conflict
479,add,0311,object,True,False,False,False,conflict
479,add,0311,field,True,False,False,False,conflict
479,add,0311,undoscope,True,False,True,True,compensated
479,add,0311,deny,True,False,False,False,denied
480,add,0312,snapshot,True,True,False,True,compensated
480,add,0312,mapped,True,False,True,True,compensated
480,add,0312,value,True,False,False,False,conflict
480,add,0312,object,True,False,False,False,conflict
480,add,0312,field,True,False,False,False,conflict
480,add,0312,undoscope,True,False,True,True,compensated
480,add,0312,deny,True,False,False,False,denied
481,add,0313,snapshot,True,True,False,True,compensated
481,add,0313,mapped,True,False,True,True,compensated
481,add,0313,value,True,False,False,False,conflict
481,add,0313,object,True,False,False,False,conflict
481,add,0313,field,True,False,False,False,conflict
481,add,0313,undoscope,True,False,True,True,compensated
481,add,0313,deny,True,False,False,False,denied
482,add,0320,snapshot,True,True,False,True,compensated
482,add,0320,mapped,True,False,True,True,compensated
482,add,0320,value,True,False,False,False,conflict
482,add,0320,object,True,False,False,False,conflict
482,add,0320,field,True,False,False,False,conflict
482,add,0320,undoscope,True,False,True,True,compensated
482,add,0320,deny,True,False,False,False,denied
483,add,0321,snapshot,True,True,False,True,compensated
483,add,0321,mapped,True,False,True,True,compensated
483,add,0321,value,True,False,False,False,conflict
483,add,0321,object,True,False,False,False,conflict
483,add,0321,field,True,False,False,False,conflict
483,add,0321,undoscope,True,False,True,True,compensated
483,add,0321,deny,True,False,False,False,denied
484,add,0322,snapshot,True,True,False,True,compensated
484,add,0322,mapped,True,False,True,True,compensated
484,add,0322,value,True,False,False,False,conflict
484,add,0322,object,True,False,False,False,conflict
484,add,0322,field,True,False,False,False,conflict
484,add,0322,undoscope,True,False,True,True,compensated
484,add,0322,deny,True,False,False,False,denied
485,add,0323,snapshot,True,True,False,True,compensated
485,add,0323,mapped,True,False,True,True,compensated
485,add,0323,value,True,False,False,False,conflict
485,add,0323,object,True,False,False,False,conflict
485,add,0323,field,True,False,False,False,conflict
485,add,0323,undoscope,True,False,True,True,compensated
485,add,0323,deny,True,False,False,False,denied
486,add,0330,snapshot,True,True,False,True,compensated
486,add,0330,mapped,True,False,True,True,compensated
486,add,0330,value,True,False,False,False,conflict
486,add,0330,object,True,False,False,False,conflict
486,add,0330,field,True,False,False,False,conflict
486,add,0330,undoscope,True,False,True,True,compensated
486,add,0330,deny,True,False,False,False,denied
487,add,0331,snapshot,True,True,False,True,compensated
487,add,0331,mapped,True,False,True,True,compensated
487,add,0331,value,True,False,False,False,conflict
487,add,0331,object,True,False,False,False,conflict
487,add,0331,field,True,False,False,False,conflict
487,add,0331,undoscope,True,False,True,True,compensated
487,add,0331,deny,True,False,False,False,denied
488,add,0332,snapshot,True,True,False,True,compensated
488,add,0332,mapped,True,False,True,True,compensated
488,add,0332,value,True,False,False,False,conflict
488,add,0332,object,True,False,False,False,conflict
488,add,0332,field,True,False,False,False,conflict
488,add,0332,undoscope,True,False,True,True,compensated
488,add,0332,deny,True,False,False,False,denied
489,add,0333,snapshot,True,True,False,True,compensated
489,add,0333,mapped,True,False,True,True,compensated
489,add,0333,value,True,False,False,False,conflict
489,add,0333,object,True,False,False,False,conflict
489,add,0333,field,True,False,False,False,conflict
489,add,0333,undoscope,True,False,True,True,compensated
489,add,0333,deny,True,False,False,False,denied
490,add,1000,snapshot,True,True,False,True,compensated
490,add,1000,mapped,True,False,True,True,compensated
490,add,1000,value,True,False,False,False,conflict
490,add,1000,object,True,False,False,False,conflict
490,add,1000,field,True,False,False,False,conflict
490,add,1000,undoscope,True,False,True,True,compensated
490,add,1000,deny,True,False,False,False,denied
491,add,1001,snapshot,True,True,False,True,compensated
491,add,1001,mapped,True,False,True,True,compensated
491,add,1001,value,True,False,False,False,conflict
491,add,1001,object,True,False,False,False,conflict
491,add,1001,field,True,False,False,False,conflict
491,add,1001,undoscope,True,False,True,True,compensated
491,add,1001,deny,True,False,False,False,denied
492,add,1002,snapshot,True,True,False,True,compensated
492,add,1002,mapped,True,False,True,True,compensated
492,add,1002,value,True,False,True,True,compensated
492,add,1002,object,True,False,False,False,conflict
492,add,1002,field,True,False,False,False,conflict
492,add,1002,undoscope,True,False,True,True,compensated
492,add,1002,deny,True,False,False,False,denied
493,add,1003,snapshot,True,True,False,True,compensated
493,add,1003,mapped,True,False,True,True,compensated
493,add,1003,value,True,False,True,True,compensated
493,add,1003,object,True,False,False,False,conflict
493,add,1003,field,True,False,False,False,conflict
493,add,1003,undoscope,True,False,True,True,compensated
493,add,1003,deny,True,False,False,False,denied
494,add,1010,snapshot,True,True,False,True,compensated
494,add,1010,mapped,True,False,True,True,compensated
494,add,1010,value,True,False,False,False,conflict
494,add,1010,object,True,False,False,False,conflict
494,add,1010,field,True,False,False,False,conflict
494,add,1010,undoscope,True,False,True,True,compensated
494,add,1010,deny,True,False,False,False,denied
495,add,1011,snapshot,True,True,False,True,compensated
495,add,1011,mapped,True,False,True,True,compensated
495,add,1011,value,True,False,False,False,conflict
495,add,1011,object,True,False,False,False,conflict
495,add,1011,field,True,False,False,False,conflict
495,add,1011,undoscope,True,False,True,True,compensated
495,add,1011,deny,True,False,False,False,denied
496,add,1012,snapshot,True,True,False,True,compensated
496,add,1012,mapped,True,False,True,True,compensated
496,add,1012,value,True,False,False,False,conflict
496,add,1012,object,True,False,False,False,conflict
496,add,1012,field,True,False,False,False,conflict
496,add,1012,undoscope,True,False,True,True,compensated
496,add,1012,deny,True,False,False,False,denied
497,add,1013,snapshot,True,True,False,True,compensated
497,add,1013,mapped,True,False,True,True,compensated
497,add,1013,value,True,False,False,False,conflict
497,add,1013,object,True,False,False,False,conflict
497,add,1013,field,True,False,False,False,conflict
497,add,1013,undoscope,True,False,True,True,compensated
497,add,1013,deny,True,False,False,False,denied
498,add,1020,snapshot,True,True,False,True,compensated
498,add,1020,mapped,True,False,True,True,compensated
498,add,1020,value,True,False,True,True,compensated
498,add,1020,object,True,False,False,False,conflict
498,add,1020,field,True,False,False,False,conflict
498,add,1020,undoscope,True,False,True,True,compensated
498,add,1020,deny,True,False,False,False,denied
499,add,1021,snapshot,True,True,False,True,compensated
499,add,1021,mapped,True,False,True,True,compensated
499,add,1021,value,True,False,False,False,conflict
499,add,1021,object,True,False,False,False,conflict
499,add,1021,field,True,False,False,False,conflict
499,add,1021,undoscope,True,False,True,True,compensated
499,add,1021,deny,True,False,False,False,denied
500,add,1022,snapshot,True,True,False,True,compensated
500,add,1022,mapped,True,False,True,True,compensated
500,add,1022,value,True,False,False,False,conflict
500,add,1022,object,True,False,False,False,conflict
500,add,1022,field,True,False,False,False,conflict
500,add,1022,undoscope,True,False,True,True,compensated
500,add,1022,deny,True,False,False,False,denied
501,add,1023,snapshot,True,True,False,True,compensated
501,add,1023,mapped,True,False,True,True,compensated
501,add,1023,value,True,False,False,False,conflict
501,add,1023,object,True,False,False,False,conflict
501,add,1023,field,True,False,False,False,conflict
501,add,1023,undoscope,True,False,True,True,compensated
501,add,1023,deny,True,False,False,False,denied
502,add,1030,snapshot,True,True,False,True,compensated
502,add,1030,mapped,True,False,True,True,compensated
502,add,1030,value,True,False,True,True,compensated
502,add,1030,object,True,False,False,False,conflict
502,add,1030,field,True,False,False,False,conflict
502,add,1030,undoscope,True,False,True,True,compensated
502,add,1030,deny,True,False,False,False,denied
503,add,1031,snapshot,True,True,False,True,compensated
503,add,1031,mapped,True,False,True,True,compensated
503,add,1031,value,True,False,False,False,conflict
503,add,1031,object,True,False,False,False,conflict
503,add,1031,field,True,False,False,False,conflict
503,add,1031,undoscope,True,False,True,True,compensated
503,add,1031,deny,True,False,False,False,denied
504,add,1032,snapshot,True,True,False,True,compensated
504,add,1032,mapped,True,False,True,True,compensated
504,add,1032,value,True,False,False,False,conflict
504,add,1032,object,True,False,False,False,conflict
504,add,1032,field,True,False,False,False,conflict
504,add,1032,undoscope,True,False,True,True,compensated
504,add,1032,deny,True,False,False,False,denied
505,add,1033,snapshot,True,True,False,True,compensated
505,add,1033,mapped,True,False,True,True,compensated
505,add,1033,value,True,False,False,False,conflict
505,add,1033,object,True,False,False,False,conflict
505,add,1033,field,True,False,False,False,conflict
505,add,1033,undoscope,True,False,True,True,compensated
505,add,1033,deny,True,False,False,False,denied
506,add,1100,snapshot,True,True,False,True,compensated
506,add,1100,mapped,True,False,True,True,compensated
506,add,1100,value,True,False,False,False,conflict
506,add,1100,object,True,False,False,False,conflict
506,add,1100,field,True,False,False,False,conflict
506,add,1100,undoscope,True,False,True,True,compensated
506,add,1100,deny,True,False,False,False,denied
507,add,1101,snapshot,True,True,False,True,compensated
507,add,1101,mapped,True,False,True,True,compensated
507,add,1101,value,True,False,False,False,conflict
507,add,1101,object,True,False,False,False,conflict
507,add,1101,field,True,False,False,False,conflict
507,add,1101,undoscope,True,False,True,True,compensated
507,add,1101,deny,True,False,False,False,denied
508,add,1102,snapshot,True,True,False,True,compensated
508,add,1102,mapped,True,False,True,True,compensated
508,add,1102,value,True,False,False,False,conflict
508,add,1102,object,True,False,False,False,conflict
508,add,1102,field,True,False,False,False,conflict
508,add,1102,undoscope,True,False,True,True,compensated
508,add,1102,deny,True,False,False,False,denied
509,add,1103,snapshot,True,True,False,True,compensated
509,add,1103,mapped,True,False,True,True,compensated
509,add,1103,value,True,False,False,False,conflict
509,add,1103,object,True,False,False,False,conflict
509,add,1103,field,True,False,False,False,conflict
509,add,1103,undoscope,True,False,True,True,compensated
509,add,1103,deny,True,False,False,False,denied
510,add,1110,snapshot,True,True,False,True,compensated
510,add,1110,mapped,True,False,True,True,compensated
510,add,1110,value,True,False,False,False,conflict
510,add,1110,object,True,False,False,False,conflict
510,add,1110,field,True,False,False,False,conflict
510,add,1110,undoscope,True,False,True,True,compensated
510,add,1110,deny,True,False,False,False,denied
511,add,1111,snapshot,False,True,False,True,compensated
511,add,1111,mapped,False,False,False,False,invariant_conflict
511,add,1111,value,False,False,False,False,conflict
511,add,1111,object,False,False,False,False,conflict
511,add,1111,field,False,False,False,False,conflict
511,add,1111,undoscope,False,False,False,False,invariant_conflict
511,add,1111,deny,False,False,False,False,denied
512,add,1112,snapshot,False,True,False,True,compensated
512,add,1112,mapped,False,False,False,False,invariant_conflict
512,add,1112,value,False,False,False,False,conflict
512,add,1112,object,False,False,False,False,conflict
512,add,1112,field,False,False,False,False,conflict
512,add,1112,undoscope,False,False,False,False,invariant_conflict
512,add,1112,deny,False,False,False,False,denied
513,add,1113,snapshot,False,True,False,True,compensated
513,add,1113,mapped,False,False,False,False,invariant_conflict
513,add,1113,value,False,False,False,False,conflict
513,add,1113,object,False,False,False,False,conflict
513,add,1113,field,False,False,False,False,conflict
513,add,1113,undoscope,False,False,False,False,invariant_conflict
513,add,1113,deny,False,False,False,False,denied
514,add,1120,snapshot,True,True,False,True,compensated
514,add,1120,mapped,True,False,True,True,compensated
514,add,1120,value,True,False,False,False,conflict
514,add,1120,object,True,False,False,False,conflict
514,add,1120,field,True,False,False,False,conflict
514,add,1120,undoscope,True,False,True,True,compensated
514,add,1120,deny,True,False,False,False,denied
515,add,1121,snapshot,False,True,False,True,compensated
515,add,1121,mapped,False,False,False,False,invariant_conflict
515,add,1121,value,False,False,False,False,conflict
515,add,1121,object,False,False,False,False,conflict
515,add,1121,field,False,False,False,False,conflict
515,add,1121,undoscope,False,False,False,False,invariant_conflict
515,add,1121,deny,False,False,False,False,denied
516,add,1122,snapshot,True,True,False,True,compensated
516,add,1122,mapped,True,False,True,True,compensated
516,add,1122,value,True,False,False,False,conflict
516,add,1122,object,True,False,False,False,conflict
516,add,1122,field,True,False,False,False,conflict
516,add,1122,undoscope,True,False,True,True,compensated
516,add,1122,deny,True,False,False,False,denied
517,add,1123,snapshot,True,True,False,True,compensated
517,add,1123,mapped,True,False,True,True,compensated
517,add,1123,value,True,False,False,False,conflict
517,add,1123,object,True,False,False,False,conflict
517,add,1123,field,True,False,False,False,conflict
517,add,1123,undoscope,True,False,True,True,compensated
517,add,1123,deny,True,False,False,False,denied
518,add,1130,snapshot,True,True,False,True,compensated
518,add,1130,mapped,True,False,True,True,compensated
518,add,1130,value,True,False,False,False,conflict
518,add,1130,object,True,False,False,False,conflict
518,add,1130,field,True,False,False,False,conflict
518,add,1130,undoscope,True,False,True,True,compensated
518,add,1130,deny,True,False,False,False,denied
519,add,1131,snapshot,False,True,False,True,compensated
519,add,1131,mapped,False,False,False,False,invariant_conflict
519,add,1131,value,False,False,False,False,conflict
519,add,1131,object,False,False,False,False,conflict
519,add,1131,field,False,False,False,False,conflict
519,add,1131,undoscope,False,False,False,False,invariant_conflict
519,add,1131,deny,False,False,False,False,denied
520,add,1132,snapshot,True,True,False,True,compensated
520,add,1132,mapped,True,False,True,True,compensated
520,add,1132,value,True,False,False,False,conflict
520,add,1132,object,True,False,False,False,conflict
520,add,1132,field,True,False,False,False,conflict
520,add,1132,undoscope,True,False,True,True,compensated
520,add,1132,deny,True,False,False,False,denied
521,add,1133,snapshot,True,True,False,True,compensated
521,add,1133,mapped,True,False,True,True,compensated
521,add,1133,value,True,False,False,False,conflict
521,add,1133,object,True,False,False,False,conflict
521,add,1133,field,True,False,False,False,conflict
521,add,1133,undoscope,True,False,True,True,compensated
521,add,1133,deny,True,False,False,False,denied
522,add,1200,snapshot,True,True,False,True,compensated
522,add,1200,mapped,True,False,True,True,compensated
522,add,1200,value,True,False,True,True,compensated
522,add,1200,object,True,False,False,False,conflict
522,add,1200,field,True,False,False,False,conflict
522,add,1200,undoscope,True,False,True,True,compensated
522,add,1200,deny,True,False,False,False,denied
523,add,1201,snapshot,True,True,False,True,compensated
523,add,1201,mapped,True,False,True,True,compensated
523,add,1201,value,True,False,False,False,conflict
523,add,1201,object,True,False,False,False,conflict
523,add,1201,field,True,False,False,False,conflict
523,add,1201,undoscope,True,False,True,True,compensated
523,add,1201,deny,True,False,False,False,denied
524,add,1202,snapshot,True,True,False,True,compensated
524,add,1202,mapped,True,False,True,True,compensated
524,add,1202,value,True,False,False,False,conflict
524,add,1202,object,True,False,False,False,conflict
524,add,1202,field,True,False,False,False,conflict
524,add,1202,undoscope,True,False,True,True,compensated
524,add,1202,deny,True,False,False,False,denied
525,add,1203,snapshot,True,True,False,True,compensated
525,add,1203,mapped,True,False,True,True,compensated
525,add,1203,value,True,False,False,False,conflict
525,add,1203,object,True,False,False,False,conflict
525,add,1203,field,True,False,False,False,conflict
525,add,1203,undoscope,True,False,True,True,compensated
525,add,1203,deny,True,False,False,False,denied
526,add,1210,snapshot,True,True,False,True,compensated
526,add,1210,mapped,True,False,True,True,compensated
526,add,1210,value,True,False,False,False,conflict
526,add,1210,object,True,False,False,False,conflict
526,add,1210,field,True,False,False,False,conflict
526,add,1210,undoscope,True,False,True,True,compensated
526,add,1210,deny,True,False,False,False,denied
527,add,1211,snapshot,False,True,False,True,compensated
527,add,1211,mapped,False,False,False,False,invariant_conflict
527,add,1211,value,False,False,False,False,conflict
527,add,1211,object,False,False,False,False,conflict
527,add,1211,field,False,False,False,False,conflict
527,add,1211,undoscope,False,False,False,False,invariant_conflict
527,add,1211,deny,False,False,False,False,denied
528,add,1212,snapshot,True,True,False,True,compensated
528,add,1212,mapped,True,False,True,True,compensated
528,add,1212,value,True,False,False,False,conflict
528,add,1212,object,True,False,False,False,conflict
528,add,1212,field,True,False,False,False,conflict
528,add,1212,undoscope,True,False,True,True,compensated
528,add,1212,deny,True,False,False,False,denied
529,add,1213,snapshot,True,True,False,True,compensated
529,add,1213,mapped,True,False,True,True,compensated
529,add,1213,value,True,False,False,False,conflict
529,add,1213,object,True,False,False,False,conflict
529,add,1213,field,True,False,False,False,conflict
529,add,1213,undoscope,True,False,True,True,compensated
529,add,1213,deny,True,False,False,False,denied
530,add,1220,snapshot,True,True,False,True,compensated
530,add,1220,mapped,True,False,True,True,compensated
530,add,1220,value,True,False,False,False,conflict
530,add,1220,object,True,False,False,False,conflict
530,add,1220,field,True,False,False,False,conflict
530,add,1220,undoscope,True,False,True,True,compensated
530,add,1220,deny,True,False,False,False,denied
531,add,1221,snapshot,True,True,False,True,compensated
531,add,1221,mapped,True,False,True,True,compensated
531,add,1221,value,True,False,False,False,conflict
531,add,1221,object,True,False,False,False,conflict
531,add,1221,field,True,False,False,False,conflict
531,add,1221,undoscope,True,False,True,True,compensated
531,add,1221,deny,True,False,False,False,denied
532,add,1222,snapshot,True,True,False,True,compensated
532,add,1222,mapped,True,False,True,True,compensated
532,add,1222,value,True,False,False,False,conflict
532,add,1222,object,True,False,False,False,conflict
532,add,1222,field,True,False,False,False,conflict
532,add,1222,undoscope,True,False,True,True,compensated
532,add,1222,deny,True,False,False,False,denied
533,add,1223,snapshot,True,True,False,True,compensated
533,add,1223,mapped,True,False,True,True,compensated
533,add,1223,value,True,False,False,False,conflict
533,add,1223,object,True,False,False,False,conflict
533,add,1223,field,True,False,False,False,conflict
533,add,1223,undoscope,True,False,True,True,compensated
533,add,1223,deny,True,False,False,False,denied
534,add,1230,snapshot,True,True,False,True,compensated
534,add,1230,mapped,True,False,True,True,compensated
534,add,1230,value,True,False,False,False,conflict
534,add,1230,object,True,False,False,False,conflict
534,add,1230,field,True,False,False,False,conflict
534,add,1230,undoscope,True,False,True,True,compensated
534,add,1230,deny,True,False,False,False,denied
535,add,1231,snapshot,True,True,False,True,compensated
535,add,1231,mapped,True,False,True,True,compensated
535,add,1231,value,True,False,False,False,conflict
535,add,1231,object,True,False,False,False,conflict
535,add,1231,field,True,False,False,False,conflict
535,add,1231,undoscope,True,False,True,True,compensated
535,add,1231,deny,True,False,False,False,denied
536,add,1232,snapshot,True,True,False,True,compensated
536,add,1232,mapped,True,False,True,True,compensated
536,add,1232,value,True,False,False,False,conflict
536,add,1232,object,True,False,False,False,conflict
536,add,1232,field,True,False,False,False,conflict
536,add,1232,undoscope,True,False,True,True,compensated
536,add,1232,deny,True,False,False,False,denied
537,add,1233,snapshot,True,True,False,True,compensated
537,add,1233,mapped,True,False,True,True,compensated
537,add,1233,value,True,False,False,False,conflict
537,add,1233,object,True,False,False,False,conflict
537,add,1233,field,True,False,False,False,conflict
537,add,1233,undoscope,True,False,True,True,compensated
537,add,1233,deny,True,False,False,False,denied
538,add,1300,snapshot,True,True,False,True,compensated
538,add,1300,mapped,True,False,True,True,compensated
538,add,1300,value,True,False,True,True,compensated
538,add,1300,object,True,False,False,False,conflict
538,add,1300,field,True,False,False,False,conflict
538,add,1300,undoscope,True,False,True,True,compensated
538,add,1300,deny,True,False,False,False,denied
539,add,1301,snapshot,True,True,False,True,compensated
539,add,1301,mapped,True,False,True,True,compensated
539,add,1301,value,True,False,False,False,conflict
539,add,1301,object,True,False,False,False,conflict
539,add,1301,field,True,False,False,False,conflict
539,add,1301,undoscope,True,False,True,True,compensated
539,add,1301,deny,True,False,False,False,denied
540,add,1302,snapshot,True,True,False,True,compensated
540,add,1302,mapped,True,False,True,True,compensated
540,add,1302,value,True,False,False,False,conflict
540,add,1302,object,True,False,False,False,conflict
540,add,1302,field,True,False,False,False,conflict
540,add,1302,undoscope,True,False,True,True,compensated
540,add,1302,deny,True,False,False,False,denied
541,add,1303,snapshot,True,True,False,True,compensated
541,add,1303,mapped,True,False,True,True,compensated
541,add,1303,value,True,False,False,False,conflict
541,add,1303,object,True,False,False,False,conflict
541,add,1303,field,True,False,False,False,conflict
541,add,1303,undoscope,True,False,True,True,compensated
541,add,1303,deny,True,False,False,False,denied
542,add,1310,snapshot,True,True,False,True,compensated
542,add,1310,mapped,True,False,True,True,compensated
542,add,1310,value,True,False,False,False,conflict
542,add,1310,object,True,False,False,False,conflict
542,add,1310,field,True,False,False,False,conflict
542,add,1310,undoscope,True,False,True,True,compensated
542,add,1310,deny,True,False,False,False,denied
543,add,1311,snapshot,False,True,False,True,compensated
543,add,1311,mapped,False,False,False,False,invariant_conflict
543,add,1311,value,False,False,False,False,conflict
543,add,1311,object,False,False,False,False,conflict
543,add,1311,field,False,False,False,False,conflict
543,add,1311,undoscope,False,False,False,False,invariant_conflict
543,add,1311,deny,False,False,False,False,denied
544,add,1312,snapshot,True,True,False,True,compensated
544,add,1312,mapped,True,False,True,True,compensated
544,add,1312,value,True,False,False,False,conflict
544,add,1312,object,True,False,False,False,conflict
544,add,1312,field,True,False,False,False,conflict
544,add,1312,undoscope,True,False,True,True,compensated
544,add,1312,deny,True,False,False,False,denied
545,add,1313,snapshot,True,True,False,True,compensated
545,add,1313,mapped,True,False,True,True,compensated
545,add,1313,value,True,False,False,False,conflict
545,add,1313,object,True,False,False,False,conflict
545,add,1313,field,True,False,False,False,conflict
545,add,1313,undoscope,True,False,True,True,compensated
545,add,1313,deny,True,False,False,False,denied
546,add,1320,snapshot,True,True,False,True,compensated
546,add,1320,mapped,True,False,True,True,compensated
546,add,1320,value,True,False,False,False,conflict
546,add,1320,object,True,False,False,False,conflict
546,add,1320,field,True,False,False,False,conflict
546,add,1320,undoscope,True,False,True,True,compensated
546,add,1320,deny,True,False,False,False,denied
547,add,1321,snapshot,True,True,False,True,compensated
547,add,1321,mapped,True,False,True,True,compensated
547,add,1321,value,True,False,False,False,conflict
547,add,1321,object,True,False,False,False,conflict
547,add,1321,field,True,False,False,False,conflict
547,add,1321,undoscope,True,False,True,True,compensated
547,add,1321,deny,True,False,False,False,denied
548,add,1322,snapshot,True,True,False,True,compensated
548,add,1322,mapped,True,False,True,True,compensated
548,add,1322,value,True,False,False,False,conflict
548,add,1322,object,True,False,False,False,conflict
548,add,1322,field,True,False,False,False,conflict
548,add,1322,undoscope,True,False,True,True,compensated
548,add,1322,deny,True,False,False,False,denied
549,add,1323,snapshot,True,True,False,True,compensated
549,add,1323,mapped,True,False,True,True,compensated
549,add,1323,value,True,False,False,False,conflict
549,add,1323,object,True,False,False,False,conflict
549,add,1323,field,True,False,False,False,conflict
549,add,1323,undoscope,True,False,True,True,compensated
549,add,1323,deny,True,False,False,False,denied
550,add,1330,snapshot,True,True,False,True,compensated
550,add,1330,mapped,True,False,True,True,compensated
550,add,1330,value,True,False,False,False,conflict
550,add,1330,object,True,False,False,False,conflict
550,add,1330,field,True,False,False,False,conflict
550,add,1330,undoscope,True,False,True,True,compensated
550,add,1330,deny,True,False,False,False,denied
551,add,1331,snapshot,True,True,False,True,compensated
551,add,1331,mapped,True,False,True,True,compensated
551,add,1331,value,True,False,False,False,conflict
551,add,1331,object,True,False,False,False,conflict
551,add,1331,field,True,False,False,False,conflict
551,add,1331,undoscope,True,False,True,True,compensated
551,add,1331,deny,True,False,False,False,denied
552,add,1332,snapshot,True,True,False,True,compensated
552,add,1332,mapped,True,False,True,True,compensated
552,add,1332,value,True,False,False,False,conflict
552,add,1332,object,True,False,False,False,conflict
552,add,1332,field,True,False,False,False,conflict
552,add,1332,undoscope,True,False,True,True,compensated
552,add,1332,deny,True,False,False,False,denied
553,add,1333,snapshot,True,True,False,True,compensated
553,add,1333,mapped,True,False,True,True,compensated
553,add,1333,value,True,False,False,False,conflict
553,add,1333,object,True,False,False,False,conflict
553,add,1333,field,True,False,False,False,conflict
553,add,1333,undoscope,True,False,True,True,compensated
553,add,1333,deny,True,False,False,False,denied
554,add,2000,snapshot,True,True,False,True,compensated
554,add,2000,mapped,True,False,True,True,compensated
554,add,2000,value,True,False,False,False,conflict
554,add,2000,object,True,False,False,False,conflict
554,add,2000,field,True,False,False,False,conflict
554,add,2000,undoscope,True,False,True,True,compensated
554,add,2000,deny,True,False,False,False,denied
555,add,2001,snapshot,True,True,False,True,compensated
555,add,2001,mapped,True,False,True,True,compensated
555,add,2001,value,True,False,True,True,compensated
555,add,2001,object,True,False,False,False,conflict
555,add,2001,field,True,False,False,False,conflict
555,add,2001,undoscope,True,False,True,True,compensated
555,add,2001,deny,True,False,False,False,denied
556,add,2002,snapshot,True,True,False,True,compensated
556,add,2002,mapped,True,False,True,True,compensated
556,add,2002,value,True,False,False,False,conflict
556,add,2002,object,True,False,False,False,conflict
556,add,2002,field,True,False,False,False,conflict
556,add,2002,undoscope,True,False,True,True,compensated
556,add,2002,deny,True,False,False,False,denied
557,add,2003,snapshot,True,True,False,True,compensated
557,add,2003,mapped,True,False,True,True,compensated
557,add,2003,value,True,False,False,False,conflict
557,add,2003,object,True,False,False,False,conflict
557,add,2003,field,True,False,False,False,conflict
557,add,2003,undoscope,True,False,True,True,compensated
557,add,2003,deny,True,False,False,False,denied
558,add,2010,snapshot,True,True,False,True,compensated
558,add,2010,mapped,True,False,True,True,compensated
558,add,2010,value,True,False,True,True,compensated
558,add,2010,object,True,False,False,False,conflict
558,add,2010,field,True,False,False,False,conflict
558,add,2010,undoscope,True,False,True,True,compensated
558,add,2010,deny,True,False,False,False,denied
559,add,2011,snapshot,True,True,False,True,compensated
559,add,2011,mapped,True,False,True,True,compensated
559,add,2011,value,True,False,False,False,conflict
559,add,2011,object,True,False,False,False,conflict
559,add,2011,field,True,False,False,False,conflict
559,add,2011,undoscope,True,False,True,True,compensated
559,add,2011,deny,True,False,False,False,denied
560,add,2012,snapshot,True,True,False,True,compensated
560,add,2012,mapped,True,False,True,True,compensated
560,add,2012,value,True,False,False,False,conflict
560,add,2012,object,True,False,False,False,conflict
560,add,2012,field,True,False,False,False,conflict
560,add,2012,undoscope,True,False,True,True,compensated
560,add,2012,deny,True,False,False,False,denied
561,add,2013,snapshot,True,True,False,True,compensated
561,add,2013,mapped,True,False,True,True,compensated
561,add,2013,value,True,False,False,False,conflict
561,add,2013,object,True,False,False,False,conflict
561,add,2013,field,True,False,False,False,conflict
561,add,2013,undoscope,True,False,True,True,compensated
561,add,2013,deny,True,False,False,False,denied
562,add,2020,snapshot,True,True,False,True,compensated
562,add,2020,mapped,True,False,True,True,compensated
562,add,2020,value,True,False,False,False,conflict
562,add,2020,object,True,False,False,False,conflict
562,add,2020,field,True,False,False,False,conflict
562,add,2020,undoscope,True,False,True,True,compensated
562,add,2020,deny,True,False,False,False,denied
563,add,2021,snapshot,True,True,False,True,compensated
563,add,2021,mapped,True,False,True,True,compensated
563,add,2021,value,True,False,False,False,conflict
563,add,2021,object,True,False,False,False,conflict
563,add,2021,field,True,False,False,False,conflict
563,add,2021,undoscope,True,False,True,True,compensated
563,add,2021,deny,True,False,False,False,denied
564,add,2022,snapshot,True,True,False,True,compensated
564,add,2022,mapped,True,False,True,True,compensated
564,add,2022,value,True,False,False,False,conflict
564,add,2022,object,True,False,False,False,conflict
564,add,2022,field,True,False,False,False,conflict
564,add,2022,undoscope,True,False,True,True,compensated
564,add,2022,deny,True,False,False,False,denied
565,add,2023,snapshot,True,True,False,True,compensated
565,add,2023,mapped,True,False,True,True,compensated
565,add,2023,value,True,False,False,False,conflict
565,add,2023,object,True,False,False,False,conflict
565,add,2023,field,True,False,False,False,conflict
565,add,2023,undoscope,True,False,True,True,compensated
565,add,2023,deny,True,False,False,False,denied
566,add,2030,snapshot,True,True,False,True,compensated
566,add,2030,mapped,True,False,True,True,compensated
566,add,2030,value,True,False,False,False,conflict
566,add,2030,object,True,False,False,False,conflict
566,add,2030,field,True,False,False,False,conflict
566,add,2030,undoscope,True,False,True,True,compensated
566,add,2030,deny,True,False,False,False,denied
567,add,2031,snapshot,True,True,False,True,compensated
567,add,2031,mapped,True,False,True,True,compensated
567,add,2031,value,True,False,False,False,conflict
567,add,2031,object,True,False,False,False,conflict
567,add,2031,field,True,False,False,False,conflict
567,add,2031,undoscope,True,False,True,True,compensated
567,add,2031,deny,True,False,False,False,denied
568,add,2032,snapshot,True,True,False,True,compensated
568,add,2032,mapped,True,False,True,True,compensated
568,add,2032,value,True,False,False,False,conflict
568,add,2032,object,True,False,False,False,conflict
568,add,2032,field,True,False,False,False,conflict
568,add,2032,undoscope,True,False,True,True,compensated
568,add,2032,deny,True,False,False,False,denied
569,add,2033,snapshot,True,True,False,True,compensated
569,add,2033,mapped,True,False,True,True,compensated
569,add,2033,value,True,False,False,False,conflict
569,add,2033,object,True,False,False,False,conflict
569,add,2033,field,True,False,False,False,conflict
569,add,2033,undoscope,True,False,True,True,compensated
569,add,2033,deny,True,False,False,False,denied
570,add,2100,snapshot,True,True,False,True,compensated
570,add,2100,mapped,True,False,True,True,compensated
570,add,2100,value,True,False,True,True,compensated
570,add,2100,object,True,False,False,False,conflict
570,add,2100,field,True,False,False,False,conflict
570,add,2100,undoscope,True,False,True,True,compensated
570,add,2100,deny,True,False,False,False,denied
571,add,2101,snapshot,True,True,False,True,compensated
571,add,2101,mapped,True,False,True,True,compensated
571,add,2101,value,True,False,False,False,conflict
571,add,2101,object,True,False,False,False,conflict
571,add,2101,field,True,False,False,False,conflict
571,add,2101,undoscope,True,False,True,True,compensated
571,add,2101,deny,True,False,False,False,denied
572,add,2102,snapshot,True,True,False,True,compensated
572,add,2102,mapped,True,False,True,True,compensated
572,add,2102,value,True,False,False,False,conflict
572,add,2102,object,True,False,False,False,conflict
572,add,2102,field,True,False,False,False,conflict
572,add,2102,undoscope,True,False,True,True,compensated
572,add,2102,deny,True,False,False,False,denied
573,add,2103,snapshot,True,True,False,True,compensated
573,add,2103,mapped,True,False,True,True,compensated
573,add,2103,value,True,False,False,False,conflict
573,add,2103,object,True,False,False,False,conflict
573,add,2103,field,True,False,False,False,conflict
573,add,2103,undoscope,True,False,True,True,compensated
573,add,2103,deny,True,False,False,False,denied
574,add,2110,snapshot,True,True,False,True,compensated
574,add,2110,mapped,True,False,True,True,compensated
574,add,2110,value,True,False,False,False,conflict
574,add,2110,object,True,False,False,False,conflict
574,add,2110,field,True,False,False,False,conflict
574,add,2110,undoscope,True,False,True,True,compensated
574,add,2110,deny,True,False,False,False,denied
575,add,2111,snapshot,False,True,False,True,compensated
575,add,2111,mapped,False,False,False,False,invariant_conflict
575,add,2111,value,False,False,False,False,conflict
575,add,2111,object,False,False,False,False,conflict
575,add,2111,field,False,False,False,False,conflict
575,add,2111,undoscope,False,False,False,False,invariant_conflict
575,add,2111,deny,False,False,False,False,denied
576,add,2112,snapshot,True,True,False,True,compensated
576,add,2112,mapped,True,False,True,True,compensated
576,add,2112,value,True,False,False,False,conflict
576,add,2112,object,True,False,False,False,conflict
576,add,2112,field,True,False,False,False,conflict
576,add,2112,undoscope,True,False,True,True,compensated
576,add,2112,deny,True,False,False,False,denied
577,add,2113,snapshot,True,True,False,True,compensated
577,add,2113,mapped,True,False,True,True,compensated
577,add,2113,value,True,False,False,False,conflict
577,add,2113,object,True,False,False,False,conflict
577,add,2113,field,True,False,False,False,conflict
577,add,2113,undoscope,True,False,True,True,compensated
577,add,2113,deny,True,False,False,False,denied
578,add,2120,snapshot,True,True,False,True,compensated
578,add,2120,mapped,True,False,True,True,compensated
578,add,2120,value,True,False,False,False,conflict
578,add,2120,object,True,False,False,False,conflict
578,add,2120,field,True,False,False,False,conflict
578,add,2120,undoscope,True,False,True,True,compensated
578,add,2120,deny,True,False,False,False,denied
579,add,2121,snapshot,True,True,False,True,compensated
579,add,2121,mapped,True,False,True,True,compensated
579,add,2121,value,True,False,False,False,conflict
579,add,2121,object,True,False,False,False,conflict
579,add,2121,field,True,False,False,False,conflict
579,add,2121,undoscope,True,False,True,True,compensated
579,add,2121,deny,True,False,False,False,denied
580,add,2122,snapshot,True,True,False,True,compensated
580,add,2122,mapped,True,False,True,True,compensated
580,add,2122,value,True,False,False,False,conflict
580,add,2122,object,True,False,False,False,conflict
580,add,2122,field,True,False,False,False,conflict
580,add,2122,undoscope,True,False,True,True,compensated
580,add,2122,deny,True,False,False,False,denied
581,add,2123,snapshot,True,True,False,True,compensated
581,add,2123,mapped,True,False,True,True,compensated
581,add,2123,value,True,False,False,False,conflict
581,add,2123,object,True,False,False,False,conflict
581,add,2123,field,True,False,False,False,conflict
581,add,2123,undoscope,True,False,True,True,compensated
581,add,2123,deny,True,False,False,False,denied
582,add,2130,snapshot,True,True,False,True,compensated
582,add,2130,mapped,True,False,True,True,compensated
582,add,2130,value,True,False,False,False,conflict
582,add,2130,object,True,False,False,False,conflict
582,add,2130,field,True,False,False,False,conflict
582,add,2130,undoscope,True,False,True,True,compensated
582,add,2130,deny,True,False,False,False,denied
583,add,2131,snapshot,True,True,False,True,compensated
583,add,2131,mapped,True,False,True,True,compensated
583,add,2131,value,True,False,False,False,conflict
583,add,2131,object,True,False,False,False,conflict
583,add,2131,field,True,False,False,False,conflict
583,add,2131,undoscope,True,False,True,True,compensated
583,add,2131,deny,True,False,False,False,denied
584,add,2132,snapshot,True,True,False,True,compensated
584,add,2132,mapped,True,False,True,True,compensated
584,add,2132,value,True,False,False,False,conflict
584,add,2132,object,True,False,False,False,conflict
584,add,2132,field,True,False,False,False,conflict
584,add,2132,undoscope,True,False,True,True,compensated
584,add,2132,deny,True,False,False,False,denied
585,add,2133,snapshot,True,True,False,True,compensated
585,add,2133,mapped,True,False,True,True,compensated
585,add,2133,value,True,False,False,False,conflict
585,add,2133,object,True,False,False,False,conflict
585,add,2133,field,True,False,False,False,conflict
585,add,2133,undoscope,True,False,True,True,compensated
585,add,2133,deny,True,False,False,False,denied
586,add,2200,snapshot,True,True,False,True,compensated
586,add,2200,mapped,True,False,True,True,compensated
586,add,2200,value,True,False,False,False,conflict
586,add,2200,object,True,False,False,False,conflict
586,add,2200,field,True,False,False,False,conflict
586,add,2200,undoscope,True,False,True,True,compensated
586,add,2200,deny,True,False,False,False,denied
587,add,2201,snapshot,True,True,False,True,compensated
587,add,2201,mapped,True,False,True,True,compensated
587,add,2201,value,True,False,False,False,conflict
587,add,2201,object,True,False,False,False,conflict
587,add,2201,field,True,False,False,False,conflict
587,add,2201,undoscope,True,False,True,True,compensated
587,add,2201,deny,True,False,False,False,denied
588,add,2202,snapshot,True,True,False,True,compensated
588,add,2202,mapped,True,False,True,True,compensated
588,add,2202,value,True,False,False,False,conflict
588,add,2202,object,True,False,False,False,conflict
588,add,2202,field,True,False,False,False,conflict
588,add,2202,undoscope,True,False,True,True,compensated
588,add,2202,deny,True,False,False,False,denied
589,add,2203,snapshot,True,True,False,True,compensated
589,add,2203,mapped,True,False,True,True,compensated
589,add,2203,value,True,False,False,False,conflict
589,add,2203,object,True,False,False,False,conflict
589,add,2203,field,True,False,False,False,conflict
589,add,2203,undoscope,True,False,True,True,compensated
589,add,2203,deny,True,False,False,False,denied
590,add,2210,snapshot,True,True,False,True,compensated
590,add,2210,mapped,True,False,True,True,compensated
590,add,2210,value,True,False,False,False,conflict
590,add,2210,object,True,False,False,False,conflict
590,add,2210,field,True,False,False,False,conflict
590,add,2210,undoscope,True,False,True,True,compensated
590,add,2210,deny,True,False,False,False,denied
591,add,2211,snapshot,True,True,False,True,compensated
591,add,2211,mapped,True,False,True,True,compensated
591,add,2211,value,True,False,False,False,conflict
591,add,2211,object,True,False,False,False,conflict
591,add,2211,field,True,False,False,False,conflict
591,add,2211,undoscope,True,False,True,True,compensated
591,add,2211,deny,True,False,False,False,denied
592,add,2212,snapshot,True,True,False,True,compensated
592,add,2212,mapped,True,False,True,True,compensated
592,add,2212,value,True,False,False,False,conflict
592,add,2212,object,True,False,False,False,conflict
592,add,2212,field,True,False,False,False,conflict
592,add,2212,undoscope,True,False,True,True,compensated
592,add,2212,deny,True,False,False,False,denied
593,add,2213,snapshot,True,True,False,True,compensated
593,add,2213,mapped,True,False,True,True,compensated
593,add,2213,value,True,False,False,False,conflict
593,add,2213,object,True,False,False,False,conflict
593,add,2213,field,True,False,False,False,conflict
593,add,2213,undoscope,True,False,True,True,compensated
593,add,2213,deny,True,False,False,False,denied
594,add,2220,snapshot,True,True,False,True,compensated
594,add,2220,mapped,True,False,True,True,compensated
594,add,2220,value,True,False,False,False,conflict
594,add,2220,object,True,False,False,False,conflict
594,add,2220,field,True,False,False,False,conflict
594,add,2220,undoscope,True,False,True,True,compensated
594,add,2220,deny,True,False,False,False,denied
595,add,2221,snapshot,True,True,False,True,compensated
595,add,2221,mapped,True,False,True,True,compensated
595,add,2221,value,True,False,False,False,conflict
595,add,2221,object,True,False,False,False,conflict
595,add,2221,field,True,False,False,False,conflict
595,add,2221,undoscope,True,False,True,True,compensated
595,add,2221,deny,True,False,False,False,denied
596,add,2222,snapshot,True,True,False,True,compensated
596,add,2222,mapped,True,False,True,True,compensated
596,add,2222,value,True,False,True,True,compensated
596,add,2222,object,True,False,False,False,conflict
596,add,2222,field,True,False,True,True,compensated
596,add,2222,undoscope,True,False,True,True,compensated
596,add,2222,deny,True,False,False,False,denied
597,add,2223,snapshot,True,True,False,True,compensated
597,add,2223,mapped,True,False,True,True,compensated
597,add,2223,value,True,False,True,True,compensated
597,add,2223,object,True,False,False,False,conflict
597,add,2223,field,True,False,True,True,compensated
597,add,2223,undoscope,True,False,True,True,compensated
597,add,2223,deny,True,False,False,False,denied
598,add,2230,snapshot,True,True,False,True,compensated
598,add,2230,mapped,True,False,True,True,compensated
598,add,2230,value,True,False,False,False,conflict
598,add,2230,object,True,False,False,False,conflict
598,add,2230,field,True,False,False,False,conflict
598,add,2230,undoscope,True,False,True,True,compensated
598,add,2230,deny,True,False,False,False,denied
599,add,2231,snapshot,True,True,False,True,compensated
599,add,2231,mapped,True,False,True,True,compensated
599,add,2231,value,True,False,False,False,conflict
599,add,2231,object,True,False,False,False,conflict
599,add,2231,field,True,False,False,False,conflict
599,add,2231,undoscope,True,False,True,True,compensated
599,add,2231,deny,True,False,False,False,denied
600,add,2232,snapshot,True,True,False,True,compensated
600,add,2232,mapped,True,False,True,True,compensated
600,add,2232,value,True,False,True,True,compensated
600,add,2232,object,True,False,False,False,conflict
600,add,2232,field,True,False,True,True,compensated
600,add,2232,undoscope,True,False,True,True,compensated
600,add,2232,deny,True,False,False,False,denied
601,add,2233,snapshot,True,True,False,True,compensated
601,add,2233,mapped,True,False,True,True,compensated
601,add,2233,value,True,False,True,True,compensated
601,add,2233,object,True,False,False,False,conflict
601,add,2233,field,True,False,True,True,compensated
601,add,2233,undoscope,True,False,True,True,compensated
601,add,2233,deny,True,False,False,False,denied
602,add,2300,snapshot,True,True,False,True,compensated
602,add,2300,mapped,True,False,True,True,compensated
602,add,2300,value,True,False,False,False,conflict
602,add,2300,object,True,False,False,False,conflict
602,add,2300,field,True,False,False,False,conflict
602,add,2300,undoscope,True,False,True,True,compensated
602,add,2300,deny,True,False,False,False,denied
603,add,2301,snapshot,True,True,False,True,compensated
603,add,2301,mapped,True,False,True,True,compensated
603,add,2301,value,True,False,False,False,conflict
603,add,2301,object,True,False,False,False,conflict
603,add,2301,field,True,False,False,False,conflict
603,add,2301,undoscope,True,False,True,True,compensated
603,add,2301,deny,True,False,False,False,denied
604,add,2302,snapshot,True,True,False,True,compensated
604,add,2302,mapped,True,False,True,True,compensated
604,add,2302,value,True,False,False,False,conflict
604,add,2302,object,True,False,False,False,conflict
604,add,2302,field,True,False,False,False,conflict
604,add,2302,undoscope,True,False,True,True,compensated
604,add,2302,deny,True,False,False,False,denied
605,add,2303,snapshot,True,True,False,True,compensated
605,add,2303,mapped,True,False,True,True,compensated
605,add,2303,value,True,False,False,False,conflict
605,add,2303,object,True,False,False,False,conflict
605,add,2303,field,True,False,False,False,conflict
605,add,2303,undoscope,True,False,True,True,compensated
605,add,2303,deny,True,False,False,False,denied
606,add,2310,snapshot,True,True,False,True,compensated
606,add,2310,mapped,True,False,True,True,compensated
606,add,2310,value,True,False,False,False,conflict
606,add,2310,object,True,False,False,False,conflict
606,add,2310,field,True,False,False,False,conflict
606,add,2310,undoscope,True,False,True,True,compensated
606,add,2310,deny,True,False,False,False,denied
607,add,2311,snapshot,True,True,False,True,compensated
607,add,2311,mapped,True,False,True,True,compensated
607,add,2311,value,True,False,False,False,conflict
607,add,2311,object,True,False,False,False,conflict
607,add,2311,field,True,False,False,False,conflict
607,add,2311,undoscope,True,False,True,True,compensated
607,add,2311,deny,True,False,False,False,denied
608,add,2312,snapshot,True,True,False,True,compensated
608,add,2312,mapped,True,False,True,True,compensated
608,add,2312,value,True,False,False,False,conflict
608,add,2312,object,True,False,False,False,conflict
608,add,2312,field,True,False,False,False,conflict
608,add,2312,undoscope,True,False,True,True,compensated
608,add,2312,deny,True,False,False,False,denied
609,add,2313,snapshot,True,True,False,True,compensated
609,add,2313,mapped,True,False,True,True,compensated
609,add,2313,value,True,False,False,False,conflict
609,add,2313,object,True,False,False,False,conflict
609,add,2313,field,True,False,False,False,conflict
609,add,2313,undoscope,True,False,True,True,compensated
609,add,2313,deny,True,False,False,False,denied
610,add,2320,snapshot,True,True,False,True,compensated
610,add,2320,mapped,True,False,True,True,compensated
610,add,2320,value,True,False,False,False,conflict
610,add,2320,object,True,False,False,False,conflict
610,add,2320,field,True,False,False,False,conflict
610,add,2320,undoscope,True,False,True,True,compensated
610,add,2320,deny,True,False,False,False,denied
611,add,2321,snapshot,True,True,False,True,compensated
611,add,2321,mapped,True,False,True,True,compensated
611,add,2321,value,True,False,False,False,conflict
611,add,2321,object,True,False,False,False,conflict
611,add,2321,field,True,False,False,False,conflict
611,add,2321,undoscope,True,False,True,True,compensated
611,add,2321,deny,True,False,False,False,denied
612,add,2322,snapshot,True,True,False,True,compensated
612,add,2322,mapped,True,False,True,True,compensated
612,add,2322,value,True,False,True,True,compensated
612,add,2322,object,True,False,False,False,conflict
612,add,2322,field,True,False,True,True,compensated
612,add,2322,undoscope,True,False,True,True,compensated
612,add,2322,deny,True,False,False,False,denied
613,add,2323,snapshot,True,True,False,True,compensated
613,add,2323,mapped,True,False,True,True,compensated
613,add,2323,value,True,False,True,True,compensated
613,add,2323,object,True,False,False,False,conflict
613,add,2323,field,True,False,True,True,compensated
613,add,2323,undoscope,True,False,True,True,compensated
613,add,2323,deny,True,False,False,False,denied
614,add,2330,snapshot,True,True,False,True,compensated
614,add,2330,mapped,True,False,True,True,compensated
614,add,2330,value,True,False,False,False,conflict
614,add,2330,object,True,False,False,False,conflict
614,add,2330,field,True,False,False,False,conflict
614,add,2330,undoscope,True,False,True,True,compensated
614,add,2330,deny,True,False,False,False,denied
615,add,2331,snapshot,True,True,False,True,compensated
615,add,2331,mapped,True,False,True,True,compensated
615,add,2331,value,True,False,False,False,conflict
615,add,2331,object,True,False,False,False,conflict
615,add,2331,field,True,False,False,False,conflict
615,add,2331,undoscope,True,False,True,True,compensated
615,add,2331,deny,True,False,False,False,denied
616,add,2332,snapshot,True,True,False,True,compensated
616,add,2332,mapped,True,False,True,True,compensated
616,add,2332,value,True,False,True,True,compensated
616,add,2332,object,True,False,False,False,conflict
616,add,2332,field,True,False,True,True,compensated
616,add,2332,undoscope,True,False,True,True,compensated
616,add,2332,deny,True,False,False,False,denied
617,add,2333,snapshot,True,True,False,True,compensated
617,add,2333,mapped,True,False,True,True,compensated
617,add,2333,value,True,False,True,True,compensated
617,add,2333,object,True,False,False,False,conflict
617,add,2333,field,True,False,True,True,compensated
617,add,2333,undoscope,True,False,True,True,compensated
617,add,2333,deny,True,False,False,False,denied
618,add,3000,snapshot,True,True,False,True,compensated
618,add,3000,mapped,True,False,True,True,compensated
618,add,3000,value,True,False,False,False,conflict
618,add,3000,object,True,False,False,False,conflict
618,add,3000,field,True,False,False,False,conflict
618,add,3000,undoscope,True,False,True,True,compensated
618,add,3000,deny,True,False,False,False,denied
619,add,3001,snapshot,True,True,False,True,compensated
619,add,3001,mapped,True,False,True,True,compensated
619,add,3001,value,True,False,True,True,compensated
619,add,3001,object,True,False,False,False,conflict
619,add,3001,field,True,False,False,False,conflict
619,add,3001,undoscope,True,False,True,True,compensated
619,add,3001,deny,True,False,False,False,denied
620,add,3002,snapshot,True,True,False,True,compensated
620,add,3002,mapped,True,False,True,True,compensated
620,add,3002,value,True,False,False,False,conflict
620,add,3002,object,True,False,False,False,conflict
620,add,3002,field,True,False,False,False,conflict
620,add,3002,undoscope,True,False,True,True,compensated
620,add,3002,deny,True,False,False,False,denied
621,add,3003,snapshot,True,True,False,True,compensated
621,add,3003,mapped,True,False,True,True,compensated
621,add,3003,value,True,False,False,False,conflict
621,add,3003,object,True,False,False,False,conflict
621,add,3003,field,True,False,False,False,conflict
621,add,3003,undoscope,True,False,True,True,compensated
621,add,3003,deny,True,False,False,False,denied
622,add,3010,snapshot,True,True,False,True,compensated
622,add,3010,mapped,True,False,True,True,compensated
622,add,3010,value,True,False,True,True,compensated
622,add,3010,object,True,False,False,False,conflict
622,add,3010,field,True,False,False,False,conflict
622,add,3010,undoscope,True,False,True,True,compensated
622,add,3010,deny,True,False,False,False,denied
623,add,3011,snapshot,True,True,False,True,compensated
623,add,3011,mapped,True,False,True,True,compensated
623,add,3011,value,True,False,False,False,conflict
623,add,3011,object,True,False,False,False,conflict
623,add,3011,field,True,False,False,False,conflict
623,add,3011,undoscope,True,False,True,True,compensated
623,add,3011,deny,True,False,False,False,denied
624,add,3012,snapshot,True,True,False,True,compensated
624,add,3012,mapped,True,False,True,True,compensated
624,add,3012,value,True,False,False,False,conflict
624,add,3012,object,True,False,False,False,conflict
624,add,3012,field,True,False,False,False,conflict
624,add,3012,undoscope,True,False,True,True,compensated
624,add,3012,deny,True,False,False,False,denied
625,add,3013,snapshot,True,True,False,True,compensated
625,add,3013,mapped,True,False,True,True,compensated
625,add,3013,value,True,False,False,False,conflict
625,add,3013,object,True,False,False,False,conflict
625,add,3013,field,True,False,False,False,conflict
625,add,3013,undoscope,True,False,True,True,compensated
625,add,3013,deny,True,False,False,False,denied
626,add,3020,snapshot,True,True,False,True,compensated
626,add,3020,mapped,True,False,True,True,compensated
626,add,3020,value,True,False,False,False,conflict
626,add,3020,object,True,False,False,False,conflict
626,add,3020,field,True,False,False,False,conflict
626,add,3020,undoscope,True,False,True,True,compensated
626,add,3020,deny,True,False,False,False,denied
627,add,3021,snapshot,True,True,False,True,compensated
627,add,3021,mapped,True,False,True,True,compensated
627,add,3021,value,True,False,False,False,conflict
627,add,3021,object,True,False,False,False,conflict
627,add,3021,field,True,False,False,False,conflict
627,add,3021,undoscope,True,False,True,True,compensated
627,add,3021,deny,True,False,False,False,denied
628,add,3022,snapshot,True,True,False,True,compensated
628,add,3022,mapped,True,False,True,True,compensated
628,add,3022,value,True,False,False,False,conflict
628,add,3022,object,True,False,False,False,conflict
628,add,3022,field,True,False,False,False,conflict
628,add,3022,undoscope,True,False,True,True,compensated
628,add,3022,deny,True,False,False,False,denied
629,add,3023,snapshot,True,True,False,True,compensated
629,add,3023,mapped,True,False,True,True,compensated
629,add,3023,value,True,False,False,False,conflict
629,add,3023,object,True,False,False,False,conflict
629,add,3023,field,True,False,False,False,conflict
629,add,3023,undoscope,True,False,True,True,compensated
629,add,3023,deny,True,False,False,False,denied
630,add,3030,snapshot,True,True,False,True,compensated
630,add,3030,mapped,True,False,True,True,compensated
630,add,3030,value,True,False,False,False,conflict
630,add,3030,object,True,False,False,False,conflict
630,add,3030,field,True,False,False,False,conflict
630,add,3030,undoscope,True,False,True,True,compensated
630,add,3030,deny,True,False,False,False,denied
631,add,3031,snapshot,True,True,False,True,compensated
631,add,3031,mapped,True,False,True,True,compensated
631,add,3031,value,True,False,False,False,conflict
631,add,3031,object,True,False,False,False,conflict
631,add,3031,field,True,False,False,False,conflict
631,add,3031,undoscope,True,False,True,True,compensated
631,add,3031,deny,True,False,False,False,denied
632,add,3032,snapshot,True,True,False,True,compensated
632,add,3032,mapped,True,False,True,True,compensated
632,add,3032,value,True,False,False,False,conflict
632,add,3032,object,True,False,False,False,conflict
632,add,3032,field,True,False,False,False,conflict
632,add,3032,undoscope,True,False,True,True,compensated
632,add,3032,deny,True,False,False,False,denied
633,add,3033,snapshot,True,True,False,True,compensated
633,add,3033,mapped,True,False,True,True,compensated
633,add,3033,value,True,False,False,False,conflict
633,add,3033,object,True,False,False,False,conflict
633,add,3033,field,True,False,False,False,conflict
633,add,3033,undoscope,True,False,True,True,compensated
633,add,3033,deny,True,False,False,False,denied
634,add,3100,snapshot,True,True,False,True,compensated
634,add,3100,mapped,True,False,True,True,compensated
634,add,3100,value,True,False,True,True,compensated
634,add,3100,object,True,False,False,False,conflict
634,add,3100,field,True,False,False,False,conflict
634,add,3100,undoscope,True,False,True,True,compensated
634,add,3100,deny,True,False,False,False,denied
635,add,3101,snapshot,True,True,False,True,compensated
635,add,3101,mapped,True,False,True,True,compensated
635,add,3101,value,True,False,False,False,conflict
635,add,3101,object,True,False,False,False,conflict
635,add,3101,field,True,False,False,False,conflict
635,add,3101,undoscope,True,False,True,True,compensated
635,add,3101,deny,True,False,False,False,denied
636,add,3102,snapshot,True,True,False,True,compensated
636,add,3102,mapped,True,False,True,True,compensated
636,add,3102,value,True,False,False,False,conflict
636,add,3102,object,True,False,False,False,conflict
636,add,3102,field,True,False,False,False,conflict
636,add,3102,undoscope,True,False,True,True,compensated
636,add,3102,deny,True,False,False,False,denied
637,add,3103,snapshot,True,True,False,True,compensated
637,add,3103,mapped,True,False,True,True,compensated
637,add,3103,value,True,False,False,False,conflict
637,add,3103,object,True,False,False,False,conflict
637,add,3103,field,True,False,False,False,conflict
637,add,3103,undoscope,True,False,True,True,compensated
637,add,3103,deny,True,False,False,False,denied
638,add,3110,snapshot,True,True,False,True,compensated
638,add,3110,mapped,True,False,True,True,compensated
638,add,3110,value,True,False,False,False,conflict
638,add,3110,object,True,False,False,False,conflict
638,add,3110,field,True,False,False,False,conflict
638,add,3110,undoscope,True,False,True,True,compensated
638,add,3110,deny,True,False,False,False,denied
639,add,3111,snapshot,False,True,False,True,compensated
639,add,3111,mapped,False,False,False,False,invariant_conflict
639,add,3111,value,False,False,False,False,conflict
639,add,3111,object,False,False,False,False,conflict
639,add,3111,field,False,False,False,False,conflict
639,add,3111,undoscope,False,False,False,False,invariant_conflict
639,add,3111,deny,False,False,False,False,denied
640,add,3112,snapshot,True,True,False,True,compensated
640,add,3112,mapped,True,False,True,True,compensated
640,add,3112,value,True,False,False,False,conflict
640,add,3112,object,True,False,False,False,conflict
640,add,3112,field,True,False,False,False,conflict
640,add,3112,undoscope,True,False,True,True,compensated
640,add,3112,deny,True,False,False,False,denied
641,add,3113,snapshot,True,True,False,True,compensated
641,add,3113,mapped,True,False,True,True,compensated
641,add,3113,value,True,False,False,False,conflict
641,add,3113,object,True,False,False,False,conflict
641,add,3113,field,True,False,False,False,conflict
641,add,3113,undoscope,True,False,True,True,compensated
641,add,3113,deny,True,False,False,False,denied
642,add,3120,snapshot,True,True,False,True,compensated
642,add,3120,mapped,True,False,True,True,compensated
642,add,3120,value,True,False,False,False,conflict
642,add,3120,object,True,False,False,False,conflict
642,add,3120,field,True,False,False,False,conflict
642,add,3120,undoscope,True,False,True,True,compensated
642,add,3120,deny,True,False,False,False,denied
643,add,3121,snapshot,True,True,False,True,compensated
643,add,3121,mapped,True,False,True,True,compensated
643,add,3121,value,True,False,False,False,conflict
643,add,3121,object,True,False,False,False,conflict
643,add,3121,field,True,False,False,False,conflict
643,add,3121,undoscope,True,False,True,True,compensated
643,add,3121,deny,True,False,False,False,denied
644,add,3122,snapshot,True,True,False,True,compensated
644,add,3122,mapped,True,False,True,True,compensated
644,add,3122,value,True,False,False,False,conflict
644,add,3122,object,True,False,False,False,conflict
644,add,3122,field,True,False,False,False,conflict
644,add,3122,undoscope,True,False,True,True,compensated
644,add,3122,deny,True,False,False,False,denied
645,add,3123,snapshot,True,True,False,True,compensated
645,add,3123,mapped,True,False,True,True,compensated
645,add,3123,value,True,False,False,False,conflict
645,add,3123,object,True,False,False,False,conflict
645,add,3123,field,True,False,False,False,conflict
645,add,3123,undoscope,True,False,True,True,compensated
645,add,3123,deny,True,False,False,False,denied
646,add,3130,snapshot,True,True,False,True,compensated
646,add,3130,mapped,True,False,True,True,compensated
646,add,3130,value,True,False,False,False,conflict
646,add,3130,object,True,False,False,False,conflict
646,add,3130,field,True,False,False,False,conflict
646,add,3130,undoscope,True,False,True,True,compensated
646,add,3130,deny,True,False,False,False,denied
647,add,3131,snapshot,True,True,False,True,compensated
647,add,3131,mapped,True,False,True,True,compensated
647,add,3131,value,True,False,False,False,conflict
647,add,3131,object,True,False,False,False,conflict
647,add,3131,field,True,False,False,False,conflict
647,add,3131,undoscope,True,False,True,True,compensated
647,add,3131,deny,True,False,False,False,denied
648,add,3132,snapshot,True,True,False,True,compensated
648,add,3132,mapped,True,False,True,True,compensated
648,add,3132,value,True,False,False,False,conflict
648,add,3132,object,True,False,False,False,conflict
648,add,3132,field,True,False,False,False,conflict
648,add,3132,undoscope,True,False,True,True,compensated
648,add,3132,deny,True,False,False,False,denied
649,add,3133,snapshot,True,True,False,True,compensated
649,add,3133,mapped,True,False,True,True,compensated
649,add,3133,value,True,False,False,False,conflict
649,add,3133,object,True,False,False,False,conflict
649,add,3133,field,True,False,False,False,conflict
649,add,3133,undoscope,True,False,True,True,compensated
649,add,3133,deny,True,False,False,False,denied
650,add,3200,snapshot,True,True,False,True,compensated
650,add,3200,mapped,True,False,True,True,compensated
650,add,3200,value,True,False,False,False,conflict
650,add,3200,object,True,False,False,False,conflict
650,add,3200,field,True,False,False,False,conflict
650,add,3200,undoscope,True,False,True,True,compensated
650,add,3200,deny,True,False,False,False,denied
651,add,3201,snapshot,True,True,False,True,compensated
651,add,3201,mapped,True,False,True,True,compensated
651,add,3201,value,True,False,False,False,conflict
651,add,3201,object,True,False,False,False,conflict
651,add,3201,field,True,False,False,False,conflict
651,add,3201,undoscope,True,False,True,True,compensated
651,add,3201,deny,True,False,False,False,denied
652,add,3202,snapshot,True,True,False,True,compensated
652,add,3202,mapped,True,False,True,True,compensated
652,add,3202,value,True,False,False,False,conflict
652,add,3202,object,True,False,False,False,conflict
652,add,3202,field,True,False,False,False,conflict
652,add,3202,undoscope,True,False,True,True,compensated
652,add,3202,deny,True,False,False,False,denied
653,add,3203,snapshot,True,True,False,True,compensated
653,add,3203,mapped,True,False,True,True,compensated
653,add,3203,value,True,False,False,False,conflict
653,add,3203,object,True,False,False,False,conflict
653,add,3203,field,True,False,False,False,conflict
653,add,3203,undoscope,True,False,True,True,compensated
653,add,3203,deny,True,False,False,False,denied
654,add,3210,snapshot,True,True,False,True,compensated
654,add,3210,mapped,True,False,True,True,compensated
654,add,3210,value,True,False,False,False,conflict
654,add,3210,object,True,False,False,False,conflict
654,add,3210,field,True,False,False,False,conflict
654,add,3210,undoscope,True,False,True,True,compensated
654,add,3210,deny,True,False,False,False,denied
655,add,3211,snapshot,True,True,False,True,compensated
655,add,3211,mapped,True,False,True,True,compensated
655,add,3211,value,True,False,False,False,conflict
655,add,3211,object,True,False,False,False,conflict
655,add,3211,field,True,False,False,False,conflict
655,add,3211,undoscope,True,False,True,True,compensated
655,add,3211,deny,True,False,False,False,denied
656,add,3212,snapshot,True,True,False,True,compensated
656,add,3212,mapped,True,False,True,True,compensated
656,add,3212,value,True,False,False,False,conflict
656,add,3212,object,True,False,False,False,conflict
656,add,3212,field,True,False,False,False,conflict
656,add,3212,undoscope,True,False,True,True,compensated
656,add,3212,deny,True,False,False,False,denied
657,add,3213,snapshot,True,True,False,True,compensated
657,add,3213,mapped,True,False,True,True,compensated
657,add,3213,value,True,False,False,False,conflict
657,add,3213,object,True,False,False,False,conflict
657,add,3213,field,True,False,False,False,conflict
657,add,3213,undoscope,True,False,True,True,compensated
657,add,3213,deny,True,False,False,False,denied
658,add,3220,snapshot,True,True,False,True,compensated
658,add,3220,mapped,True,False,True,True,compensated
658,add,3220,value,True,False,False,False,conflict
658,add,3220,object,True,False,False,False,conflict
658,add,3220,field,True,False,False,False,conflict
658,add,3220,undoscope,True,False,True,True,compensated
658,add,3220,deny,True,False,False,False,denied
659,add,3221,snapshot,True,True,False,True,compensated
659,add,3221,mapped,True,False,True,True,compensated
659,add,3221,value,True,False,False,False,conflict
659,add,3221,object,True,False,False,False,conflict
659,add,3221,field,True,False,False,False,conflict
659,add,3221,undoscope,True,False,True,True,compensated
659,add,3221,deny,True,False,False,False,denied
660,add,3222,snapshot,True,True,False,True,compensated
660,add,3222,mapped,True,False,True,True,compensated
660,add,3222,value,True,False,True,True,compensated
660,add,3222,object,True,False,False,False,conflict
660,add,3222,field,True,False,True,True,compensated
660,add,3222,undoscope,True,False,True,True,compensated
660,add,3222,deny,True,False,False,False,denied
661,add,3223,snapshot,True,True,False,True,compensated
661,add,3223,mapped,True,False,True,True,compensated
661,add,3223,value,True,False,True,True,compensated
661,add,3223,object,True,False,False,False,conflict
661,add,3223,field,True,False,True,True,compensated
661,add,3223,undoscope,True,False,True,True,compensated
661,add,3223,deny,True,False,False,False,denied
662,add,3230,snapshot,True,True,False,True,compensated
662,add,3230,mapped,True,False,True,True,compensated
662,add,3230,value,True,False,False,False,conflict
662,add,3230,object,True,False,False,False,conflict
662,add,3230,field,True,False,False,False,conflict
662,add,3230,undoscope,True,False,True,True,compensated
662,add,3230,deny,True,False,False,False,denied
663,add,3231,snapshot,True,True,False,True,compensated
663,add,3231,mapped,True,False,True,True,compensated
663,add,3231,value,True,False,False,False,conflict
663,add,3231,object,True,False,False,False,conflict
663,add,3231,field,True,False,False,False,conflict
663,add,3231,undoscope,True,False,True,True,compensated
663,add,3231,deny,True,False,False,False,denied
664,add,3232,snapshot,True,True,False,True,compensated
664,add,3232,mapped,True,False,True,True,compensated
664,add,3232,value,True,False,True,True,compensated
664,add,3232,object,True,False,False,False,conflict
664,add,3232,field,True,False,True,True,compensated
664,add,3232,undoscope,True,False,True,True,compensated
664,add,3232,deny,True,False,False,False,denied
665,add,3233,snapshot,True,True,False,True,compensated
665,add,3233,mapped,True,False,True,True,compensated
665,add,3233,value,True,False,True,True,compensated
665,add,3233,object,True,False,False,False,conflict
665,add,3233,field,True,False,True,True,compensated
665,add,3233,undoscope,True,False,True,True,compensated
665,add,3233,deny,True,False,False,False,denied
666,add,3300,snapshot,True,True,False,True,compensated
666,add,3300,mapped,True,False,True,True,compensated
666,add,3300,value,True,False,False,False,conflict
666,add,3300,object,True,False,False,False,conflict
666,add,3300,field,True,False,False,False,conflict
666,add,3300,undoscope,True,False,True,True,compensated
666,add,3300,deny,True,False,False,False,denied
667,add,3301,snapshot,True,True,False,True,compensated
667,add,3301,mapped,True,False,True,True,compensated
667,add,3301,value,True,False,False,False,conflict
667,add,3301,object,True,False,False,False,conflict
667,add,3301,field,True,False,False,False,conflict
667,add,3301,undoscope,True,False,True,True,compensated
667,add,3301,deny,True,False,False,False,denied
668,add,3302,snapshot,True,True,False,True,compensated
668,add,3302,mapped,True,False,True,True,compensated
668,add,3302,value,True,False,False,False,conflict
668,add,3302,object,True,False,False,False,conflict
668,add,3302,field,True,False,False,False,conflict
668,add,3302,undoscope,True,False,True,True,compensated
668,add,3302,deny,True,False,False,False,denied
669,add,3303,snapshot,True,True,False,True,compensated
669,add,3303,mapped,True,False,True,True,compensated
669,add,3303,value,True,False,False,False,conflict
669,add,3303,object,True,False,False,False,conflict
669,add,3303,field,True,False,False,False,conflict
669,add,3303,undoscope,True,False,True,True,compensated
669,add,3303,deny,True,False,False,False,denied
670,add,3310,snapshot,True,True,False,True,compensated
670,add,3310,mapped,True,False,True,True,compensated
670,add,3310,value,True,False,False,False,conflict
670,add,3310,object,True,False,False,False,conflict
670,add,3310,field,True,False,False,False,conflict
670,add,3310,undoscope,True,False,True,True,compensated
670,add,3310,deny,True,False,False,False,denied
671,add,3311,snapshot,True,True,False,True,compensated
671,add,3311,mapped,True,False,True,True,compensated
671,add,3311,value,True,False,False,False,conflict
671,add,3311,object,True,False,False,False,conflict
671,add,3311,field,True,False,False,False,conflict
671,add,3311,undoscope,True,False,True,True,compensated
671,add,3311,deny,True,False,False,False,denied
672,add,3312,snapshot,True,True,False,True,compensated
672,add,3312,mapped,True,False,True,True,compensated
672,add,3312,value,True,False,False,False,conflict
672,add,3312,object,True,False,False,False,conflict
672,add,3312,field,True,False,False,False,conflict
672,add,3312,undoscope,True,False,True,True,compensated
672,add,3312,deny,True,False,False,False,denied
673,add,3313,snapshot,True,True,False,True,compensated
673,add,3313,mapped,True,False,True,True,compensated
673,add,3313,value,True,False,False,False,conflict
673,add,3313,object,True,False,False,False,conflict
673,add,3313,field,True,False,False,False,conflict
673,add,3313,undoscope,True,False,True,True,compensated
673,add,3313,deny,True,False,False,False,denied
674,add,3320,snapshot,True,True,False,True,compensated
674,add,3320,mapped,True,False,True,True,compensated
674,add,3320,value,True,False,False,False,conflict
674,add,3320,object,True,False,False,False,conflict
674,add,3320,field,True,False,False,False,conflict
674,add,3320,undoscope,True,False,True,True,compensated
674,add,3320,deny,True,False,False,False,denied
675,add,3321,snapshot,True,True,False,True,compensated
675,add,3321,mapped,True,False,True,True,compensated
675,add,3321,value,True,False,False,False,conflict
675,add,3321,object,True,False,False,False,conflict
675,add,3321,field,True,False,False,False,conflict
675,add,3321,undoscope,True,False,True,True,compensated
675,add,3321,deny,True,False,False,False,denied
676,add,3322,snapshot,True,True,False,True,compensated
676,add,3322,mapped,True,False,True,True,compensated
676,add,3322,value,True,False,True,True,compensated
676,add,3322,object,True,False,False,False,conflict
676,add,3322,field,True,False,True,True,compensated
676,add,3322,undoscope,True,False,True,True,compensated
676,add,3322,deny,True,False,False,False,denied
677,add,3323,snapshot,True,True,False,True,compensated
677,add,3323,mapped,True,False,True,True,compensated
677,add,3323,value,True,False,True,True,compensated
677,add,3323,object,True,False,False,False,conflict
677,add,3323,field,True,False,True,True,compensated
677,add,3323,undoscope,True,False,True,True,compensated
677,add,3323,deny,True,False,False,False,denied
678,add,3330,snapshot,True,True,False,True,compensated
678,add,3330,mapped,True,False,True,True,compensated
678,add,3330,value,True,False,False,False,conflict
678,add,3330,object,True,False,False,False,conflict
678,add,3330,field,True,False,False,False,conflict
678,add,3330,undoscope,True,False,True,True,compensated
678,add,3330,deny,True,False,False,False,denied
679,add,3331,snapshot,True,True,False,True,compensated
679,add,3331,mapped,True,False,True,True,compensated
679,add,3331,value,True,False,False,False,conflict
679,add,3331,object,True,False,False,False,conflict
679,add,3331,field,True,False,False,False,conflict
679,add,3331,undoscope,True,False,True,True,compensated
679,add,3331,deny,True,False,False,False,denied
680,add,3332,snapshot,True,True,False,True,compensated
680,add,3332,mapped,True,False,True,True,compensated
680,add,3332,value,True,False,True,True,compensated
680,add,3332,object,True,False,False,False,conflict
680,add,3332,field,True,False,True,True,compensated
680,add,3332,undoscope,True,False,True,True,compensated
680,add,3332,deny,True,False,False,False,denied
681,add,3333,snapshot,True,True,False,True,compensated
681,add,3333,mapped,True,False,True,True,compensated
681,add,3333,value,True,False,True,True,compensated
681,add,3333,object,True,False,False,False,conflict
681,add,3333,field,True,False,True,True,compensated
681,add,3333,undoscope,True,False,True,True,compensated
681,add,3333,deny,True,False,False,False,denied
682,grant,,snapshot,True,False,True,True,compensated
682,grant,,mapped,True,False,True,True,compensated
682,grant,,value,True,False,True,True,compensated
682,grant,,object,True,False,True,True,compensated
682,grant,,field,True,False,True,True,compensated
682,grant,,undoscope,True,False,True,True,compensated
682,grant,,deny,True,False,False,False,denied
683,grant,0,snapshot,True,True,False,True,compensated
683,grant,0,mapped,True,True,False,True,compensated
683,grant,0,value,True,True,False,True,compensated
683,grant,0,object,True,False,False,False,conflict
683,grant,0,field,True,False,False,False,conflict
683,grant,0,undoscope,True,False,True,True,compensated
683,grant,0,deny,True,False,False,False,denied
684,grant,1,snapshot,True,True,False,True,compensated
684,grant,1,mapped,True,False,True,True,compensated
684,grant,1,value,True,False,True,True,compensated
684,grant,1,object,True,False,False,False,conflict
684,grant,1,field,True,False,False,False,conflict
684,grant,1,undoscope,True,False,True,True,compensated
684,grant,1,deny,True,False,False,False,denied
685,grant,2,snapshot,True,False,True,False,compensated
685,grant,2,mapped,True,False,True,False,compensated
685,grant,2,value,True,False,False,False,conflict
685,grant,2,object,True,False,False,False,conflict
685,grant,2,field,True,False,False,False,conflict
685,grant,2,undoscope,True,False,True,False,compensated
685,grant,2,deny,True,False,False,False,denied
686,grant,3,snapshot,True,True,False,True,compensated
686,grant,3,mapped,True,False,True,True,compensated
686,grant,3,value,True,False,True,True,compensated
686,grant,3,object,True,False,False,False,conflict
686,grant,3,field,True,False,True,True,compensated
686,grant,3,undoscope,True,False,True,True,compensated
686,grant,3,deny,True,False,False,False,denied
687,grant,00,snapshot,True,True,False,True,compensated
687,grant,00,mapped,True,True,False,True,compensated
687,grant,00,value,True,True,False,True,compensated
687,grant,00,object,True,False,False,False,conflict
687,grant,00,field,True,False,False,False,conflict
687,grant,00,undoscope,True,False,True,True,compensated
687,grant,00,deny,True,False,False,False,denied
688,grant,01,snapshot,True,True,False,True,compensated
688,grant,01,mapped,True,True,False,True,compensated
688,grant,01,value,True,True,False,True,compensated
688,grant,01,object,True,False,False,False,conflict
688,grant,01,field,True,False,False,False,conflict
688,grant,01,undoscope,True,False,True,True,compensated
688,grant,01,deny,True,False,False,False,denied
689,grant,02,snapshot,True,False,True,False,compensated
689,grant,02,mapped,True,False,True,False,compensated
689,grant,02,value,True,False,False,False,conflict
689,grant,02,object,True,False,False,False,conflict
689,grant,02,field,True,False,False,False,conflict
689,grant,02,undoscope,True,False,True,False,compensated
689,grant,02,deny,True,False,False,False,denied
690,grant,03,snapshot,True,True,False,True,compensated
690,grant,03,mapped,True,True,False,True,compensated
690,grant,03,value,True,True,False,True,compensated
690,grant,03,object,True,False,False,False,conflict
690,grant,03,field,True,False,False,False,conflict
690,grant,03,undoscope,True,False,True,True,compensated
690,grant,03,deny,True,False,False,False,denied
691,grant,10,snapshot,True,True,False,True,compensated
691,grant,10,mapped,True,True,False,True,compensated
691,grant,10,value,True,True,False,True,compensated
691,grant,10,object,True,False,False,False,conflict
691,grant,10,field,True,False,False,False,conflict
691,grant,10,undoscope,True,False,True,True,compensated
691,grant,10,deny,True,False,False,False,denied
692,grant,11,snapshot,True,True,False,True,compensated
692,grant,11,mapped,True,False,True,True,compensated
692,grant,11,value,True,False,True,True,compensated
692,grant,11,object,True,False,False,False,conflict
692,grant,11,field,True,False,False,False,conflict
692,grant,11,undoscope,True,False,True,True,compensated
692,grant,11,deny,True,False,False,False,denied
693,grant,12,snapshot,True,True,False,True,compensated
693,grant,12,mapped,True,False,True,False,compensated
693,grant,12,value,True,False,False,False,conflict
693,grant,12,object,True,False,False,False,conflict
693,grant,12,field,True,False,False,False,conflict
693,grant,12,undoscope,True,False,True,False,compensated
693,grant,12,deny,True,False,False,False,denied
694,grant,13,snapshot,True,True,False,True,compensated
694,grant,13,mapped,True,False,True,True,compensated
694,grant,13,value,True,False,True,True,compensated
694,grant,13,object,True,False,False,False,conflict
694,grant,13,field,True,False,False,False,conflict
694,grant,13,undoscope,True,False,True,True,compensated
694,grant,13,deny,True,False,False,False,denied
695,grant,20,snapshot,True,True,False,True,compensated
695,grant,20,mapped,True,True,False,True,compensated
695,grant,20,value,True,True,False,True,compensated
695,grant,20,object,True,False,False,False,conflict
695,grant,20,field,True,False,False,False,conflict
695,grant,20,undoscope,True,False,True,False,compensated
695,grant,20,deny,True,False,False,False,denied
696,grant,21,snapshot,True,True,False,True,compensated
696,grant,21,mapped,True,False,True,False,compensated
696,grant,21,value,True,False,False,False,conflict
696,grant,21,object,True,False,False,False,conflict
696,grant,21,field,True,False,False,False,conflict
696,grant,21,undoscope,True,False,True,False,compensated
696,grant,21,deny,True,False,False,False,denied
697,grant,22,snapshot,True,False,True,False,compensated
697,grant,22,mapped,True,False,True,False,compensated
697,grant,22,value,True,False,False,False,conflict
697,grant,22,object,True,False,False,False,conflict
697,grant,22,field,True,False,False,False,conflict
697,grant,22,undoscope,True,False,True,False,compensated
697,grant,22,deny,True,False,False,False,denied
698,grant,23,snapshot,True,True,False,True,compensated
698,grant,23,mapped,True,False,True,False,compensated
698,grant,23,value,True,False,False,False,conflict
698,grant,23,object,True,False,False,False,conflict
698,grant,23,field,True,False,False,False,conflict
698,grant,23,undoscope,True,False,True,False,compensated
698,grant,23,deny,True,False,False,False,denied
699,grant,30,snapshot,True,True,False,True,compensated
699,grant,30,mapped,True,True,False,True,compensated
699,grant,30,value,True,True,False,True,compensated
699,grant,30,object,True,False,False,False,conflict
699,grant,30,field,True,False,False,False,conflict
699,grant,30,undoscope,True,False,True,True,compensated
699,grant,30,deny,True,False,False,False,denied
700,grant,31,snapshot,True,True,False,True,compensated
700,grant,31,mapped,True,False,True,True,compensated
700,grant,31,value,True,False,True,True,compensated
700,grant,31,object,True,False,False,False,conflict
700,grant,31,field,True,False,False,False,conflict
700,grant,31,undoscope,True,False,True,True,compensated
700,grant,31,deny,True,False,False,False,denied
701,grant,32,snapshot,True,True,False,True,compensated
701,grant,32,mapped,True,False,True,False,compensated
701,grant,32,value,True,False,False,False,conflict
701,grant,32,object,True,False,False,False,conflict
701,grant,32,field,True,False,False,False,conflict
701,grant,32,undoscope,True,False,True,False,compensated
701,grant,32,deny,True,False,False,False,denied
702,grant,33,snapshot,True,True,False,True,compensated
702,grant,33,mapped,True,False,True,True,compensated
702,grant,33,value,True,False,True,True,compensated
702,grant,33,object,True,False,False,False,conflict
702,grant,33,field,True,False,True,True,compensated
702,grant,33,undoscope,True,False,True,True,compensated
702,grant,33,deny,True,False,False,False,denied
703,grant,000,snapshot,True,True,False,True,compensated
703,grant,000,mapped,True,True,False,True,compensated
703,grant,000,value,True,True,False,True,compensated
703,grant,000,object,True,False,False,False,conflict
703,grant,000,field,True,False,False,False,conflict
703,grant,000,undoscope,True,False,True,True,compensated
703,grant,000,deny,True,False,False,False,denied
704,grant,001,snapshot,True,True,False,True,compensated
704,grant,001,mapped,True,True,False,True,compensated
704,grant,001,value,True,True,False,True,compensated
704,grant,001,object,True,False,False,False,conflict
704,grant,001,field,True,False,False,False,conflict
704,grant,001,undoscope,True,False,True,True,compensated
704,grant,001,deny,True,False,False,False,denied
705,grant,002,snapshot,True,False,True,False,compensated
705,grant,002,mapped,True,False,True,False,compensated
705,grant,002,value,True,False,False,False,conflict
705,grant,002,object,True,False,False,False,conflict
705,grant,002,field,True,False,False,False,conflict
705,grant,002,undoscope,True,False,True,False,compensated
705,grant,002,deny,True,False,False,False,denied
706,grant,003,snapshot,True,True,False,True,compensated
706,grant,003,mapped,True,True,False,True,compensated
706,grant,003,value,True,True,False,True,compensated
706,grant,003,object,True,False,False,False,conflict
706,grant,003,field,True,False,False,False,conflict
706,grant,003,undoscope,True,False,True,True,compensated
706,grant,003,deny,True,False,False,False,denied
707,grant,010,snapshot,True,True,False,True,compensated
707,grant,010,mapped,True,True,False,True,compensated
707,grant,010,value,True,True,False,True,compensated
707,grant,010,object,True,False,False,False,conflict
707,grant,010,field,True,False,False,False,conflict
707,grant,010,undoscope,True,False,True,True,compensated
707,grant,010,deny,True,False,False,False,denied
708,grant,011,snapshot,True,True,False,True,compensated
708,grant,011,mapped,True,True,False,True,compensated
708,grant,011,value,True,True,False,True,compensated
708,grant,011,object,True,False,False,False,conflict
708,grant,011,field,True,False,False,False,conflict
708,grant,011,undoscope,True,False,True,True,compensated
708,grant,011,deny,True,False,False,False,denied
709,grant,012,snapshot,True,True,False,True,compensated
709,grant,012,mapped,True,False,True,False,compensated
709,grant,012,value,True,False,False,False,conflict
709,grant,012,object,True,False,False,False,conflict
709,grant,012,field,True,False,False,False,conflict
709,grant,012,undoscope,True,False,True,False,compensated
709,grant,012,deny,True,False,False,False,denied
710,grant,013,snapshot,True,True,False,True,compensated
710,grant,013,mapped,True,True,False,True,compensated
710,grant,013,value,True,True,False,True,compensated
710,grant,013,object,True,False,False,False,conflict
710,grant,013,field,True,False,False,False,conflict
710,grant,013,undoscope,True,False,True,True,compensated
710,grant,013,deny,True,False,False,False,denied
711,grant,020,snapshot,True,True,False,True,compensated
711,grant,020,mapped,True,True,False,True,compensated
711,grant,020,value,True,True,False,True,compensated
711,grant,020,object,True,False,False,False,conflict
711,grant,020,field,True,False,False,False,conflict
711,grant,020,undoscope,True,False,True,False,compensated
711,grant,020,deny,True,False,False,False,denied
712,grant,021,snapshot,True,True,False,True,compensated
712,grant,021,mapped,True,False,True,False,compensated
712,grant,021,value,True,False,False,False,conflict
712,grant,021,object,True,False,False,False,conflict
712,grant,021,field,True,False,False,False,conflict
712,grant,021,undoscope,True,False,True,False,compensated
712,grant,021,deny,True,False,False,False,denied
713,grant,022,snapshot,True,False,True,False,compensated
713,grant,022,mapped,True,False,True,False,compensated
713,grant,022,value,True,False,False,False,conflict
713,grant,022,object,True,False,False,False,conflict
713,grant,022,field,True,False,False,False,conflict
713,grant,022,undoscope,True,False,True,False,compensated
713,grant,022,deny,True,False,False,False,denied
714,grant,023,snapshot,True,True,False,True,compensated
714,grant,023,mapped,True,False,True,False,compensated
714,grant,023,value,True,False,False,False,conflict
714,grant,023,object,True,False,False,False,conflict
714,grant,023,field,True,False,False,False,conflict
714,grant,023,undoscope,True,False,True,False,compensated
714,grant,023,deny,True,False,False,False,denied
715,grant,030,snapshot,True,True,False,True,compensated
715,grant,030,mapped,True,True,False,True,compensated
715,grant,030,value,True,True,False,True,compensated
715,grant,030,object,True,False,False,False,conflict
715,grant,030,field,True,False,False,False,conflict
715,grant,030,undoscope,True,False,True,True,compensated
715,grant,030,deny,True,False,False,False,denied
716,grant,031,snapshot,True,True,False,True,compensated
716,grant,031,mapped,True,True,False,True,compensated
716,grant,031,value,True,True,False,True,compensated
716,grant,031,object,True,False,False,False,conflict
716,grant,031,field,True,False,False,False,conflict
716,grant,031,undoscope,True,False,True,True,compensated
716,grant,031,deny,True,False,False,False,denied
717,grant,032,snapshot,True,True,False,True,compensated
717,grant,032,mapped,True,False,True,False,compensated
717,grant,032,value,True,False,False,False,conflict
717,grant,032,object,True,False,False,False,conflict
717,grant,032,field,True,False,False,False,conflict
717,grant,032,undoscope,True,False,True,False,compensated
717,grant,032,deny,True,False,False,False,denied
718,grant,033,snapshot,True,True,False,True,compensated
718,grant,033,mapped,True,True,False,True,compensated
718,grant,033,value,True,True,False,True,compensated
718,grant,033,object,True,False,False,False,conflict
718,grant,033,field,True,False,False,False,conflict
718,grant,033,undoscope,True,False,True,True,compensated
718,grant,033,deny,True,False,False,False,denied
719,grant,100,snapshot,True,True,False,True,compensated
719,grant,100,mapped,True,True,False,True,compensated
719,grant,100,value,True,True,False,True,compensated
719,grant,100,object,True,False,False,False,conflict
719,grant,100,field,True,False,False,False,conflict
719,grant,100,undoscope,True,False,True,True,compensated
719,grant,100,deny,True,False,False,False,denied
720,grant,101,snapshot,True,True,False,True,compensated
720,grant,101,mapped,True,True,False,True,compensated
720,grant,101,value,True,True,False,True,compensated
720,grant,101,object,True,False,False,False,conflict
720,grant,101,field,True,False,False,False,conflict
720,grant,101,undoscope,True,False,True,True,compensated
720,grant,101,deny,True,False,False,False,denied
721,grant,102,snapshot,True,True,False,True,compensated
721,grant,102,mapped,True,False,True,False,compensated
721,grant,102,value,True,False,False,False,conflict
721,grant,102,object,True,False,False,False,conflict
721,grant,102,field,True,False,False,False,conflict
721,grant,102,undoscope,True,False,True,False,compensated
721,grant,102,deny,True,False,False,False,denied
722,grant,103,snapshot,True,True,False,True,compensated
722,grant,103,mapped,True,True,False,True,compensated
722,grant,103,value,True,True,False,True,compensated
722,grant,103,object,True,False,False,False,conflict
722,grant,103,field,True,False,False,False,conflict
722,grant,103,undoscope,True,False,True,True,compensated
722,grant,103,deny,True,False,False,False,denied
723,grant,110,snapshot,True,True,False,True,compensated
723,grant,110,mapped,True,True,False,True,compensated
723,grant,110,value,True,True,False,True,compensated
723,grant,110,object,True,False,False,False,conflict
723,grant,110,field,True,False,False,False,conflict
723,grant,110,undoscope,True,False,True,True,compensated
723,grant,110,deny,True,False,False,False,denied
724,grant,111,snapshot,True,True,False,True,compensated
724,grant,111,mapped,True,False,True,True,compensated
724,grant,111,value,True,False,True,True,compensated
724,grant,111,object,True,False,False,False,conflict
724,grant,111,field,True,False,False,False,conflict
724,grant,111,undoscope,True,False,True,True,compensated
724,grant,111,deny,True,False,False,False,denied
725,grant,112,snapshot,True,True,False,True,compensated
725,grant,112,mapped,True,False,True,False,compensated
725,grant,112,value,True,False,False,False,conflict
725,grant,112,object,True,False,False,False,conflict
725,grant,112,field,True,False,False,False,conflict
725,grant,112,undoscope,True,False,True,False,compensated
725,grant,112,deny,True,False,False,False,denied
726,grant,113,snapshot,True,True,False,True,compensated
726,grant,113,mapped,True,False,True,True,compensated
726,grant,113,value,True,False,True,True,compensated
726,grant,113,object,True,False,False,False,conflict
726,grant,113,field,True,False,False,False,conflict
726,grant,113,undoscope,True,False,True,True,compensated
726,grant,113,deny,True,False,False,False,denied
727,grant,120,snapshot,True,True,False,True,compensated
727,grant,120,mapped,True,True,False,True,compensated
727,grant,120,value,True,True,False,True,compensated
727,grant,120,object,True,False,False,False,conflict
727,grant,120,field,True,False,False,False,conflict
727,grant,120,undoscope,True,False,True,False,compensated
727,grant,120,deny,True,False,False,False,denied
728,grant,121,snapshot,True,True,False,True,compensated
728,grant,121,mapped,True,False,True,False,compensated
728,grant,121,value,True,False,False,False,conflict
728,grant,121,object,True,False,False,False,conflict
728,grant,121,field,True,False,False,False,conflict
728,grant,121,undoscope,True,False,True,False,compensated
728,grant,121,deny,True,False,False,False,denied
729,grant,122,snapshot,True,True,False,True,compensated
729,grant,122,mapped,True,False,True,False,compensated
729,grant,122,value,True,False,False,False,conflict
729,grant,122,object,True,False,False,False,conflict
729,grant,122,field,True,False,False,False,conflict
729,grant,122,undoscope,True,False,True,False,compensated
729,grant,122,deny,True,False,False,False,denied
730,grant,123,snapshot,True,True,False,True,compensated
730,grant,123,mapped,True,False,True,False,compensated
730,grant,123,value,True,False,False,False,conflict
730,grant,123,object,True,False,False,False,conflict
730,grant,123,field,True,False,False,False,conflict
730,grant,123,undoscope,True,False,True,False,compensated
730,grant,123,deny,True,False,False,False,denied
731,grant,130,snapshot,True,True,False,True,compensated
731,grant,130,mapped,True,True,False,True,compensated
731,grant,130,value,True,True,False,True,compensated
731,grant,130,object,True,False,False,False,conflict
731,grant,130,field,True,False,False,False,conflict
731,grant,130,undoscope,True,False,True,True,compensated
731,grant,130,deny,True,False,False,False,denied
732,grant,131,snapshot,True,True,False,True,compensated
732,grant,131,mapped,True,False,True,True,compensated
732,grant,131,value,True,False,True,True,compensated
732,grant,131,object,True,False,False,False,conflict
732,grant,131,field,True,False,False,False,conflict
732,grant,131,undoscope,True,False,True,True,compensated
732,grant,131,deny,True,False,False,False,denied
733,grant,132,snapshot,True,True,False,True,compensated
733,grant,132,mapped,True,False,True,False,compensated
733,grant,132,value,True,False,False,False,conflict
733,grant,132,object,True,False,False,False,conflict
733,grant,132,field,True,False,False,False,conflict
733,grant,132,undoscope,True,False,True,False,compensated
733,grant,132,deny,True,False,False,False,denied
734,grant,133,snapshot,True,True,False,True,compensated
734,grant,133,mapped,True,False,True,True,compensated
734,grant,133,value,True,False,True,True,compensated
734,grant,133,object,True,False,False,False,conflict
734,grant,133,field,True,False,False,False,conflict
734,grant,133,undoscope,True,False,True,True,compensated
734,grant,133,deny,True,False,False,False,denied
735,grant,200,snapshot,True,True,False,True,compensated
735,grant,200,mapped,True,True,False,True,compensated
735,grant,200,value,True,True,False,True,compensated
735,grant,200,object,True,False,False,False,conflict
735,grant,200,field,True,False,False,False,conflict
735,grant,200,undoscope,True,False,True,False,compensated
735,grant,200,deny,True,False,False,False,denied
736,grant,201,snapshot,True,True,False,True,compensated
736,grant,201,mapped,True,True,False,True,compensated
736,grant,201,value,True,True,False,True,compensated
736,grant,201,object,True,False,False,False,conflict
736,grant,201,field,True,False,False,False,conflict
736,grant,201,undoscope,True,False,True,False,compensated
736,grant,201,deny,True,False,False,False,denied
737,grant,202,snapshot,True,False,True,False,compensated
737,grant,202,mapped,True,False,True,False,compensated
737,grant,202,value,True,False,False,False,conflict
737,grant,202,object,True,False,False,False,conflict
737,grant,202,field,True,False,False,False,conflict
737,grant,202,undoscope,True,False,True,False,compensated
737,grant,202,deny,True,False,False,False,denied
738,grant,203,snapshot,True,True,False,True,compensated
738,grant,203,mapped,True,True,False,True,compensated
738,grant,203,value,True,True,False,True,compensated
738,grant,203,object,True,False,False,False,conflict
738,grant,203,field,True,False,False,False,conflict
738,grant,203,undoscope,True,False,True,False,compensated
738,grant,203,deny,True,False,False,False,denied
739,grant,210,snapshot,True,True,False,True,compensated
739,grant,210,mapped,True,True,False,True,compensated
739,grant,210,value,True,True,False,True,compensated
739,grant,210,object,True,False,False,False,conflict
739,grant,210,field,True,False,False,False,conflict
739,grant,210,undoscope,True,False,True,False,compensated
739,grant,210,deny,True,False,False,False,denied
740,grant,211,snapshot,True,True,False,True,compensated
740,grant,211,mapped,True,False,True,False,compensated
740,grant,211,value,True,False,False,False,conflict
740,grant,211,object,True,False,False,False,conflict
740,grant,211,field,True,False,False,False,conflict
740,grant,211,undoscope,True,False,True,False,compensated
740,grant,211,deny,True,False,False,False,denied
741,grant,212,snapshot,True,True,False,True,compensated
741,grant,212,mapped,True,False,True,False,compensated
741,grant,212,value,True,False,False,False,conflict
741,grant,212,object,True,False,False,False,conflict
741,grant,212,field,True,False,False,False,conflict
741,grant,212,undoscope,True,False,True,False,compensated
741,grant,212,deny,True,False,False,False,denied
742,grant,213,snapshot,True,True,False,True,compensated
742,grant,213,mapped,True,False,True,False,compensated
742,grant,213,value,True,False,False,False,conflict
742,grant,213,object,True,False,False,False,conflict
742,grant,213,field,True,False,False,False,conflict
742,grant,213,undoscope,True,False,True,False,compensated
742,grant,213,deny,True,False,False,False,denied
743,grant,220,snapshot,True,True,False,True,compensated
743,grant,220,mapped,True,True,False,True,compensated
743,grant,220,value,True,True,False,True,compensated
743,grant,220,object,True,False,False,False,conflict
743,grant,220,field,True,False,False,False,conflict
743,grant,220,undoscope,True,False,True,False,compensated
743,grant,220,deny,True,False,False,False,denied
744,grant,221,snapshot,True,True,False,True,compensated
744,grant,221,mapped,True,False,True,False,compensated
744,grant,221,value,True,False,False,False,conflict
744,grant,221,object,True,False,False,False,conflict
744,grant,221,field,True,False,False,False,conflict
744,grant,221,undoscope,True,False,True,False,compensated
744,grant,221,deny,True,False,False,False,denied
745,grant,222,snapshot,True,False,True,False,compensated
745,grant,222,mapped,True,False,True,False,compensated
745,grant,222,value,True,False,False,False,conflict
745,grant,222,object,True,False,False,False,conflict
745,grant,222,field,True,False,False,False,conflict
745,grant,222,undoscope,True,False,True,False,compensated
745,grant,222,deny,True,False,False,False,denied
746,grant,223,snapshot,True,True,False,True,compensated
746,grant,223,mapped,True,False,True,False,compensated
746,grant,223,value,True,False,False,False,conflict
746,grant,223,object,True,False,False,False,conflict
746,grant,223,field,True,False,False,False,conflict
746,grant,223,undoscope,True,False,True,False,compensated
746,grant,223,deny,True,False,False,False,denied
747,grant,230,snapshot,True,True,False,True,compensated
747,grant,230,mapped,True,True,False,True,compensated
747,grant,230,value,True,True,False,True,compensated
747,grant,230,object,True,False,False,False,conflict
747,grant,230,field,True,False,False,False,conflict
747,grant,230,undoscope,True,False,True,False,compensated
747,grant,230,deny,True,False,False,False,denied
748,grant,231,snapshot,True,True,False,True,compensated
748,grant,231,mapped,True,False,True,False,compensated
748,grant,231,value,True,False,False,False,conflict
748,grant,231,object,True,False,False,False,conflict
748,grant,231,field,True,False,False,False,conflict
748,grant,231,undoscope,True,False,True,False,compensated
748,grant,231,deny,True,False,False,False,denied
749,grant,232,snapshot,True,True,False,True,compensated
749,grant,232,mapped,True,False,True,False,compensated
749,grant,232,value,True,False,False,False,conflict
749,grant,232,object,True,False,False,False,conflict
749,grant,232,field,True,False,False,False,conflict
749,grant,232,undoscope,True,False,True,False,compensated
749,grant,232,deny,True,False,False,False,denied
750,grant,233,snapshot,True,True,False,True,compensated
750,grant,233,mapped,True,False,True,False,compensated
750,grant,233,value,True,False,False,False,conflict
750,grant,233,object,True,False,False,False,conflict
750,grant,233,field,True,False,False,False,conflict
750,grant,233,undoscope,True,False,True,False,compensated
750,grant,233,deny,True,False,False,False,denied
751,grant,300,snapshot,True,True,False,True,compensated
751,grant,300,mapped,True,True,False,True,compensated
751,grant,300,value,True,True,False,True,compensated
751,grant,300,object,True,False,False,False,conflict
751,grant,300,field,True,False,False,False,conflict
751,grant,300,undoscope,True,False,True,True,compensated
751,grant,300,deny,True,False,False,False,denied
752,grant,301,snapshot,True,True,False,True,compensated
752,grant,301,mapped,True,True,False,True,compensated
752,grant,301,value,True,True,False,True,compensated
752,grant,301,object,True,False,False,False,conflict
752,grant,301,field,True,False,False,False,conflict
752,grant,301,undoscope,True,False,True,True,compensated
752,grant,301,deny,True,False,False,False,denied
753,grant,302,snapshot,True,True,False,True,compensated
753,grant,302,mapped,True,False,True,False,compensated
753,grant,302,value,True,False,False,False,conflict
753,grant,302,object,True,False,False,False,conflict
753,grant,302,field,True,False,False,False,conflict
753,grant,302,undoscope,True,False,True,False,compensated
753,grant,302,deny,True,False,False,False,denied
754,grant,303,snapshot,True,True,False,True,compensated
754,grant,303,mapped,True,True,False,True,compensated
754,grant,303,value,True,True,False,True,compensated
754,grant,303,object,True,False,False,False,conflict
754,grant,303,field,True,False,False,False,conflict
754,grant,303,undoscope,True,False,True,True,compensated
754,grant,303,deny,True,False,False,False,denied
755,grant,310,snapshot,True,True,False,True,compensated
755,grant,310,mapped,True,True,False,True,compensated
755,grant,310,value,True,True,False,True,compensated
755,grant,310,object,True,False,False,False,conflict
755,grant,310,field,True,False,False,False,conflict
755,grant,310,undoscope,True,False,True,True,compensated
755,grant,310,deny,True,False,False,False,denied
756,grant,311,snapshot,True,True,False,True,compensated
756,grant,311,mapped,True,False,True,True,compensated
756,grant,311,value,True,False,True,True,compensated
756,grant,311,object,True,False,False,False,conflict
756,grant,311,field,True,False,False,False,conflict
756,grant,311,undoscope,True,False,True,True,compensated
756,grant,311,deny,True,False,False,False,denied
757,grant,312,snapshot,True,True,False,True,compensated
757,grant,312,mapped,True,False,True,False,compensated
757,grant,312,value,True,False,False,False,conflict
757,grant,312,object,True,False,False,False,conflict
757,grant,312,field,True,False,False,False,conflict
757,grant,312,undoscope,True,False,True,False,compensated
757,grant,312,deny,True,False,False,False,denied
758,grant,313,snapshot,True,True,False,True,compensated
758,grant,313,mapped,True,False,True,True,compensated
758,grant,313,value,True,False,True,True,compensated
758,grant,313,object,True,False,False,False,conflict
758,grant,313,field,True,False,False,False,conflict
758,grant,313,undoscope,True,False,True,True,compensated
758,grant,313,deny,True,False,False,False,denied
759,grant,320,snapshot,True,True,False,True,compensated
759,grant,320,mapped,True,True,False,True,compensated
759,grant,320,value,True,True,False,True,compensated
759,grant,320,object,True,False,False,False,conflict
759,grant,320,field,True,False,False,False,conflict
759,grant,320,undoscope,True,False,True,False,compensated
759,grant,320,deny,True,False,False,False,denied
760,grant,321,snapshot,True,True,False,True,compensated
760,grant,321,mapped,True,False,True,False,compensated
760,grant,321,value,True,False,False,False,conflict
760,grant,321,object,True,False,False,False,conflict
760,grant,321,field,True,False,False,False,conflict
760,grant,321,undoscope,True,False,True,False,compensated
760,grant,321,deny,True,False,False,False,denied
761,grant,322,snapshot,True,True,False,True,compensated
761,grant,322,mapped,True,False,True,False,compensated
761,grant,322,value,True,False,False,False,conflict
761,grant,322,object,True,False,False,False,conflict
761,grant,322,field,True,False,False,False,conflict
761,grant,322,undoscope,True,False,True,False,compensated
761,grant,322,deny,True,False,False,False,denied
762,grant,323,snapshot,True,True,False,True,compensated
762,grant,323,mapped,True,False,True,False,compensated
762,grant,323,value,True,False,False,False,conflict
762,grant,323,object,True,False,False,False,conflict
762,grant,323,field,True,False,False,False,conflict
762,grant,323,undoscope,True,False,True,False,compensated
762,grant,323,deny,True,False,False,False,denied
763,grant,330,snapshot,True,True,False,True,compensated
763,grant,330,mapped,True,True,False,True,compensated
763,grant,330,value,True,True,False,True,compensated
763,grant,330,object,True,False,False,False,conflict
763,grant,330,field,True,False,False,False,conflict
763,grant,330,undoscope,True,False,True,True,compensated
763,grant,330,deny,True,False,False,False,denied
764,grant,331,snapshot,True,True,False,True,compensated
764,grant,331,mapped,True,False,True,True,compensated
764,grant,331,value,True,False,True,True,compensated
764,grant,331,object,True,False,False,False,conflict
764,grant,331,field,True,False,False,False,conflict
764,grant,331,undoscope,True,False,True,True,compensated
764,grant,331,deny,True,False,False,False,denied
765,grant,332,snapshot,True,True,False,True,compensated
765,grant,332,mapped,True,False,True,False,compensated
765,grant,332,value,True,False,False,False,conflict
765,grant,332,object,True,False,False,False,conflict
765,grant,332,field,True,False,False,False,conflict
765,grant,332,undoscope,True,False,True,False,compensated
765,grant,332,deny,True,False,False,False,denied
766,grant,333,snapshot,True,True,False,True,compensated
766,grant,333,mapped,True,False,True,True,compensated
766,grant,333,value,True,False,True,True,compensated
766,grant,333,object,True,False,False,False,conflict
766,grant,333,field,True,False,True,True,compensated
766,grant,333,undoscope,True,False,True,True,compensated
766,grant,333,deny,True,False,False,False,denied
767,grant,0000,snapshot,True,True,False,True,compensated
767,grant,0000,mapped,True,True,False,True,compensated
767,grant,0000,value,True,True,False,True,compensated
767,grant,0000,object,True,False,False,False,conflict
767,grant,0000,field,True,False,False,False,conflict
767,grant,0000,undoscope,True,False,True,True,compensated
767,grant,0000,deny,True,False,False,False,denied
768,grant,0001,snapshot,True,True,False,True,compensated
768,grant,0001,mapped,True,True,False,True,compensated
768,grant,0001,value,True,True,False,True,compensated
768,grant,0001,object,True,False,False,False,conflict
768,grant,0001,field,True,False,False,False,conflict
768,grant,0001,undoscope,True,False,True,True,compensated
768,grant,0001,deny,True,False,False,False,denied
769,grant,0002,snapshot,True,False,True,False,compensated
769,grant,0002,mapped,True,False,True,False,compensated
769,grant,0002,value,True,False,False,False,conflict
769,grant,0002,object,True,False,False,False,conflict
769,grant,0002,field,True,False,False,False,conflict
769,grant,0002,undoscope,True,False,True,False,compensated
769,grant,0002,deny,True,False,False,False,denied
770,grant,0003,snapshot,True,True,False,True,compensated
770,grant,0003,mapped,True,True,False,True,compensated
770,grant,0003,value,True,True,False,True,compensated
770,grant,0003,object,True,False,False,False,conflict
770,grant,0003,field,True,False,False,False,conflict
770,grant,0003,undoscope,True,False,True,True,compensated
770,grant,0003,deny,True,False,False,False,denied
771,grant,0010,snapshot,True,True,False,True,compensated
771,grant,0010,mapped,True,True,False,True,compensated
771,grant,0010,value,True,True,False,True,compensated
771,grant,0010,object,True,False,False,False,conflict
771,grant,0010,field,True,False,False,False,conflict
771,grant,0010,undoscope,True,False,True,True,compensated
771,grant,0010,deny,True,False,False,False,denied
772,grant,0011,snapshot,True,True,False,True,compensated
772,grant,0011,mapped,True,True,False,True,compensated
772,grant,0011,value,True,True,False,True,compensated
772,grant,0011,object,True,False,False,False,conflict
772,grant,0011,field,True,False,False,False,conflict
772,grant,0011,undoscope,True,False,True,True,compensated
772,grant,0011,deny,True,False,False,False,denied
773,grant,0012,snapshot,True,True,False,True,compensated
773,grant,0012,mapped,True,False,True,False,compensated
773,grant,0012,value,True,False,False,False,conflict
773,grant,0012,object,True,False,False,False,conflict
773,grant,0012,field,True,False,False,False,conflict
773,grant,0012,undoscope,True,False,True,False,compensated
773,grant,0012,deny,True,False,False,False,denied
774,grant,0013,snapshot,True,True,False,True,compensated
774,grant,0013,mapped,True,True,False,True,compensated
774,grant,0013,value,True,True,False,True,compensated
774,grant,0013,object,True,False,False,False,conflict
774,grant,0013,field,True,False,False,False,conflict
774,grant,0013,undoscope,True,False,True,True,compensated
774,grant,0013,deny,True,False,False,False,denied
775,grant,0020,snapshot,True,True,False,True,compensated
775,grant,0020,mapped,True,True,False,True,compensated
775,grant,0020,value,True,True,False,True,compensated
775,grant,0020,object,True,False,False,False,conflict
775,grant,0020,field,True,False,False,False,conflict
775,grant,0020,undoscope,True,False,True,False,compensated
775,grant,0020,deny,True,False,False,False,denied
776,grant,0021,snapshot,True,True,False,True,compensated
776,grant,0021,mapped,True,False,True,False,compensated
776,grant,0021,value,True,False,False,False,conflict
776,grant,0021,object,True,False,False,False,conflict
776,grant,0021,field,True,False,False,False,conflict
776,grant,0021,undoscope,True,False,True,False,compensated
776,grant,0021,deny,True,False,False,False,denied
777,grant,0022,snapshot,True,False,True,False,compensated
777,grant,0022,mapped,True,False,True,False,compensated
777,grant,0022,value,True,False,False,False,conflict
777,grant,0022,object,True,False,False,False,conflict
777,grant,0022,field,True,False,False,False,conflict
777,grant,0022,undoscope,True,False,True,False,compensated
777,grant,0022,deny,True,False,False,False,denied
778,grant,0023,snapshot,True,True,False,True,compensated
778,grant,0023,mapped,True,False,True,False,compensated
778,grant,0023,value,True,False,False,False,conflict
778,grant,0023,object,True,False,False,False,conflict
778,grant,0023,field,True,False,False,False,conflict
778,grant,0023,undoscope,True,False,True,False,compensated
778,grant,0023,deny,True,False,False,False,denied
779,grant,0030,snapshot,True,True,False,True,compensated
779,grant,0030,mapped,True,True,False,True,compensated
779,grant,0030,value,True,True,False,True,compensated
779,grant,0030,object,True,False,False,False,conflict
779,grant,0030,field,True,False,False,False,conflict
779,grant,0030,undoscope,True,False,True,True,compensated
779,grant,0030,deny,True,False,False,False,denied
780,grant,0031,snapshot,True,True,False,True,compensated
780,grant,0031,mapped,True,True,False,True,compensated
780,grant,0031,value,True,True,False,True,compensated
780,grant,0031,object,True,False,False,False,conflict
780,grant,0031,field,True,False,False,False,conflict
780,grant,0031,undoscope,True,False,True,True,compensated
780,grant,0031,deny,True,False,False,False,denied
781,grant,0032,snapshot,True,True,False,True,compensated
781,grant,0032,mapped,True,False,True,False,compensated
781,grant,0032,value,True,False,False,False,conflict
781,grant,0032,object,True,False,False,False,conflict
781,grant,0032,field,True,False,False,False,conflict
781,grant,0032,undoscope,True,False,True,False,compensated
781,grant,0032,deny,True,False,False,False,denied
782,grant,0033,snapshot,True,True,False,True,compensated
782,grant,0033,mapped,True,True,False,True,compensated
782,grant,0033,value,True,True,False,True,compensated
782,grant,0033,object,True,False,False,False,conflict
782,grant,0033,field,True,False,False,False,conflict
782,grant,0033,undoscope,True,False,True,True,compensated
782,grant,0033,deny,True,False,False,False,denied
783,grant,0100,snapshot,True,True,False,True,compensated
783,grant,0100,mapped,True,True,False,True,compensated
783,grant,0100,value,True,True,False,True,compensated
783,grant,0100,object,True,False,False,False,conflict
783,grant,0100,field,True,False,False,False,conflict
783,grant,0100,undoscope,True,False,True,True,compensated
783,grant,0100,deny,True,False,False,False,denied
784,grant,0101,snapshot,True,True,False,True,compensated
784,grant,0101,mapped,True,True,False,True,compensated
784,grant,0101,value,True,True,False,True,compensated
784,grant,0101,object,True,False,False,False,conflict
784,grant,0101,field,True,False,False,False,conflict
784,grant,0101,undoscope,True,False,True,True,compensated
784,grant,0101,deny,True,False,False,False,denied
785,grant,0102,snapshot,True,True,False,True,compensated
785,grant,0102,mapped,True,False,True,False,compensated
785,grant,0102,value,True,False,False,False,conflict
785,grant,0102,object,True,False,False,False,conflict
785,grant,0102,field,True,False,False,False,conflict
785,grant,0102,undoscope,True,False,True,False,compensated
785,grant,0102,deny,True,False,False,False,denied
786,grant,0103,snapshot,True,True,False,True,compensated
786,grant,0103,mapped,True,True,False,True,compensated
786,grant,0103,value,True,True,False,True,compensated
786,grant,0103,object,True,False,False,False,conflict
786,grant,0103,field,True,False,False,False,conflict
786,grant,0103,undoscope,True,False,True,True,compensated
786,grant,0103,deny,True,False,False,False,denied
787,grant,0110,snapshot,True,True,False,True,compensated
787,grant,0110,mapped,True,True,False,True,compensated
787,grant,0110,value,True,True,False,True,compensated
787,grant,0110,object,True,False,False,False,conflict
787,grant,0110,field,True,False,False,False,conflict
787,grant,0110,undoscope,True,False,True,True,compensated
787,grant,0110,deny,True,False,False,False,denied
788,grant,0111,snapshot,True,True,False,True,compensated
788,grant,0111,mapped,True,True,False,True,compensated
788,grant,0111,value,True,True,False,True,compensated
788,grant,0111,object,True,False,False,False,conflict
788,grant,0111,field,True,False,False,False,conflict
788,grant,0111,undoscope,True,False,True,True,compensated
788,grant,0111,deny,True,False,False,False,denied
789,grant,0112,snapshot,True,True,False,True,compensated
789,grant,0112,mapped,True,False,True,False,compensated
789,grant,0112,value,True,False,False,False,conflict
789,grant,0112,object,True,False,False,False,conflict
789,grant,0112,field,True,False,False,False,conflict
789,grant,0112,undoscope,True,False,True,False,compensated
789,grant,0112,deny,True,False,False,False,denied
790,grant,0113,snapshot,True,True,False,True,compensated
790,grant,0113,mapped,True,True,False,True,compensated
790,grant,0113,value,True,True,False,True,compensated
790,grant,0113,object,True,False,False,False,conflict
790,grant,0113,field,True,False,False,False,conflict
790,grant,0113,undoscope,True,False,True,True,compensated
790,grant,0113,deny,True,False,False,False,denied
791,grant,0120,snapshot,True,True,False,True,compensated
791,grant,0120,mapped,True,True,False,True,compensated
791,grant,0120,value,True,True,False,True,compensated
791,grant,0120,object,True,False,False,False,conflict
791,grant,0120,field,True,False,False,False,conflict
791,grant,0120,undoscope,True,False,True,False,compensated
791,grant,0120,deny,True,False,False,False,denied
792,grant,0121,snapshot,True,True,False,True,compensated
792,grant,0121,mapped,True,False,True,False,compensated
792,grant,0121,value,True,False,False,False,conflict
792,grant,0121,object,True,False,False,False,conflict
792,grant,0121,field,True,False,False,False,conflict
792,grant,0121,undoscope,True,False,True,False,compensated
792,grant,0121,deny,True,False,False,False,denied
793,grant,0122,snapshot,True,True,False,True,compensated
793,grant,0122,mapped,True,False,True,False,compensated
793,grant,0122,value,True,False,False,False,conflict
793,grant,0122,object,True,False,False,False,conflict
793,grant,0122,field,True,False,False,False,conflict
793,grant,0122,undoscope,True,False,True,False,compensated
793,grant,0122,deny,True,False,False,False,denied
794,grant,0123,snapshot,True,True,False,True,compensated
794,grant,0123,mapped,True,False,True,False,compensated
794,grant,0123,value,True,False,False,False,conflict
794,grant,0123,object,True,False,False,False,conflict
794,grant,0123,field,True,False,False,False,conflict
794,grant,0123,undoscope,True,False,True,False,compensated
794,grant,0123,deny,True,False,False,False,denied
795,grant,0130,snapshot,True,True,False,True,compensated
795,grant,0130,mapped,True,True,False,True,compensated
795,grant,0130,value,True,True,False,True,compensated
795,grant,0130,object,True,False,False,False,conflict
795,grant,0130,field,True,False,False,False,conflict
795,grant,0130,undoscope,True,False,True,True,compensated
795,grant,0130,deny,True,False,False,False,denied
796,grant,0131,snapshot,True,True,False,True,compensated
796,grant,0131,mapped,True,True,False,True,compensated
796,grant,0131,value,True,True,False,True,compensated
796,grant,0131,object,True,False,False,False,conflict
796,grant,0131,field,True,False,False,False,conflict
796,grant,0131,undoscope,True,False,True,True,compensated
796,grant,0131,deny,True,False,False,False,denied
797,grant,0132,snapshot,True,True,False,True,compensated
797,grant,0132,mapped,True,False,True,False,compensated
797,grant,0132,value,True,False,False,False,conflict
797,grant,0132,object,True,False,False,False,conflict
797,grant,0132,field,True,False,False,False,conflict
797,grant,0132,undoscope,True,False,True,False,compensated
797,grant,0132,deny,True,False,False,False,denied
798,grant,0133,snapshot,True,True,False,True,compensated
798,grant,0133,mapped,True,True,False,True,compensated
798,grant,0133,value,True,True,False,True,compensated
798,grant,0133,object,True,False,False,False,conflict
798,grant,0133,field,True,False,False,False,conflict
798,grant,0133,undoscope,True,False,True,True,compensated
798,grant,0133,deny,True,False,False,False,denied
799,grant,0200,snapshot,True,True,False,True,compensated
799,grant,0200,mapped,True,True,False,True,compensated
799,grant,0200,value,True,True,False,True,compensated
799,grant,0200,object,True,False,False,False,conflict
799,grant,0200,field,True,False,False,False,conflict
799,grant,0200,undoscope,True,False,True,False,compensated
799,grant,0200,deny,True,False,False,False,denied
800,grant,0201,snapshot,True,True,False,True,compensated
800,grant,0201,mapped,True,True,False,True,compensated
800,grant,0201,value,True,True,False,True,compensated
800,grant,0201,object,True,False,False,False,conflict
800,grant,0201,field,True,False,False,False,conflict
800,grant,0201,undoscope,True,False,True,False,compensated
800,grant,0201,deny,True,False,False,False,denied
801,grant,0202,snapshot,True,False,True,False,compensated
801,grant,0202,mapped,True,False,True,False,compensated
801,grant,0202,value,True,False,False,False,conflict
801,grant,0202,object,True,False,False,False,conflict
801,grant,0202,field,True,False,False,False,conflict
801,grant,0202,undoscope,True,False,True,False,compensated
801,grant,0202,deny,True,False,False,False,denied
802,grant,0203,snapshot,True,True,False,True,compensated
802,grant,0203,mapped,True,True,False,True,compensated
802,grant,0203,value,True,True,False,True,compensated
802,grant,0203,object,True,False,False,False,conflict
802,grant,0203,field,True,False,False,False,conflict
802,grant,0203,undoscope,True,False,True,False,compensated
802,grant,0203,deny,True,False,False,False,denied
803,grant,0210,snapshot,True,True,False,True,compensated
803,grant,0210,mapped,True,True,False,True,compensated
803,grant,0210,value,True,True,False,True,compensated
803,grant,0210,object,True,False,False,False,conflict
803,grant,0210,field,True,False,False,False,conflict
803,grant,0210,undoscope,True,False,True,False,compensated
803,grant,0210,deny,True,False,False,False,denied
804,grant,0211,snapshot,True,True,False,True,compensated
804,grant,0211,mapped,True,False,True,False,compensated
804,grant,0211,value,True,False,False,False,conflict
804,grant,0211,object,True,False,False,False,conflict
804,grant,0211,field,True,False,False,False,conflict
804,grant,0211,undoscope,True,False,True,False,compensated
804,grant,0211,deny,True,False,False,False,denied
805,grant,0212,snapshot,True,True,False,True,compensated
805,grant,0212,mapped,True,False,True,False,compensated
805,grant,0212,value,True,False,False,False,conflict
805,grant,0212,object,True,False,False,False,conflict
805,grant,0212,field,True,False,False,False,conflict
805,grant,0212,undoscope,True,False,True,False,compensated
805,grant,0212,deny,True,False,False,False,denied
806,grant,0213,snapshot,True,True,False,True,compensated
806,grant,0213,mapped,True,False,True,False,compensated
806,grant,0213,value,True,False,False,False,conflict
806,grant,0213,object,True,False,False,False,conflict
806,grant,0213,field,True,False,False,False,conflict
806,grant,0213,undoscope,True,False,True,False,compensated
806,grant,0213,deny,True,False,False,False,denied
807,grant,0220,snapshot,True,True,False,True,compensated
807,grant,0220,mapped,True,True,False,True,compensated
807,grant,0220,value,True,True,False,True,compensated
807,grant,0220,object,True,False,False,False,conflict
807,grant,0220,field,True,False,False,False,conflict
807,grant,0220,undoscope,True,False,True,False,compensated
807,grant,0220,deny,True,False,False,False,denied
808,grant,0221,snapshot,True,True,False,True,compensated
808,grant,0221,mapped,True,False,True,False,compensated
808,grant,0221,value,True,False,False,False,conflict
808,grant,0221,object,True,False,False,False,conflict
808,grant,0221,field,True,False,False,False,conflict
808,grant,0221,undoscope,True,False,True,False,compensated
808,grant,0221,deny,True,False,False,False,denied
809,grant,0222,snapshot,True,False,True,False,compensated
809,grant,0222,mapped,True,False,True,False,compensated
809,grant,0222,value,True,False,False,False,conflict
809,grant,0222,object,True,False,False,False,conflict
809,grant,0222,field,True,False,False,False,conflict
809,grant,0222,undoscope,True,False,True,False,compensated
809,grant,0222,deny,True,False,False,False,denied
810,grant,0223,snapshot,True,True,False,True,compensated
810,grant,0223,mapped,True,False,True,False,compensated
810,grant,0223,value,True,False,False,False,conflict
810,grant,0223,object,True,False,False,False,conflict
810,grant,0223,field,True,False,False,False,conflict
810,grant,0223,undoscope,True,False,True,False,compensated
810,grant,0223,deny,True,False,False,False,denied
811,grant,0230,snapshot,True,True,False,True,compensated
811,grant,0230,mapped,True,True,False,True,compensated
811,grant,0230,value,True,True,False,True,compensated
811,grant,0230,object,True,False,False,False,conflict
811,grant,0230,field,True,False,False,False,conflict
811,grant,0230,undoscope,True,False,True,False,compensated
811,grant,0230,deny,True,False,False,False,denied
812,grant,0231,snapshot,True,True,False,True,compensated
812,grant,0231,mapped,True,False,True,False,compensated
812,grant,0231,value,True,False,False,False,conflict
812,grant,0231,object,True,False,False,False,conflict
812,grant,0231,field,True,False,False,False,conflict
812,grant,0231,undoscope,True,False,True,False,compensated
812,grant,0231,deny,True,False,False,False,denied
813,grant,0232,snapshot,True,True,False,True,compensated
813,grant,0232,mapped,True,False,True,False,compensated
813,grant,0232,value,True,False,False,False,conflict
813,grant,0232,object,True,False,False,False,conflict
813,grant,0232,field,True,False,False,False,conflict
813,grant,0232,undoscope,True,False,True,False,compensated
813,grant,0232,deny,True,False,False,False,denied
814,grant,0233,snapshot,True,True,False,True,compensated
814,grant,0233,mapped,True,False,True,False,compensated
814,grant,0233,value,True,False,False,False,conflict
814,grant,0233,object,True,False,False,False,conflict
814,grant,0233,field,True,False,False,False,conflict
814,grant,0233,undoscope,True,False,True,False,compensated
814,grant,0233,deny,True,False,False,False,denied
815,grant,0300,snapshot,True,True,False,True,compensated
815,grant,0300,mapped,True,True,False,True,compensated
815,grant,0300,value,True,True,False,True,compensated
815,grant,0300,object,True,False,False,False,conflict
815,grant,0300,field,True,False,False,False,conflict
815,grant,0300,undoscope,True,False,True,True,compensated
815,grant,0300,deny,True,False,False,False,denied
816,grant,0301,snapshot,True,True,False,True,compensated
816,grant,0301,mapped,True,True,False,True,compensated
816,grant,0301,value,True,True,False,True,compensated
816,grant,0301,object,True,False,False,False,conflict
816,grant,0301,field,True,False,False,False,conflict
816,grant,0301,undoscope,True,False,True,True,compensated
816,grant,0301,deny,True,False,False,False,denied
817,grant,0302,snapshot,True,True,False,True,compensated
817,grant,0302,mapped,True,False,True,False,compensated
817,grant,0302,value,True,False,False,False,conflict
817,grant,0302,object,True,False,False,False,conflict
817,grant,0302,field,True,False,False,False,conflict
817,grant,0302,undoscope,True,False,True,False,compensated
817,grant,0302,deny,True,False,False,False,denied
818,grant,0303,snapshot,True,True,False,True,compensated
818,grant,0303,mapped,True,True,False,True,compensated
818,grant,0303,value,True,True,False,True,compensated
818,grant,0303,object,True,False,False,False,conflict
818,grant,0303,field,True,False,False,False,conflict
818,grant,0303,undoscope,True,False,True,True,compensated
818,grant,0303,deny,True,False,False,False,denied
819,grant,0310,snapshot,True,True,False,True,compensated
819,grant,0310,mapped,True,True,False,True,compensated
819,grant,0310,value,True,True,False,True,compensated
819,grant,0310,object,True,False,False,False,conflict
819,grant,0310,field,True,False,False,False,conflict
819,grant,0310,undoscope,True,False,True,True,compensated
819,grant,0310,deny,True,False,False,False,denied
820,grant,0311,snapshot,True,True,False,True,compensated
820,grant,0311,mapped,True,True,False,True,compensated
820,grant,0311,value,True,True,False,True,compensated
820,grant,0311,object,True,False,False,False,conflict
820,grant,0311,field,True,False,False,False,conflict
820,grant,0311,undoscope,True,False,True,True,compensated
820,grant,0311,deny,True,False,False,False,denied
821,grant,0312,snapshot,True,True,False,True,compensated
821,grant,0312,mapped,True,False,True,False,compensated
821,grant,0312,value,True,False,False,False,conflict
821,grant,0312,object,True,False,False,False,conflict
821,grant,0312,field,True,False,False,False,conflict
821,grant,0312,undoscope,True,False,True,False,compensated
821,grant,0312,deny,True,False,False,False,denied
822,grant,0313,snapshot,True,True,False,True,compensated
822,grant,0313,mapped,True,True,False,True,compensated
822,grant,0313,value,True,True,False,True,compensated
822,grant,0313,object,True,False,False,False,conflict
822,grant,0313,field,True,False,False,False,conflict
822,grant,0313,undoscope,True,False,True,True,compensated
822,grant,0313,deny,True,False,False,False,denied
823,grant,0320,snapshot,True,True,False,True,compensated
823,grant,0320,mapped,True,True,False,True,compensated
823,grant,0320,value,True,True,False,True,compensated
823,grant,0320,object,True,False,False,False,conflict
823,grant,0320,field,True,False,False,False,conflict
823,grant,0320,undoscope,True,False,True,False,compensated
823,grant,0320,deny,True,False,False,False,denied
824,grant,0321,snapshot,True,True,False,True,compensated
824,grant,0321,mapped,True,False,True,False,compensated
824,grant,0321,value,True,False,False,False,conflict
824,grant,0321,object,True,False,False,False,conflict
824,grant,0321,field,True,False,False,False,conflict
824,grant,0321,undoscope,True,False,True,False,compensated
824,grant,0321,deny,True,False,False,False,denied
825,grant,0322,snapshot,True,True,False,True,compensated
825,grant,0322,mapped,True,False,True,False,compensated
825,grant,0322,value,True,False,False,False,conflict
825,grant,0322,object,True,False,False,False,conflict
825,grant,0322,field,True,False,False,False,conflict
825,grant,0322,undoscope,True,False,True,False,compensated
825,grant,0322,deny,True,False,False,False,denied
826,grant,0323,snapshot,True,True,False,True,compensated
826,grant,0323,mapped,True,False,True,False,compensated
826,grant,0323,value,True,False,False,False,conflict
826,grant,0323,object,True,False,False,False,conflict
826,grant,0323,field,True,False,False,False,conflict
826,grant,0323,undoscope,True,False,True,False,compensated
826,grant,0323,deny,True,False,False,False,denied
827,grant,0330,snapshot,True,True,False,True,compensated
827,grant,0330,mapped,True,True,False,True,compensated
827,grant,0330,value,True,True,False,True,compensated
827,grant,0330,object,True,False,False,False,conflict
827,grant,0330,field,True,False,False,False,conflict
827,grant,0330,undoscope,True,False,True,True,compensated
827,grant,0330,deny,True,False,False,False,denied
828,grant,0331,snapshot,True,True,False,True,compensated
828,grant,0331,mapped,True,True,False,True,compensated
828,grant,0331,value,True,True,False,True,compensated
828,grant,0331,object,True,False,False,False,conflict
828,grant,0331,field,True,False,False,False,conflict
828,grant,0331,undoscope,True,False,True,True,compensated
828,grant,0331,deny,True,False,False,False,denied
829,grant,0332,snapshot,True,True,False,True,compensated
829,grant,0332,mapped,True,False,True,False,compensated
829,grant,0332,value,True,False,False,False,conflict
829,grant,0332,object,True,False,False,False,conflict
829,grant,0332,field,True,False,False,False,conflict
829,grant,0332,undoscope,True,False,True,False,compensated
829,grant,0332,deny,True,False,False,False,denied
830,grant,0333,snapshot,True,True,False,True,compensated
830,grant,0333,mapped,True,True,False,True,compensated
830,grant,0333,value,True,True,False,True,compensated
830,grant,0333,object,True,False,False,False,conflict
830,grant,0333,field,True,False,False,False,conflict
830,grant,0333,undoscope,True,False,True,True,compensated
830,grant,0333,deny,True,False,False,False,denied
831,grant,1000,snapshot,True,True,False,True,compensated
831,grant,1000,mapped,True,True,False,True,compensated
831,grant,1000,value,True,True,False,True,compensated
831,grant,1000,object,True,False,False,False,conflict
831,grant,1000,field,True,False,False,False,conflict
831,grant,1000,undoscope,True,False,True,True,compensated
831,grant,1000,deny,True,False,False,False,denied
832,grant,1001,snapshot,True,True,False,True,compensated
832,grant,1001,mapped,True,True,False,True,compensated
832,grant,1001,value,True,True,False,True,compensated
832,grant,1001,object,True,False,False,False,conflict
832,grant,1001,field,True,False,False,False,conflict
832,grant,1001,undoscope,True,False,True,True,compensated
832,grant,1001,deny,True,False,False,False,denied
833,grant,1002,snapshot,True,True,False,True,compensated
833,grant,1002,mapped,True,False,True,False,compensated
833,grant,1002,value,True,False,False,False,conflict
833,grant,1002,object,True,False,False,False,conflict
833,grant,1002,field,True,False,False,False,conflict
833,grant,1002,undoscope,True,False,True,False,compensated
833,grant,1002,deny,True,False,False,False,denied
834,grant,1003,snapshot,True,True,False,True,compensated
834,grant,1003,mapped,True,True,False,True,compensated
834,grant,1003,value,True,True,False,True,compensated
834,grant,1003,object,True,False,False,False,conflict
834,grant,1003,field,True,False,False,False,conflict
834,grant,1003,undoscope,True,False,True,True,compensated
834,grant,1003,deny,True,False,False,False,denied
835,grant,1010,snapshot,True,True,False,True,compensated
835,grant,1010,mapped,True,True,False,True,compensated
835,grant,1010,value,True,True,False,True,compensated
835,grant,1010,object,True,False,False,False,conflict
835,grant,1010,field,True,False,False,False,conflict
835,grant,1010,undoscope,True,False,True,True,compensated
835,grant,1010,deny,True,False,False,False,denied
836,grant,1011,snapshot,True,True,False,True,compensated
836,grant,1011,mapped,True,True,False,True,compensated
836,grant,1011,value,True,True,False,True,compensated
836,grant,1011,object,True,False,False,False,conflict
836,grant,1011,field,True,False,False,False,conflict
836,grant,1011,undoscope,True,False,True,True,compensated
836,grant,1011,deny,True,False,False,False,denied
837,grant,1012,snapshot,True,True,False,True,compensated
837,grant,1012,mapped,True,False,True,False,compensated
837,grant,1012,value,True,False,False,False,conflict
837,grant,1012,object,True,False,False,False,conflict
837,grant,1012,field,True,False,False,False,conflict
837,grant,1012,undoscope,True,False,True,False,compensated
837,grant,1012,deny,True,False,False,False,denied
838,grant,1013,snapshot,True,True,False,True,compensated
838,grant,1013,mapped,True,True,False,True,compensated
838,grant,1013,value,True,True,False,True,compensated
838,grant,1013,object,True,False,False,False,conflict
838,grant,1013,field,True,False,False,False,conflict
838,grant,1013,undoscope,True,False,True,True,compensated
838,grant,1013,deny,True,False,False,False,denied
839,grant,1020,snapshot,True,True,False,True,compensated
839,grant,1020,mapped,True,True,False,True,compensated
839,grant,1020,value,True,True,False,True,compensated
839,grant,1020,object,True,False,False,False,conflict
839,grant,1020,field,True,False,False,False,conflict
839,grant,1020,undoscope,True,False,True,False,compensated
839,grant,1020,deny,True,False,False,False,denied
840,grant,1021,snapshot,True,True,False,True,compensated
840,grant,1021,mapped,True,False,True,False,compensated
840,grant,1021,value,True,False,False,False,conflict
840,grant,1021,object,True,False,False,False,conflict
840,grant,1021,field,True,False,False,False,conflict
840,grant,1021,undoscope,True,False,True,False,compensated
840,grant,1021,deny,True,False,False,False,denied
841,grant,1022,snapshot,True,True,False,True,compensated
841,grant,1022,mapped,True,False,True,False,compensated
841,grant,1022,value,True,False,False,False,conflict
841,grant,1022,object,True,False,False,False,conflict
841,grant,1022,field,True,False,False,False,conflict
841,grant,1022,undoscope,True,False,True,False,compensated
841,grant,1022,deny,True,False,False,False,denied
842,grant,1023,snapshot,True,True,False,True,compensated
842,grant,1023,mapped,True,False,True,False,compensated
842,grant,1023,value,True,False,False,False,conflict
842,grant,1023,object,True,False,False,False,conflict
842,grant,1023,field,True,False,False,False,conflict
842,grant,1023,undoscope,True,False,True,False,compensated
842,grant,1023,deny,True,False,False,False,denied
843,grant,1030,snapshot,True,True,False,True,compensated
843,grant,1030,mapped,True,True,False,True,compensated
843,grant,1030,value,True,True,False,True,compensated
843,grant,1030,object,True,False,False,False,conflict
843,grant,1030,field,True,False,False,False,conflict
843,grant,1030,undoscope,True,False,True,True,compensated
843,grant,1030,deny,True,False,False,False,denied
844,grant,1031,snapshot,True,True,False,True,compensated
844,grant,1031,mapped,True,True,False,True,compensated
844,grant,1031,value,True,True,False,True,compensated
844,grant,1031,object,True,False,False,False,conflict
844,grant,1031,field,True,False,False,False,conflict
844,grant,1031,undoscope,True,False,True,True,compensated
844,grant,1031,deny,True,False,False,False,denied
845,grant,1032,snapshot,True,True,False,True,compensated
845,grant,1032,mapped,True,False,True,False,compensated
845,grant,1032,value,True,False,False,False,conflict
845,grant,1032,object,True,False,False,False,conflict
845,grant,1032,field,True,False,False,False,conflict
845,grant,1032,undoscope,True,False,True,False,compensated
845,grant,1032,deny,True,False,False,False,denied
846,grant,1033,snapshot,True,True,False,True,compensated
846,grant,1033,mapped,True,True,False,True,compensated
846,grant,1033,value,True,True,False,True,compensated
846,grant,1033,object,True,False,False,False,conflict
846,grant,1033,field,True,False,False,False,conflict
846,grant,1033,undoscope,True,False,True,True,compensated
846,grant,1033,deny,True,False,False,False,denied
847,grant,1100,snapshot,True,True,False,True,compensated
847,grant,1100,mapped,True,True,False,True,compensated
847,grant,1100,value,True,True,False,True,compensated
847,grant,1100,object,True,False,False,False,conflict
847,grant,1100,field,True,False,False,False,conflict
847,grant,1100,undoscope,True,False,True,True,compensated
847,grant,1100,deny,True,False,False,False,denied
848,grant,1101,snapshot,True,True,False,True,compensated
848,grant,1101,mapped,True,True,False,True,compensated
848,grant,1101,value,True,True,False,True,compensated
848,grant,1101,object,True,False,False,False,conflict
848,grant,1101,field,True,False,False,False,conflict
848,grant,1101,undoscope,True,False,True,True,compensated
848,grant,1101,deny,True,False,False,False,denied
849,grant,1102,snapshot,True,True,False,True,compensated
849,grant,1102,mapped,True,False,True,False,compensated
849,grant,1102,value,True,False,False,False,conflict
849,grant,1102,object,True,False,False,False,conflict
849,grant,1102,field,True,False,False,False,conflict
849,grant,1102,undoscope,True,False,True,False,compensated
849,grant,1102,deny,True,False,False,False,denied
850,grant,1103,snapshot,True,True,False,True,compensated
850,grant,1103,mapped,True,True,False,True,compensated
850,grant,1103,value,True,True,False,True,compensated
850,grant,1103,object,True,False,False,False,conflict
850,grant,1103,field,True,False,False,False,conflict
850,grant,1103,undoscope,True,False,True,True,compensated
850,grant,1103,deny,True,False,False,False,denied
851,grant,1110,snapshot,True,True,False,True,compensated
851,grant,1110,mapped,True,True,False,True,compensated
851,grant,1110,value,True,True,False,True,compensated
851,grant,1110,object,True,False,False,False,conflict
851,grant,1110,field,True,False,False,False,conflict
851,grant,1110,undoscope,True,False,True,True,compensated
851,grant,1110,deny,True,False,False,False,denied
852,grant,1111,snapshot,True,True,False,True,compensated
852,grant,1111,mapped,True,False,True,True,compensated
852,grant,1111,value,True,False,True,True,compensated
852,grant,1111,object,True,False,False,False,conflict
852,grant,1111,field,True,False,False,False,conflict
852,grant,1111,undoscope,True,False,True,True,compensated
852,grant,1111,deny,True,False,False,False,denied
853,grant,1112,snapshot,True,True,False,True,compensated
853,grant,1112,mapped,True,False,True,False,compensated
853,grant,1112,value,True,False,False,False,conflict
853,grant,1112,object,True,False,False,False,conflict
853,grant,1112,field,True,False,False,False,conflict
853,grant,1112,undoscope,True,False,True,False,compensated
853,grant,1112,deny,True,False,False,False,denied
854,grant,1113,snapshot,True,True,False,True,compensated
854,grant,1113,mapped,True,False,True,True,compensated
854,grant,1113,value,True,False,True,True,compensated
854,grant,1113,object,True,False,False,False,conflict
854,grant,1113,field,True,False,False,False,conflict
854,grant,1113,undoscope,True,False,True,True,compensated
854,grant,1113,deny,True,False,False,False,denied
855,grant,1120,snapshot,True,True,False,True,compensated
855,grant,1120,mapped,True,True,False,True,compensated
855,grant,1120,value,True,True,False,True,compensated
855,grant,1120,object,True,False,False,False,conflict
855,grant,1120,field,True,False,False,False,conflict
855,grant,1120,undoscope,True,False,True,False,compensated
855,grant,1120,deny,True,False,False,False,denied
856,grant,1121,snapshot,True,True,False,True,compensated
856,grant,1121,mapped,True,False,True,False,compensated
856,grant,1121,value,True,False,False,False,conflict
856,grant,1121,object,True,False,False,False,conflict
856,grant,1121,field,True,False,False,False,conflict
856,grant,1121,undoscope,True,False,True,False,compensated
856,grant,1121,deny,True,False,False,False,denied
857,grant,1122,snapshot,True,True,False,True,compensated
857,grant,1122,mapped,True,False,True,False,compensated
857,grant,1122,value,True,False,False,False,conflict
857,grant,1122,object,True,False,False,False,conflict
857,grant,1122,field,True,False,False,False,conflict
857,grant,1122,undoscope,True,False,True,False,compensated
857,grant,1122,deny,True,False,False,False,denied
858,grant,1123,snapshot,True,True,False,True,compensated
858,grant,1123,mapped,True,False,True,False,compensated
858,grant,1123,value,True,False,False,False,conflict
858,grant,1123,object,True,False,False,False,conflict
858,grant,1123,field,True,False,False,False,conflict
858,grant,1123,undoscope,True,False,True,False,compensated
858,grant,1123,deny,True,False,False,False,denied
859,grant,1130,snapshot,True,True,False,True,compensated
859,grant,1130,mapped,True,True,False,True,compensated
859,grant,1130,value,True,True,False,True,compensated
859,grant,1130,object,True,False,False,False,conflict
859,grant,1130,field,True,False,False,False,conflict
859,grant,1130,undoscope,True,False,True,True,compensated
859,grant,1130,deny,True,False,False,False,denied
860,grant,1131,snapshot,True,True,False,True,compensated
860,grant,1131,mapped,True,False,True,True,compensated
860,grant,1131,value,True,False,True,True,compensated
860,grant,1131,object,True,False,False,False,conflict
860,grant,1131,field,True,False,False,False,conflict
860,grant,1131,undoscope,True,False,True,True,compensated
860,grant,1131,deny,True,False,False,False,denied
861,grant,1132,snapshot,True,True,False,True,compensated
861,grant,1132,mapped,True,False,True,False,compensated
861,grant,1132,value,True,False,False,False,conflict
861,grant,1132,object,True,False,False,False,conflict
861,grant,1132,field,True,False,False,False,conflict
861,grant,1132,undoscope,True,False,True,False,compensated
861,grant,1132,deny,True,False,False,False,denied
862,grant,1133,snapshot,True,True,False,True,compensated
862,grant,1133,mapped,True,False,True,True,compensated
862,grant,1133,value,True,False,True,True,compensated
862,grant,1133,object,True,False,False,False,conflict
862,grant,1133,field,True,False,False,False,conflict
862,grant,1133,undoscope,True,False,True,True,compensated
862,grant,1133,deny,True,False,False,False,denied
863,grant,1200,snapshot,True,True,False,True,compensated
863,grant,1200,mapped,True,True,False,True,compensated
863,grant,1200,value,True,True,False,True,compensated
863,grant,1200,object,True,False,False,False,conflict
863,grant,1200,field,True,False,False,False,conflict
863,grant,1200,undoscope,True,False,True,False,compensated
863,grant,1200,deny,True,False,False,False,denied
864,grant,1201,snapshot,True,True,False,True,compensated
864,grant,1201,mapped,True,True,False,True,compensated
864,grant,1201,value,True,True,False,True,compensated
864,grant,1201,object,True,False,False,False,conflict
864,grant,1201,field,True,False,False,False,conflict
864,grant,1201,undoscope,True,False,True,False,compensated
864,grant,1201,deny,True,False,False,False,denied
865,grant,1202,snapshot,True,True,False,True,compensated
865,grant,1202,mapped,True,False,True,False,compensated
865,grant,1202,value,True,False,False,False,conflict
865,grant,1202,object,True,False,False,False,conflict
865,grant,1202,field,True,False,False,False,conflict
865,grant,1202,undoscope,True,False,True,False,compensated
865,grant,1202,deny,True,False,False,False,denied
866,grant,1203,snapshot,True,True,False,True,compensated
866,grant,1203,mapped,True,True,False,True,compensated
866,grant,1203,value,True,True,False,True,compensated
866,grant,1203,object,True,False,False,False,conflict
866,grant,1203,field,True,False,False,False,conflict
866,grant,1203,undoscope,True,False,True,False,compensated
866,grant,1203,deny,True,False,False,False,denied
867,grant,1210,snapshot,True,True,False,True,compensated
867,grant,1210,mapped,True,True,False,True,compensated
867,grant,1210,value,True,True,False,True,compensated
867,grant,1210,object,True,False,False,False,conflict
867,grant,1210,field,True,False,False,False,conflict
867,grant,1210,undoscope,True,False,True,False,compensated
867,grant,1210,deny,True,False,False,False,denied
868,grant,1211,snapshot,True,True,False,True,compensated
868,grant,1211,mapped,True,False,True,False,compensated
868,grant,1211,value,True,False,False,False,conflict
868,grant,1211,object,True,False,False,False,conflict
868,grant,1211,field,True,False,False,False,conflict
868,grant,1211,undoscope,True,False,True,False,compensated
868,grant,1211,deny,True,False,False,False,denied
869,grant,1212,snapshot,True,True,False,True,compensated
869,grant,1212,mapped,True,False,True,False,compensated
869,grant,1212,value,True,False,False,False,conflict
869,grant,1212,object,True,False,False,False,conflict
869,grant,1212,field,True,False,False,False,conflict
869,grant,1212,undoscope,True,False,True,False,compensated
869,grant,1212,deny,True,False,False,False,denied
870,grant,1213,snapshot,True,True,False,True,compensated
870,grant,1213,mapped,True,False,True,False,compensated
870,grant,1213,value,True,False,False,False,conflict
870,grant,1213,object,True,False,False,False,conflict
870,grant,1213,field,True,False,False,False,conflict
870,grant,1213,undoscope,True,False,True,False,compensated
870,grant,1213,deny,True,False,False,False,denied
871,grant,1220,snapshot,True,True,False,True,compensated
871,grant,1220,mapped,True,True,False,True,compensated
871,grant,1220,value,True,True,False,True,compensated
871,grant,1220,object,True,False,False,False,conflict
871,grant,1220,field,True,False,False,False,conflict
871,grant,1220,undoscope,True,False,True,False,compensated
871,grant,1220,deny,True,False,False,False,denied
872,grant,1221,snapshot,True,True,False,True,compensated
872,grant,1221,mapped,True,False,True,False,compensated
872,grant,1221,value,True,False,False,False,conflict
872,grant,1221,object,True,False,False,False,conflict
872,grant,1221,field,True,False,False,False,conflict
872,grant,1221,undoscope,True,False,True,False,compensated
872,grant,1221,deny,True,False,False,False,denied
873,grant,1222,snapshot,True,True,False,True,compensated
873,grant,1222,mapped,True,False,True,False,compensated
873,grant,1222,value,True,False,False,False,conflict
873,grant,1222,object,True,False,False,False,conflict
873,grant,1222,field,True,False,False,False,conflict
873,grant,1222,undoscope,True,False,True,False,compensated
873,grant,1222,deny,True,False,False,False,denied
874,grant,1223,snapshot,True,True,False,True,compensated
874,grant,1223,mapped,True,False,True,False,compensated
874,grant,1223,value,True,False,False,False,conflict
874,grant,1223,object,True,False,False,False,conflict
874,grant,1223,field,True,False,False,False,conflict
874,grant,1223,undoscope,True,False,True,False,compensated
874,grant,1223,deny,True,False,False,False,denied
875,grant,1230,snapshot,True,True,False,True,compensated
875,grant,1230,mapped,True,True,False,True,compensated
875,grant,1230,value,True,True,False,True,compensated
875,grant,1230,object,True,False,False,False,conflict
875,grant,1230,field,True,False,False,False,conflict
875,grant,1230,undoscope,True,False,True,False,compensated
875,grant,1230,deny,True,False,False,False,denied
876,grant,1231,snapshot,True,True,False,True,compensated
876,grant,1231,mapped,True,False,True,False,compensated
876,grant,1231,value,True,False,False,False,conflict
876,grant,1231,object,True,False,False,False,conflict
876,grant,1231,field,True,False,False,False,conflict
876,grant,1231,undoscope,True,False,True,False,compensated
876,grant,1231,deny,True,False,False,False,denied
877,grant,1232,snapshot,True,True,False,True,compensated
877,grant,1232,mapped,True,False,True,False,compensated
877,grant,1232,value,True,False,False,False,conflict
877,grant,1232,object,True,False,False,False,conflict
877,grant,1232,field,True,False,False,False,conflict
877,grant,1232,undoscope,True,False,True,False,compensated
877,grant,1232,deny,True,False,False,False,denied
878,grant,1233,snapshot,True,True,False,True,compensated
878,grant,1233,mapped,True,False,True,False,compensated
878,grant,1233,value,True,False,False,False,conflict
878,grant,1233,object,True,False,False,False,conflict
878,grant,1233,field,True,False,False,False,conflict
878,grant,1233,undoscope,True,False,True,False,compensated
878,grant,1233,deny,True,False,False,False,denied
879,grant,1300,snapshot,True,True,False,True,compensated
879,grant,1300,mapped,True,True,False,True,compensated
879,grant,1300,value,True,True,False,True,compensated
879,grant,1300,object,True,False,False,False,conflict
879,grant,1300,field,True,False,False,False,conflict
879,grant,1300,undoscope,True,False,True,True,compensated
879,grant,1300,deny,True,False,False,False,denied
880,grant,1301,snapshot,True,True,False,True,compensated
880,grant,1301,mapped,True,True,False,True,compensated
880,grant,1301,value,True,True,False,True,compensated
880,grant,1301,object,True,False,False,False,conflict
880,grant,1301,field,True,False,False,False,conflict
880,grant,1301,undoscope,True,False,True,True,compensated
880,grant,1301,deny,True,False,False,False,denied
881,grant,1302,snapshot,True,True,False,True,compensated
881,grant,1302,mapped,True,False,True,False,compensated
881,grant,1302,value,True,False,False,False,conflict
881,grant,1302,object,True,False,False,False,conflict
881,grant,1302,field,True,False,False,False,conflict
881,grant,1302,undoscope,True,False,True,False,compensated
881,grant,1302,deny,True,False,False,False,denied
882,grant,1303,snapshot,True,True,False,True,compensated
882,grant,1303,mapped,True,True,False,True,compensated
882,grant,1303,value,True,True,False,True,compensated
882,grant,1303,object,True,False,False,False,conflict
882,grant,1303,field,True,False,False,False,conflict
882,grant,1303,undoscope,True,False,True,True,compensated
882,grant,1303,deny,True,False,False,False,denied
883,grant,1310,snapshot,True,True,False,True,compensated
883,grant,1310,mapped,True,True,False,True,compensated
883,grant,1310,value,True,True,False,True,compensated
883,grant,1310,object,True,False,False,False,conflict
883,grant,1310,field,True,False,False,False,conflict
883,grant,1310,undoscope,True,False,True,True,compensated
883,grant,1310,deny,True,False,False,False,denied
884,grant,1311,snapshot,True,True,False,True,compensated
884,grant,1311,mapped,True,False,True,True,compensated
884,grant,1311,value,True,False,True,True,compensated
884,grant,1311,object,True,False,False,False,conflict
884,grant,1311,field,True,False,False,False,conflict
884,grant,1311,undoscope,True,False,True,True,compensated
884,grant,1311,deny,True,False,False,False,denied
885,grant,1312,snapshot,True,True,False,True,compensated
885,grant,1312,mapped,True,False,True,False,compensated
885,grant,1312,value,True,False,False,False,conflict
885,grant,1312,object,True,False,False,False,conflict
885,grant,1312,field,True,False,False,False,conflict
885,grant,1312,undoscope,True,False,True,False,compensated
885,grant,1312,deny,True,False,False,False,denied
886,grant,1313,snapshot,True,True,False,True,compensated
886,grant,1313,mapped,True,False,True,True,compensated
886,grant,1313,value,True,False,True,True,compensated
886,grant,1313,object,True,False,False,False,conflict
886,grant,1313,field,True,False,False,False,conflict
886,grant,1313,undoscope,True,False,True,True,compensated
886,grant,1313,deny,True,False,False,False,denied
887,grant,1320,snapshot,True,True,False,True,compensated
887,grant,1320,mapped,True,True,False,True,compensated
887,grant,1320,value,True,True,False,True,compensated
887,grant,1320,object,True,False,False,False,conflict
887,grant,1320,field,True,False,False,False,conflict
887,grant,1320,undoscope,True,False,True,False,compensated
887,grant,1320,deny,True,False,False,False,denied
888,grant,1321,snapshot,True,True,False,True,compensated
888,grant,1321,mapped,True,False,True,False,compensated
888,grant,1321,value,True,False,False,False,conflict
888,grant,1321,object,True,False,False,False,conflict
888,grant,1321,field,True,False,False,False,conflict
888,grant,1321,undoscope,True,False,True,False,compensated
888,grant,1321,deny,True,False,False,False,denied
889,grant,1322,snapshot,True,True,False,True,compensated
889,grant,1322,mapped,True,False,True,False,compensated
889,grant,1322,value,True,False,False,False,conflict
889,grant,1322,object,True,False,False,False,conflict
889,grant,1322,field,True,False,False,False,conflict
889,grant,1322,undoscope,True,False,True,False,compensated
889,grant,1322,deny,True,False,False,False,denied
890,grant,1323,snapshot,True,True,False,True,compensated
890,grant,1323,mapped,True,False,True,False,compensated
890,grant,1323,value,True,False,False,False,conflict
890,grant,1323,object,True,False,False,False,conflict
890,grant,1323,field,True,False,False,False,conflict
890,grant,1323,undoscope,True,False,True,False,compensated
890,grant,1323,deny,True,False,False,False,denied
891,grant,1330,snapshot,True,True,False,True,compensated
891,grant,1330,mapped,True,True,False,True,compensated
891,grant,1330,value,True,True,False,True,compensated
891,grant,1330,object,True,False,False,False,conflict
891,grant,1330,field,True,False,False,False,conflict
891,grant,1330,undoscope,True,False,True,True,compensated
891,grant,1330,deny,True,False,False,False,denied
892,grant,1331,snapshot,True,True,False,True,compensated
892,grant,1331,mapped,True,False,True,True,compensated
892,grant,1331,value,True,False,True,True,compensated
892,grant,1331,object,True,False,False,False,conflict
892,grant,1331,field,True,False,False,False,conflict
892,grant,1331,undoscope,True,False,True,True,compensated
892,grant,1331,deny,True,False,False,False,denied
893,grant,1332,snapshot,True,True,False,True,compensated
893,grant,1332,mapped,True,False,True,False,compensated
893,grant,1332,value,True,False,False,False,conflict
893,grant,1332,object,True,False,False,False,conflict
893,grant,1332,field,True,False,False,False,conflict
893,grant,1332,undoscope,True,False,True,False,compensated
893,grant,1332,deny,True,False,False,False,denied
894,grant,1333,snapshot,True,True,False,True,compensated
894,grant,1333,mapped,True,False,True,True,compensated
894,grant,1333,value,True,False,True,True,compensated
894,grant,1333,object,True,False,False,False,conflict
894,grant,1333,field,True,False,False,False,conflict
894,grant,1333,undoscope,True,False,True,True,compensated
894,grant,1333,deny,True,False,False,False,denied
895,grant,2000,snapshot,True,True,False,True,compensated
895,grant,2000,mapped,True,True,False,True,compensated
895,grant,2000,value,True,True,False,True,compensated
895,grant,2000,object,True,False,False,False,conflict
895,grant,2000,field,True,False,False,False,conflict
895,grant,2000,undoscope,True,False,True,False,compensated
895,grant,2000,deny,True,False,False,False,denied
896,grant,2001,snapshot,True,True,False,True,compensated
896,grant,2001,mapped,True,True,False,True,compensated
896,grant,2001,value,True,True,False,True,compensated
896,grant,2001,object,True,False,False,False,conflict
896,grant,2001,field,True,False,False,False,conflict
896,grant,2001,undoscope,True,False,True,False,compensated
896,grant,2001,deny,True,False,False,False,denied
897,grant,2002,snapshot,True,False,True,False,compensated
897,grant,2002,mapped,True,False,True,False,compensated
897,grant,2002,value,True,False,False,False,conflict
897,grant,2002,object,True,False,False,False,conflict
897,grant,2002,field,True,False,False,False,conflict
897,grant,2002,undoscope,True,False,True,False,compensated
897,grant,2002,deny,True,False,False,False,denied
898,grant,2003,snapshot,True,True,False,True,compensated
898,grant,2003,mapped,True,True,False,True,compensated
898,grant,2003,value,True,True,False,True,compensated
898,grant,2003,object,True,False,False,False,conflict
898,grant,2003,field,True,False,False,False,conflict
898,grant,2003,undoscope,True,False,True,False,compensated
898,grant,2003,deny,True,False,False,False,denied
899,grant,2010,snapshot,True,True,False,True,compensated
899,grant,2010,mapped,True,True,False,True,compensated
899,grant,2010,value,True,True,False,True,compensated
899,grant,2010,object,True,False,False,False,conflict
899,grant,2010,field,True,False,False,False,conflict
899,grant,2010,undoscope,True,False,True,False,compensated
899,grant,2010,deny,True,False,False,False,denied
900,grant,2011,snapshot,True,True,False,True,compensated
900,grant,2011,mapped,True,True,False,True,compensated
900,grant,2011,value,True,True,False,True,compensated
900,grant,2011,object,True,False,False,False,conflict
900,grant,2011,field,True,False,False,False,conflict
900,grant,2011,undoscope,True,False,True,False,compensated
900,grant,2011,deny,True,False,False,False,denied
901,grant,2012,snapshot,True,True,False,True,compensated
901,grant,2012,mapped,True,False,True,False,compensated
901,grant,2012,value,True,False,False,False,conflict
901,grant,2012,object,True,False,False,False,conflict
901,grant,2012,field,True,False,False,False,conflict
901,grant,2012,undoscope,True,False,True,False,compensated
901,grant,2012,deny,True,False,False,False,denied
902,grant,2013,snapshot,True,True,False,True,compensated
902,grant,2013,mapped,True,True,False,True,compensated
902,grant,2013,value,True,True,False,True,compensated
902,grant,2013,object,True,False,False,False,conflict
902,grant,2013,field,True,False,False,False,conflict
902,grant,2013,undoscope,True,False,True,False,compensated
902,grant,2013,deny,True,False,False,False,denied
903,grant,2020,snapshot,True,True,False,True,compensated
903,grant,2020,mapped,True,True,False,True,compensated
903,grant,2020,value,True,True,False,True,compensated
903,grant,2020,object,True,False,False,False,conflict
903,grant,2020,field,True,False,False,False,conflict
903,grant,2020,undoscope,True,False,True,False,compensated
903,grant,2020,deny,True,False,False,False,denied
904,grant,2021,snapshot,True,True,False,True,compensated
904,grant,2021,mapped,True,False,True,False,compensated
904,grant,2021,value,True,False,False,False,conflict
904,grant,2021,object,True,False,False,False,conflict
904,grant,2021,field,True,False,False,False,conflict
904,grant,2021,undoscope,True,False,True,False,compensated
904,grant,2021,deny,True,False,False,False,denied
905,grant,2022,snapshot,True,False,True,False,compensated
905,grant,2022,mapped,True,False,True,False,compensated
905,grant,2022,value,True,False,False,False,conflict
905,grant,2022,object,True,False,False,False,conflict
905,grant,2022,field,True,False,False,False,conflict
905,grant,2022,undoscope,True,False,True,False,compensated
905,grant,2022,deny,True,False,False,False,denied
906,grant,2023,snapshot,True,True,False,True,compensated
906,grant,2023,mapped,True,False,True,False,compensated
906,grant,2023,value,True,False,False,False,conflict
906,grant,2023,object,True,False,False,False,conflict
906,grant,2023,field,True,False,False,False,conflict
906,grant,2023,undoscope,True,False,True,False,compensated
906,grant,2023,deny,True,False,False,False,denied
907,grant,2030,snapshot,True,True,False,True,compensated
907,grant,2030,mapped,True,True,False,True,compensated
907,grant,2030,value,True,True,False,True,compensated
907,grant,2030,object,True,False,False,False,conflict
907,grant,2030,field,True,False,False,False,conflict
907,grant,2030,undoscope,True,False,True,False,compensated
907,grant,2030,deny,True,False,False,False,denied
908,grant,2031,snapshot,True,True,False,True,compensated
908,grant,2031,mapped,True,True,False,True,compensated
908,grant,2031,value,True,True,False,True,compensated
908,grant,2031,object,True,False,False,False,conflict
908,grant,2031,field,True,False,False,False,conflict
908,grant,2031,undoscope,True,False,True,False,compensated
908,grant,2031,deny,True,False,False,False,denied
909,grant,2032,snapshot,True,True,False,True,compensated
909,grant,2032,mapped,True,False,True,False,compensated
909,grant,2032,value,True,False,False,False,conflict
909,grant,2032,object,True,False,False,False,conflict
909,grant,2032,field,True,False,False,False,conflict
909,grant,2032,undoscope,True,False,True,False,compensated
909,grant,2032,deny,True,False,False,False,denied
910,grant,2033,snapshot,True,True,False,True,compensated
910,grant,2033,mapped,True,True,False,True,compensated
910,grant,2033,value,True,True,False,True,compensated
910,grant,2033,object,True,False,False,False,conflict
910,grant,2033,field,True,False,False,False,conflict
910,grant,2033,undoscope,True,False,True,False,compensated
910,grant,2033,deny,True,False,False,False,denied
911,grant,2100,snapshot,True,True,False,True,compensated
911,grant,2100,mapped,True,True,False,True,compensated
911,grant,2100,value,True,True,False,True,compensated
911,grant,2100,object,True,False,False,False,conflict
911,grant,2100,field,True,False,False,False,conflict
911,grant,2100,undoscope,True,False,True,False,compensated
911,grant,2100,deny,True,False,False,False,denied
912,grant,2101,snapshot,True,True,False,True,compensated
912,grant,2101,mapped,True,True,False,True,compensated
912,grant,2101,value,True,True,False,True,compensated
912,grant,2101,object,True,False,False,False,conflict
912,grant,2101,field,True,False,False,False,conflict
912,grant,2101,undoscope,True,False,True,False,compensated
912,grant,2101,deny,True,False,False,False,denied
913,grant,2102,snapshot,True,True,False,True,compensated
913,grant,2102,mapped,True,False,True,False,compensated
913,grant,2102,value,True,False,False,False,conflict
913,grant,2102,object,True,False,False,False,conflict
913,grant,2102,field,True,False,False,False,conflict
913,grant,2102,undoscope,True,False,True,False,compensated
913,grant,2102,deny,True,False,False,False,denied
914,grant,2103,snapshot,True,True,False,True,compensated
914,grant,2103,mapped,True,True,False,True,compensated
914,grant,2103,value,True,True,False,True,compensated
914,grant,2103,object,True,False,False,False,conflict
914,grant,2103,field,True,False,False,False,conflict
914,grant,2103,undoscope,True,False,True,False,compensated
914,grant,2103,deny,True,False,False,False,denied
915,grant,2110,snapshot,True,True,False,True,compensated
915,grant,2110,mapped,True,True,False,True,compensated
915,grant,2110,value,True,True,False,True,compensated
915,grant,2110,object,True,False,False,False,conflict
915,grant,2110,field,True,False,False,False,conflict
915,grant,2110,undoscope,True,False,True,False,compensated
915,grant,2110,deny,True,False,False,False,denied
916,grant,2111,snapshot,True,True,False,True,compensated
916,grant,2111,mapped,True,False,True,False,compensated
916,grant,2111,value,True,False,False,False,conflict
916,grant,2111,object,True,False,False,False,conflict
916,grant,2111,field,True,False,False,False,conflict
916,grant,2111,undoscope,True,False,True,False,compensated
916,grant,2111,deny,True,False,False,False,denied
917,grant,2112,snapshot,True,True,False,True,compensated
917,grant,2112,mapped,True,False,True,False,compensated
917,grant,2112,value,True,False,False,False,conflict
917,grant,2112,object,True,False,False,False,conflict
917,grant,2112,field,True,False,False,False,conflict
917,grant,2112,undoscope,True,False,True,False,compensated
917,grant,2112,deny,True,False,False,False,denied
918,grant,2113,snapshot,True,True,False,True,compensated
918,grant,2113,mapped,True,False,True,False,compensated
918,grant,2113,value,True,False,False,False,conflict
918,grant,2113,object,True,False,False,False,conflict
918,grant,2113,field,True,False,False,False,conflict
918,grant,2113,undoscope,True,False,True,False,compensated
918,grant,2113,deny,True,False,False,False,denied
919,grant,2120,snapshot,True,True,False,True,compensated
919,grant,2120,mapped,True,True,False,True,compensated
919,grant,2120,value,True,True,False,True,compensated
919,grant,2120,object,True,False,False,False,conflict
919,grant,2120,field,True,False,False,False,conflict
919,grant,2120,undoscope,True,False,True,False,compensated
919,grant,2120,deny,True,False,False,False,denied
920,grant,2121,snapshot,True,True,False,True,compensated
920,grant,2121,mapped,True,False,True,False,compensated
920,grant,2121,value,True,False,False,False,conflict
920,grant,2121,object,True,False,False,False,conflict
920,grant,2121,field,True,False,False,False,conflict
920,grant,2121,undoscope,True,False,True,False,compensated
920,grant,2121,deny,True,False,False,False,denied
921,grant,2122,snapshot,True,True,False,True,compensated
921,grant,2122,mapped,True,False,True,False,compensated
921,grant,2122,value,True,False,False,False,conflict
921,grant,2122,object,True,False,False,False,conflict
921,grant,2122,field,True,False,False,False,conflict
921,grant,2122,undoscope,True,False,True,False,compensated
921,grant,2122,deny,True,False,False,False,denied
922,grant,2123,snapshot,True,True,False,True,compensated
922,grant,2123,mapped,True,False,True,False,compensated
922,grant,2123,value,True,False,False,False,conflict
922,grant,2123,object,True,False,False,False,conflict
922,grant,2123,field,True,False,False,False,conflict
922,grant,2123,undoscope,True,False,True,False,compensated
922,grant,2123,deny,True,False,False,False,denied
923,grant,2130,snapshot,True,True,False,True,compensated
923,grant,2130,mapped,True,True,False,True,compensated
923,grant,2130,value,True,True,False,True,compensated
923,grant,2130,object,True,False,False,False,conflict
923,grant,2130,field,True,False,False,False,conflict
923,grant,2130,undoscope,True,False,True,False,compensated
923,grant,2130,deny,True,False,False,False,denied
924,grant,2131,snapshot,True,True,False,True,compensated
924,grant,2131,mapped,True,False,True,False,compensated
924,grant,2131,value,True,False,False,False,conflict
924,grant,2131,object,True,False,False,False,conflict
924,grant,2131,field,True,False,False,False,conflict
924,grant,2131,undoscope,True,False,True,False,compensated
924,grant,2131,deny,True,False,False,False,denied
925,grant,2132,snapshot,True,True,False,True,compensated
925,grant,2132,mapped,True,False,True,False,compensated
925,grant,2132,value,True,False,False,False,conflict
925,grant,2132,object,True,False,False,False,conflict
925,grant,2132,field,True,False,False,False,conflict
925,grant,2132,undoscope,True,False,True,False,compensated
925,grant,2132,deny,True,False,False,False,denied
926,grant,2133,snapshot,True,True,False,True,compensated
926,grant,2133,mapped,True,False,True,False,compensated
926,grant,2133,value,True,False,False,False,conflict
926,grant,2133,object,True,False,False,False,conflict
926,grant,2133,field,True,False,False,False,conflict
926,grant,2133,undoscope,True,False,True,False,compensated
926,grant,2133,deny,True,False,False,False,denied
927,grant,2200,snapshot,True,True,False,True,compensated
927,grant,2200,mapped,True,True,False,True,compensated
927,grant,2200,value,True,True,False,True,compensated
927,grant,2200,object,True,False,False,False,conflict
927,grant,2200,field,True,False,False,False,conflict
927,grant,2200,undoscope,True,False,True,False,compensated
927,grant,2200,deny,True,False,False,False,denied
928,grant,2201,snapshot,True,True,False,True,compensated
928,grant,2201,mapped,True,True,False,True,compensated
928,grant,2201,value,True,True,False,True,compensated
928,grant,2201,object,True,False,False,False,conflict
928,grant,2201,field,True,False,False,False,conflict
928,grant,2201,undoscope,True,False,True,False,compensated
928,grant,2201,deny,True,False,False,False,denied
929,grant,2202,snapshot,True,False,True,False,compensated
929,grant,2202,mapped,True,False,True,False,compensated
929,grant,2202,value,True,False,False,False,conflict
929,grant,2202,object,True,False,False,False,conflict
929,grant,2202,field,True,False,False,False,conflict
929,grant,2202,undoscope,True,False,True,False,compensated
929,grant,2202,deny,True,False,False,False,denied
930,grant,2203,snapshot,True,True,False,True,compensated
930,grant,2203,mapped,True,True,False,True,compensated
930,grant,2203,value,True,True,False,True,compensated
930,grant,2203,object,True,False,False,False,conflict
930,grant,2203,field,True,False,False,False,conflict
930,grant,2203,undoscope,True,False,True,False,compensated
930,grant,2203,deny,True,False,False,False,denied
931,grant,2210,snapshot,True,True,False,True,compensated
931,grant,2210,mapped,True,True,False,True,compensated
931,grant,2210,value,True,True,False,True,compensated
931,grant,2210,object,True,False,False,False,conflict
931,grant,2210,field,True,False,False,False,conflict
931,grant,2210,undoscope,True,False,True,False,compensated
931,grant,2210,deny,True,False,False,False,denied
932,grant,2211,snapshot,True,True,False,True,compensated
932,grant,2211,mapped,True,False,True,False,compensated
932,grant,2211,value,True,False,False,False,conflict
932,grant,2211,object,True,False,False,False,conflict
932,grant,2211,field,True,False,False,False,conflict
932,grant,2211,undoscope,True,False,True,False,compensated
932,grant,2211,deny,True,False,False,False,denied
933,grant,2212,snapshot,True,True,False,True,compensated
933,grant,2212,mapped,True,False,True,False,compensated
933,grant,2212,value,True,False,False,False,conflict
933,grant,2212,object,True,False,False,False,conflict
933,grant,2212,field,True,False,False,False,conflict
933,grant,2212,undoscope,True,False,True,False,compensated
933,grant,2212,deny,True,False,False,False,denied
934,grant,2213,snapshot,True,True,False,True,compensated
934,grant,2213,mapped,True,False,True,False,compensated
934,grant,2213,value,True,False,False,False,conflict
934,grant,2213,object,True,False,False,False,conflict
934,grant,2213,field,True,False,False,False,conflict
934,grant,2213,undoscope,True,False,True,False,compensated
934,grant,2213,deny,True,False,False,False,denied
935,grant,2220,snapshot,True,True,False,True,compensated
935,grant,2220,mapped,True,True,False,True,compensated
935,grant,2220,value,True,True,False,True,compensated
935,grant,2220,object,True,False,False,False,conflict
935,grant,2220,field,True,False,False,False,conflict
935,grant,2220,undoscope,True,False,True,False,compensated
935,grant,2220,deny,True,False,False,False,denied
936,grant,2221,snapshot,True,True,False,True,compensated
936,grant,2221,mapped,True,False,True,False,compensated
936,grant,2221,value,True,False,False,False,conflict
936,grant,2221,object,True,False,False,False,conflict
936,grant,2221,field,True,False,False,False,conflict
936,grant,2221,undoscope,True,False,True,False,compensated
936,grant,2221,deny,True,False,False,False,denied
937,grant,2222,snapshot,True,False,True,False,compensated
937,grant,2222,mapped,True,False,True,False,compensated
937,grant,2222,value,True,False,False,False,conflict
937,grant,2222,object,True,False,False,False,conflict
937,grant,2222,field,True,False,False,False,conflict
937,grant,2222,undoscope,True,False,True,False,compensated
937,grant,2222,deny,True,False,False,False,denied
938,grant,2223,snapshot,True,True,False,True,compensated
938,grant,2223,mapped,True,False,True,False,compensated
938,grant,2223,value,True,False,False,False,conflict
938,grant,2223,object,True,False,False,False,conflict
938,grant,2223,field,True,False,False,False,conflict
938,grant,2223,undoscope,True,False,True,False,compensated
938,grant,2223,deny,True,False,False,False,denied
939,grant,2230,snapshot,True,True,False,True,compensated
939,grant,2230,mapped,True,True,False,True,compensated
939,grant,2230,value,True,True,False,True,compensated
939,grant,2230,object,True,False,False,False,conflict
939,grant,2230,field,True,False,False,False,conflict
939,grant,2230,undoscope,True,False,True,False,compensated
939,grant,2230,deny,True,False,False,False,denied
940,grant,2231,snapshot,True,True,False,True,compensated
940,grant,2231,mapped,True,False,True,False,compensated
940,grant,2231,value,True,False,False,False,conflict
940,grant,2231,object,True,False,False,False,conflict
940,grant,2231,field,True,False,False,False,conflict
940,grant,2231,undoscope,True,False,True,False,compensated
940,grant,2231,deny,True,False,False,False,denied
941,grant,2232,snapshot,True,True,False,True,compensated
941,grant,2232,mapped,True,False,True,False,compensated
941,grant,2232,value,True,False,False,False,conflict
941,grant,2232,object,True,False,False,False,conflict
941,grant,2232,field,True,False,False,False,conflict
941,grant,2232,undoscope,True,False,True,False,compensated
941,grant,2232,deny,True,False,False,False,denied
942,grant,2233,snapshot,True,True,False,True,compensated
942,grant,2233,mapped,True,False,True,False,compensated
942,grant,2233,value,True,False,False,False,conflict
942,grant,2233,object,True,False,False,False,conflict
942,grant,2233,field,True,False,False,False,conflict
942,grant,2233,undoscope,True,False,True,False,compensated
942,grant,2233,deny,True,False,False,False,denied
943,grant,2300,snapshot,True,True,False,True,compensated
943,grant,2300,mapped,True,True,False,True,compensated
943,grant,2300,value,True,True,False,True,compensated
943,grant,2300,object,True,False,False,False,conflict
943,grant,2300,field,True,False,False,False,conflict
943,grant,2300,undoscope,True,False,True,False,compensated
943,grant,2300,deny,True,False,False,False,denied
944,grant,2301,snapshot,True,True,False,True,compensated
944,grant,2301,mapped,True,True,False,True,compensated
944,grant,2301,value,True,True,False,True,compensated
944,grant,2301,object,True,False,False,False,conflict
944,grant,2301,field,True,False,False,False,conflict
944,grant,2301,undoscope,True,False,True,False,compensated
944,grant,2301,deny,True,False,False,False,denied
945,grant,2302,snapshot,True,True,False,True,compensated
945,grant,2302,mapped,True,False,True,False,compensated
945,grant,2302,value,True,False,False,False,conflict
945,grant,2302,object,True,False,False,False,conflict
945,grant,2302,field,True,False,False,False,conflict
945,grant,2302,undoscope,True,False,True,False,compensated
945,grant,2302,deny,True,False,False,False,denied
946,grant,2303,snapshot,True,True,False,True,compensated
946,grant,2303,mapped,True,True,False,True,compensated
946,grant,2303,value,True,True,False,True,compensated
946,grant,2303,object,True,False,False,False,conflict
946,grant,2303,field,True,False,False,False,conflict
946,grant,2303,undoscope,True,False,True,False,compensated
946,grant,2303,deny,True,False,False,False,denied
947,grant,2310,snapshot,True,True,False,True,compensated
947,grant,2310,mapped,True,True,False,True,compensated
947,grant,2310,value,True,True,False,True,compensated
947,grant,2310,object,True,False,False,False,conflict
947,grant,2310,field,True,False,False,False,conflict
947,grant,2310,undoscope,True,False,True,False,compensated
947,grant,2310,deny,True,False,False,False,denied
948,grant,2311,snapshot,True,True,False,True,compensated
948,grant,2311,mapped,True,False,True,False,compensated
948,grant,2311,value,True,False,False,False,conflict
948,grant,2311,object,True,False,False,False,conflict
948,grant,2311,field,True,False,False,False,conflict
948,grant,2311,undoscope,True,False,True,False,compensated
948,grant,2311,deny,True,False,False,False,denied
949,grant,2312,snapshot,True,True,False,True,compensated
949,grant,2312,mapped,True,False,True,False,compensated
949,grant,2312,value,True,False,False,False,conflict
949,grant,2312,object,True,False,False,False,conflict
949,grant,2312,field,True,False,False,False,conflict
949,grant,2312,undoscope,True,False,True,False,compensated
949,grant,2312,deny,True,False,False,False,denied
950,grant,2313,snapshot,True,True,False,True,compensated
950,grant,2313,mapped,True,False,True,False,compensated
950,grant,2313,value,True,False,False,False,conflict
950,grant,2313,object,True,False,False,False,conflict
950,grant,2313,field,True,False,False,False,conflict
950,grant,2313,undoscope,True,False,True,False,compensated
950,grant,2313,deny,True,False,False,False,denied
951,grant,2320,snapshot,True,True,False,True,compensated
951,grant,2320,mapped,True,True,False,True,compensated
951,grant,2320,value,True,True,False,True,compensated
951,grant,2320,object,True,False,False,False,conflict
951,grant,2320,field,True,False,False,False,conflict
951,grant,2320,undoscope,True,False,True,False,compensated
951,grant,2320,deny,True,False,False,False,denied
952,grant,2321,snapshot,True,True,False,True,compensated
952,grant,2321,mapped,True,False,True,False,compensated
952,grant,2321,value,True,False,False,False,conflict
952,grant,2321,object,True,False,False,False,conflict
952,grant,2321,field,True,False,False,False,conflict
952,grant,2321,undoscope,True,False,True,False,compensated
952,grant,2321,deny,True,False,False,False,denied
953,grant,2322,snapshot,True,True,False,True,compensated
953,grant,2322,mapped,True,False,True,False,compensated
953,grant,2322,value,True,False,False,False,conflict
953,grant,2322,object,True,False,False,False,conflict
953,grant,2322,field,True,False,False,False,conflict
953,grant,2322,undoscope,True,False,True,False,compensated
953,grant,2322,deny,True,False,False,False,denied
954,grant,2323,snapshot,True,True,False,True,compensated
954,grant,2323,mapped,True,False,True,False,compensated
954,grant,2323,value,True,False,False,False,conflict
954,grant,2323,object,True,False,False,False,conflict
954,grant,2323,field,True,False,False,False,conflict
954,grant,2323,undoscope,True,False,True,False,compensated
954,grant,2323,deny,True,False,False,False,denied
955,grant,2330,snapshot,True,True,False,True,compensated
955,grant,2330,mapped,True,True,False,True,compensated
955,grant,2330,value,True,True,False,True,compensated
955,grant,2330,object,True,False,False,False,conflict
955,grant,2330,field,True,False,False,False,conflict
955,grant,2330,undoscope,True,False,True,False,compensated
955,grant,2330,deny,True,False,False,False,denied
956,grant,2331,snapshot,True,True,False,True,compensated
956,grant,2331,mapped,True,False,True,False,compensated
956,grant,2331,value,True,False,False,False,conflict
956,grant,2331,object,True,False,False,False,conflict
956,grant,2331,field,True,False,False,False,conflict
956,grant,2331,undoscope,True,False,True,False,compensated
956,grant,2331,deny,True,False,False,False,denied
957,grant,2332,snapshot,True,True,False,True,compensated
957,grant,2332,mapped,True,False,True,False,compensated
957,grant,2332,value,True,False,False,False,conflict
957,grant,2332,object,True,False,False,False,conflict
957,grant,2332,field,True,False,False,False,conflict
957,grant,2332,undoscope,True,False,True,False,compensated
957,grant,2332,deny,True,False,False,False,denied
958,grant,2333,snapshot,True,True,False,True,compensated
958,grant,2333,mapped,True,False,True,False,compensated
958,grant,2333,value,True,False,False,False,conflict
958,grant,2333,object,True,False,False,False,conflict
958,grant,2333,field,True,False,False,False,conflict
958,grant,2333,undoscope,True,False,True,False,compensated
958,grant,2333,deny,True,False,False,False,denied
959,grant,3000,snapshot,True,True,False,True,compensated
959,grant,3000,mapped,True,True,False,True,compensated
959,grant,3000,value,True,True,False,True,compensated
959,grant,3000,object,True,False,False,False,conflict
959,grant,3000,field,True,False,False,False,conflict
959,grant,3000,undoscope,True,False,True,True,compensated
959,grant,3000,deny,True,False,False,False,denied
960,grant,3001,snapshot,True,True,False,True,compensated
960,grant,3001,mapped,True,True,False,True,compensated
960,grant,3001,value,True,True,False,True,compensated
960,grant,3001,object,True,False,False,False,conflict
960,grant,3001,field,True,False,False,False,conflict
960,grant,3001,undoscope,True,False,True,True,compensated
960,grant,3001,deny,True,False,False,False,denied
961,grant,3002,snapshot,True,True,False,True,compensated
961,grant,3002,mapped,True,False,True,False,compensated
961,grant,3002,value,True,False,False,False,conflict
961,grant,3002,object,True,False,False,False,conflict
961,grant,3002,field,True,False,False,False,conflict
961,grant,3002,undoscope,True,False,True,False,compensated
961,grant,3002,deny,True,False,False,False,denied
962,grant,3003,snapshot,True,True,False,True,compensated
962,grant,3003,mapped,True,True,False,True,compensated
962,grant,3003,value,True,True,False,True,compensated
962,grant,3003,object,True,False,False,False,conflict
962,grant,3003,field,True,False,False,False,conflict
962,grant,3003,undoscope,True,False,True,True,compensated
962,grant,3003,deny,True,False,False,False,denied
963,grant,3010,snapshot,True,True,False,True,compensated
963,grant,3010,mapped,True,True,False,True,compensated
963,grant,3010,value,True,True,False,True,compensated
963,grant,3010,object,True,False,False,False,conflict
963,grant,3010,field,True,False,False,False,conflict
963,grant,3010,undoscope,True,False,True,True,compensated
963,grant,3010,deny,True,False,False,False,denied
964,grant,3011,snapshot,True,True,False,True,compensated
964,grant,3011,mapped,True,True,False,True,compensated
964,grant,3011,value,True,True,False,True,compensated
964,grant,3011,object,True,False,False,False,conflict
964,grant,3011,field,True,False,False,False,conflict
964,grant,3011,undoscope,True,False,True,True,compensated
964,grant,3011,deny,True,False,False,False,denied
965,grant,3012,snapshot,True,True,False,True,compensated
965,grant,3012,mapped,True,False,True,False,compensated
965,grant,3012,value,True,False,False,False,conflict
965,grant,3012,object,True,False,False,False,conflict
965,grant,3012,field,True,False,False,False,conflict
965,grant,3012,undoscope,True,False,True,False,compensated
965,grant,3012,deny,True,False,False,False,denied
966,grant,3013,snapshot,True,True,False,True,compensated
966,grant,3013,mapped,True,True,False,True,compensated
966,grant,3013,value,True,True,False,True,compensated
966,grant,3013,object,True,False,False,False,conflict
966,grant,3013,field,True,False,False,False,conflict
966,grant,3013,undoscope,True,False,True,True,compensated
966,grant,3013,deny,True,False,False,False,denied
967,grant,3020,snapshot,True,True,False,True,compensated
967,grant,3020,mapped,True,True,False,True,compensated
967,grant,3020,value,True,True,False,True,compensated
967,grant,3020,object,True,False,False,False,conflict
967,grant,3020,field,True,False,False,False,conflict
967,grant,3020,undoscope,True,False,True,False,compensated
967,grant,3020,deny,True,False,False,False,denied
968,grant,3021,snapshot,True,True,False,True,compensated
968,grant,3021,mapped,True,False,True,False,compensated
968,grant,3021,value,True,False,False,False,conflict
968,grant,3021,object,True,False,False,False,conflict
968,grant,3021,field,True,False,False,False,conflict
968,grant,3021,undoscope,True,False,True,False,compensated
968,grant,3021,deny,True,False,False,False,denied
969,grant,3022,snapshot,True,True,False,True,compensated
969,grant,3022,mapped,True,False,True,False,compensated
969,grant,3022,value,True,False,False,False,conflict
969,grant,3022,object,True,False,False,False,conflict
969,grant,3022,field,True,False,False,False,conflict
969,grant,3022,undoscope,True,False,True,False,compensated
969,grant,3022,deny,True,False,False,False,denied
970,grant,3023,snapshot,True,True,False,True,compensated
970,grant,3023,mapped,True,False,True,False,compensated
970,grant,3023,value,True,False,False,False,conflict
970,grant,3023,object,True,False,False,False,conflict
970,grant,3023,field,True,False,False,False,conflict
970,grant,3023,undoscope,True,False,True,False,compensated
970,grant,3023,deny,True,False,False,False,denied
971,grant,3030,snapshot,True,True,False,True,compensated
971,grant,3030,mapped,True,True,False,True,compensated
971,grant,3030,value,True,True,False,True,compensated
971,grant,3030,object,True,False,False,False,conflict
971,grant,3030,field,True,False,False,False,conflict
971,grant,3030,undoscope,True,False,True,True,compensated
971,grant,3030,deny,True,False,False,False,denied
972,grant,3031,snapshot,True,True,False,True,compensated
972,grant,3031,mapped,True,True,False,True,compensated
972,grant,3031,value,True,True,False,True,compensated
972,grant,3031,object,True,False,False,False,conflict
972,grant,3031,field,True,False,False,False,conflict
972,grant,3031,undoscope,True,False,True,True,compensated
972,grant,3031,deny,True,False,False,False,denied
973,grant,3032,snapshot,True,True,False,True,compensated
973,grant,3032,mapped,True,False,True,False,compensated
973,grant,3032,value,True,False,False,False,conflict
973,grant,3032,object,True,False,False,False,conflict
973,grant,3032,field,True,False,False,False,conflict
973,grant,3032,undoscope,True,False,True,False,compensated
973,grant,3032,deny,True,False,False,False,denied
974,grant,3033,snapshot,True,True,False,True,compensated
974,grant,3033,mapped,True,True,False,True,compensated
974,grant,3033,value,True,True,False,True,compensated
974,grant,3033,object,True,False,False,False,conflict
974,grant,3033,field,True,False,False,False,conflict
974,grant,3033,undoscope,True,False,True,True,compensated
974,grant,3033,deny,True,False,False,False,denied
975,grant,3100,snapshot,True,True,False,True,compensated
975,grant,3100,mapped,True,True,False,True,compensated
975,grant,3100,value,True,True,False,True,compensated
975,grant,3100,object,True,False,False,False,conflict
975,grant,3100,field,True,False,False,False,conflict
975,grant,3100,undoscope,True,False,True,True,compensated
975,grant,3100,deny,True,False,False,False,denied
976,grant,3101,snapshot,True,True,False,True,compensated
976,grant,3101,mapped,True,True,False,True,compensated
976,grant,3101,value,True,True,False,True,compensated
976,grant,3101,object,True,False,False,False,conflict
976,grant,3101,field,True,False,False,False,conflict
976,grant,3101,undoscope,True,False,True,True,compensated
976,grant,3101,deny,True,False,False,False,denied
977,grant,3102,snapshot,True,True,False,True,compensated
977,grant,3102,mapped,True,False,True,False,compensated
977,grant,3102,value,True,False,False,False,conflict
977,grant,3102,object,True,False,False,False,conflict
977,grant,3102,field,True,False,False,False,conflict
977,grant,3102,undoscope,True,False,True,False,compensated
977,grant,3102,deny,True,False,False,False,denied
978,grant,3103,snapshot,True,True,False,True,compensated
978,grant,3103,mapped,True,True,False,True,compensated
978,grant,3103,value,True,True,False,True,compensated
978,grant,3103,object,True,False,False,False,conflict
978,grant,3103,field,True,False,False,False,conflict
978,grant,3103,undoscope,True,False,True,True,compensated
978,grant,3103,deny,True,False,False,False,denied
979,grant,3110,snapshot,True,True,False,True,compensated
979,grant,3110,mapped,True,True,False,True,compensated
979,grant,3110,value,True,True,False,True,compensated
979,grant,3110,object,True,False,False,False,conflict
979,grant,3110,field,True,False,False,False,conflict
979,grant,3110,undoscope,True,False,True,True,compensated
979,grant,3110,deny,True,False,False,False,denied
980,grant,3111,snapshot,True,True,False,True,compensated
980,grant,3111,mapped,True,False,True,True,compensated
980,grant,3111,value,True,False,True,True,compensated
980,grant,3111,object,True,False,False,False,conflict
980,grant,3111,field,True,False,False,False,conflict
980,grant,3111,undoscope,True,False,True,True,compensated
980,grant,3111,deny,True,False,False,False,denied
981,grant,3112,snapshot,True,True,False,True,compensated
981,grant,3112,mapped,True,False,True,False,compensated
981,grant,3112,value,True,False,False,False,conflict
981,grant,3112,object,True,False,False,False,conflict
981,grant,3112,field,True,False,False,False,conflict
981,grant,3112,undoscope,True,False,True,False,compensated
981,grant,3112,deny,True,False,False,False,denied
982,grant,3113,snapshot,True,True,False,True,compensated
982,grant,3113,mapped,True,False,True,True,compensated
982,grant,3113,value,True,False,True,True,compensated
982,grant,3113,object,True,False,False,False,conflict
982,grant,3113,field,True,False,False,False,conflict
982,grant,3113,undoscope,True,False,True,True,compensated
982,grant,3113,deny,True,False,False,False,denied
983,grant,3120,snapshot,True,True,False,True,compensated
983,grant,3120,mapped,True,True,False,True,compensated
983,grant,3120,value,True,True,False,True,compensated
983,grant,3120,object,True,False,False,False,conflict
983,grant,3120,field,True,False,False,False,conflict
983,grant,3120,undoscope,True,False,True,False,compensated
983,grant,3120,deny,True,False,False,False,denied
984,grant,3121,snapshot,True,True,False,True,compensated
984,grant,3121,mapped,True,False,True,False,compensated
984,grant,3121,value,True,False,False,False,conflict
984,grant,3121,object,True,False,False,False,conflict
984,grant,3121,field,True,False,False,False,conflict
984,grant,3121,undoscope,True,False,True,False,compensated
984,grant,3121,deny,True,False,False,False,denied
985,grant,3122,snapshot,True,True,False,True,compensated
985,grant,3122,mapped,True,False,True,False,compensated
985,grant,3122,value,True,False,False,False,conflict
985,grant,3122,object,True,False,False,False,conflict
985,grant,3122,field,True,False,False,False,conflict
985,grant,3122,undoscope,True,False,True,False,compensated
985,grant,3122,deny,True,False,False,False,denied
986,grant,3123,snapshot,True,True,False,True,compensated
986,grant,3123,mapped,True,False,True,False,compensated
986,grant,3123,value,True,False,False,False,conflict
986,grant,3123,object,True,False,False,False,conflict
986,grant,3123,field,True,False,False,False,conflict
986,grant,3123,undoscope,True,False,True,False,compensated
986,grant,3123,deny,True,False,False,False,denied
987,grant,3130,snapshot,True,True,False,True,compensated
987,grant,3130,mapped,True,True,False,True,compensated
987,grant,3130,value,True,True,False,True,compensated
987,grant,3130,object,True,False,False,False,conflict
987,grant,3130,field,True,False,False,False,conflict
987,grant,3130,undoscope,True,False,True,True,compensated
987,grant,3130,deny,True,False,False,False,denied
988,grant,3131,snapshot,True,True,False,True,compensated
988,grant,3131,mapped,True,False,True,True,compensated
988,grant,3131,value,True,False,True,True,compensated
988,grant,3131,object,True,False,False,False,conflict
988,grant,3131,field,True,False,False,False,conflict
988,grant,3131,undoscope,True,False,True,True,compensated
988,grant,3131,deny,True,False,False,False,denied
989,grant,3132,snapshot,True,True,False,True,compensated
989,grant,3132,mapped,True,False,True,False,compensated
989,grant,3132,value,True,False,False,False,conflict
989,grant,3132,object,True,False,False,False,conflict
989,grant,3132,field,True,False,False,False,conflict
989,grant,3132,undoscope,True,False,True,False,compensated
989,grant,3132,deny,True,False,False,False,denied
990,grant,3133,snapshot,True,True,False,True,compensated
990,grant,3133,mapped,True,False,True,True,compensated
990,grant,3133,value,True,False,True,True,compensated
990,grant,3133,object,True,False,False,False,conflict
990,grant,3133,field,True,False,False,False,conflict
990,grant,3133,undoscope,True,False,True,True,compensated
990,grant,3133,deny,True,False,False,False,denied
991,grant,3200,snapshot,True,True,False,True,compensated
991,grant,3200,mapped,True,True,False,True,compensated
991,grant,3200,value,True,True,False,True,compensated
991,grant,3200,object,True,False,False,False,conflict
991,grant,3200,field,True,False,False,False,conflict
991,grant,3200,undoscope,True,False,True,False,compensated
991,grant,3200,deny,True,False,False,False,denied
992,grant,3201,snapshot,True,True,False,True,compensated
992,grant,3201,mapped,True,True,False,True,compensated
992,grant,3201,value,True,True,False,True,compensated
992,grant,3201,object,True,False,False,False,conflict
992,grant,3201,field,True,False,False,False,conflict
992,grant,3201,undoscope,True,False,True,False,compensated
992,grant,3201,deny,True,False,False,False,denied
993,grant,3202,snapshot,True,True,False,True,compensated
993,grant,3202,mapped,True,False,True,False,compensated
993,grant,3202,value,True,False,False,False,conflict
993,grant,3202,object,True,False,False,False,conflict
993,grant,3202,field,True,False,False,False,conflict
993,grant,3202,undoscope,True,False,True,False,compensated
993,grant,3202,deny,True,False,False,False,denied
994,grant,3203,snapshot,True,True,False,True,compensated
994,grant,3203,mapped,True,True,False,True,compensated
994,grant,3203,value,True,True,False,True,compensated
994,grant,3203,object,True,False,False,False,conflict
994,grant,3203,field,True,False,False,False,conflict
994,grant,3203,undoscope,True,False,True,False,compensated
994,grant,3203,deny,True,False,False,False,denied
995,grant,3210,snapshot,True,True,False,True,compensated
995,grant,3210,mapped,True,True,False,True,compensated
995,grant,3210,value,True,True,False,True,compensated
995,grant,3210,object,True,False,False,False,conflict
995,grant,3210,field,True,False,False,False,conflict
995,grant,3210,undoscope,True,False,True,False,compensated
995,grant,3210,deny,True,False,False,False,denied
996,grant,3211,snapshot,True,True,False,True,compensated
996,grant,3211,mapped,True,False,True,False,compensated
996,grant,3211,value,True,False,False,False,conflict
996,grant,3211,object,True,False,False,False,conflict
996,grant,3211,field,True,False,False,False,conflict
996,grant,3211,undoscope,True,False,True,False,compensated
996,grant,3211,deny,True,False,False,False,denied
997,grant,3212,snapshot,True,True,False,True,compensated
997,grant,3212,mapped,True,False,True,False,compensated
997,grant,3212,value,True,False,False,False,conflict
997,grant,3212,object,True,False,False,False,conflict
997,grant,3212,field,True,False,False,False,conflict
997,grant,3212,undoscope,True,False,True,False,compensated
997,grant,3212,deny,True,False,False,False,denied
998,grant,3213,snapshot,True,True,False,True,compensated
998,grant,3213,mapped,True,False,True,False,compensated
998,grant,3213,value,True,False,False,False,conflict
998,grant,3213,object,True,False,False,False,conflict
998,grant,3213,field,True,False,False,False,conflict
998,grant,3213,undoscope,True,False,True,False,compensated
998,grant,3213,deny,True,False,False,False,denied
999,grant,3220,snapshot,True,True,False,True,compensated
999,grant,3220,mapped,True,True,False,True,compensated
999,grant,3220,value,True,True,False,True,compensated
999,grant,3220,object,True,False,False,False,conflict
999,grant,3220,field,True,False,False,False,conflict
999,grant,3220,undoscope,True,False,True,False,compensated
999,grant,3220,deny,True,False,False,False,denied
1000,grant,3221,snapshot,True,True,False,True,compensated
1000,grant,3221,mapped,True,False,True,False,compensated
1000,grant,3221,value,True,False,False,False,conflict
1000,grant,3221,object,True,False,False,False,conflict
1000,grant,3221,field,True,False,False,False,conflict
1000,grant,3221,undoscope,True,False,True,False,compensated
1000,grant,3221,deny,True,False,False,False,denied
1001,grant,3222,snapshot,True,True,False,True,compensated
1001,grant,3222,mapped,True,False,True,False,compensated
1001,grant,3222,value,True,False,False,False,conflict
1001,grant,3222,object,True,False,False,False,conflict
1001,grant,3222,field,True,False,False,False,conflict
1001,grant,3222,undoscope,True,False,True,False,compensated
1001,grant,3222,deny,True,False,False,False,denied
1002,grant,3223,snapshot,True,True,False,True,compensated
1002,grant,3223,mapped,True,False,True,False,compensated
1002,grant,3223,value,True,False,False,False,conflict
1002,grant,3223,object,True,False,False,False,conflict
1002,grant,3223,field,True,False,False,False,conflict
1002,grant,3223,undoscope,True,False,True,False,compensated
1002,grant,3223,deny,True,False,False,False,denied
1003,grant,3230,snapshot,True,True,False,True,compensated
1003,grant,3230,mapped,True,True,False,True,compensated
1003,grant,3230,value,True,True,False,True,compensated
1003,grant,3230,object,True,False,False,False,conflict
1003,grant,3230,field,True,False,False,False,conflict
1003,grant,3230,undoscope,True,False,True,False,compensated
1003,grant,3230,deny,True,False,False,False,denied
1004,grant,3231,snapshot,True,True,False,True,compensated
1004,grant,3231,mapped,True,False,True,False,compensated
1004,grant,3231,value,True,False,False,False,conflict
1004,grant,3231,object,True,False,False,False,conflict
1004,grant,3231,field,True,False,False,False,conflict
1004,grant,3231,undoscope,True,False,True,False,compensated
1004,grant,3231,deny,True,False,False,False,denied
1005,grant,3232,snapshot,True,True,False,True,compensated
1005,grant,3232,mapped,True,False,True,False,compensated
1005,grant,3232,value,True,False,False,False,conflict
1005,grant,3232,object,True,False,False,False,conflict
1005,grant,3232,field,True,False,False,False,conflict
1005,grant,3232,undoscope,True,False,True,False,compensated
1005,grant,3232,deny,True,False,False,False,denied
1006,grant,3233,snapshot,True,True,False,True,compensated
1006,grant,3233,mapped,True,False,True,False,compensated
1006,grant,3233,value,True,False,False,False,conflict
1006,grant,3233,object,True,False,False,False,conflict
1006,grant,3233,field,True,False,False,False,conflict
1006,grant,3233,undoscope,True,False,True,False,compensated
1006,grant,3233,deny,True,False,False,False,denied
1007,grant,3300,snapshot,True,True,False,True,compensated
1007,grant,3300,mapped,True,True,False,True,compensated
1007,grant,3300,value,True,True,False,True,compensated
1007,grant,3300,object,True,False,False,False,conflict
1007,grant,3300,field,True,False,False,False,conflict
1007,grant,3300,undoscope,True,False,True,True,compensated
1007,grant,3300,deny,True,False,False,False,denied
1008,grant,3301,snapshot,True,True,False,True,compensated
1008,grant,3301,mapped,True,True,False,True,compensated
1008,grant,3301,value,True,True,False,True,compensated
1008,grant,3301,object,True,False,False,False,conflict
1008,grant,3301,field,True,False,False,False,conflict
1008,grant,3301,undoscope,True,False,True,True,compensated
1008,grant,3301,deny,True,False,False,False,denied
1009,grant,3302,snapshot,True,True,False,True,compensated
1009,grant,3302,mapped,True,False,True,False,compensated
1009,grant,3302,value,True,False,False,False,conflict
1009,grant,3302,object,True,False,False,False,conflict
1009,grant,3302,field,True,False,False,False,conflict
1009,grant,3302,undoscope,True,False,True,False,compensated
1009,grant,3302,deny,True,False,False,False,denied
1010,grant,3303,snapshot,True,True,False,True,compensated
1010,grant,3303,mapped,True,True,False,True,compensated
1010,grant,3303,value,True,True,False,True,compensated
1010,grant,3303,object,True,False,False,False,conflict
1010,grant,3303,field,True,False,False,False,conflict
1010,grant,3303,undoscope,True,False,True,True,compensated
1010,grant,3303,deny,True,False,False,False,denied
1011,grant,3310,snapshot,True,True,False,True,compensated
1011,grant,3310,mapped,True,True,False,True,compensated
1011,grant,3310,value,True,True,False,True,compensated
1011,grant,3310,object,True,False,False,False,conflict
1011,grant,3310,field,True,False,False,False,conflict
1011,grant,3310,undoscope,True,False,True,True,compensated
1011,grant,3310,deny,True,False,False,False,denied
1012,grant,3311,snapshot,True,True,False,True,compensated
1012,grant,3311,mapped,True,False,True,True,compensated
1012,grant,3311,value,True,False,True,True,compensated
1012,grant,3311,object,True,False,False,False,conflict
1012,grant,3311,field,True,False,False,False,conflict
1012,grant,3311,undoscope,True,False,True,True,compensated
1012,grant,3311,deny,True,False,False,False,denied
1013,grant,3312,snapshot,True,True,False,True,compensated
1013,grant,3312,mapped,True,False,True,False,compensated
1013,grant,3312,value,True,False,False,False,conflict
1013,grant,3312,object,True,False,False,False,conflict
1013,grant,3312,field,True,False,False,False,conflict
1013,grant,3312,undoscope,True,False,True,False,compensated
1013,grant,3312,deny,True,False,False,False,denied
1014,grant,3313,snapshot,True,True,False,True,compensated
1014,grant,3313,mapped,True,False,True,True,compensated
1014,grant,3313,value,True,False,True,True,compensated
1014,grant,3313,object,True,False,False,False,conflict
1014,grant,3313,field,True,False,False,False,conflict
1014,grant,3313,undoscope,True,False,True,True,compensated
1014,grant,3313,deny,True,False,False,False,denied
1015,grant,3320,snapshot,True,True,False,True,compensated
1015,grant,3320,mapped,True,True,False,True,compensated
1015,grant,3320,value,True,True,False,True,compensated
1015,grant,3320,object,True,False,False,False,conflict
1015,grant,3320,field,True,False,False,False,conflict
1015,grant,3320,undoscope,True,False,True,False,compensated
1015,grant,3320,deny,True,False,False,False,denied
1016,grant,3321,snapshot,True,True,False,True,compensated
1016,grant,3321,mapped,True,False,True,False,compensated
1016,grant,3321,value,True,False,False,False,conflict
1016,grant,3321,object,True,False,False,False,conflict
1016,grant,3321,field,True,False,False,False,conflict
1016,grant,3321,undoscope,True,False,True,False,compensated
1016,grant,3321,deny,True,False,False,False,denied
1017,grant,3322,snapshot,True,True,False,True,compensated
1017,grant,3322,mapped,True,False,True,False,compensated
1017,grant,3322,value,True,False,False,False,conflict
1017,grant,3322,object,True,False,False,False,conflict
1017,grant,3322,field,True,False,False,False,conflict
1017,grant,3322,undoscope,True,False,True,False,compensated
1017,grant,3322,deny,True,False,False,False,denied
1018,grant,3323,snapshot,True,True,False,True,compensated
1018,grant,3323,mapped,True,False,True,False,compensated
1018,grant,3323,value,True,False,False,False,conflict
1018,grant,3323,object,True,False,False,False,conflict
1018,grant,3323,field,True,False,False,False,conflict
1018,grant,3323,undoscope,True,False,True,False,compensated
1018,grant,3323,deny,True,False,False,False,denied
1019,grant,3330,snapshot,True,True,False,True,compensated
1019,grant,3330,mapped,True,True,False,True,compensated
1019,grant,3330,value,True,True,False,True,compensated
1019,grant,3330,object,True,False,False,False,conflict
1019,grant,3330,field,True,False,False,False,conflict
1019,grant,3330,undoscope,True,False,True,True,compensated
1019,grant,3330,deny,True,False,False,False,denied
1020,grant,3331,snapshot,True,True,False,True,compensated
1020,grant,3331,mapped,True,False,True,True,compensated
1020,grant,3331,value,True,False,True,True,compensated
1020,grant,3331,object,True,False,False,False,conflict
1020,grant,3331,field,True,False,False,False,conflict
1020,grant,3331,undoscope,True,False,True,True,compensated
1020,grant,3331,deny,True,False,False,False,denied
1021,grant,3332,snapshot,True,True,False,True,compensated
1021,grant,3332,mapped,True,False,True,False,compensated
1021,grant,3332,value,True,False,False,False,conflict
1021,grant,3332,object,True,False,False,False,conflict
1021,grant,3332,field,True,False,False,False,conflict
1021,grant,3332,undoscope,True,False,True,False,compensated
1021,grant,3332,deny,True,False,False,False,denied
1022,grant,3333,snapshot,True,True,False,True,compensated
1022,grant,3333,mapped,True,False,True,True,compensated
1022,grant,3333,value,True,False,True,True,compensated
1022,grant,3333,object,True,False,False,False,conflict
1022,grant,3333,field,True,False,True,True,compensated
1022,grant,3333,undoscope,True,False,True,True,compensated
1022,grant,3333,deny,True,False,False,False,denied
1023,create,,snapshot,True,False,True,True,compensated
1023,create,,mapped,True,False,True,True,compensated
1023,create,,value,True,False,True,True,compensated
1023,create,,object,True,False,True,True,compensated
1023,create,,field,True,False,True,True,compensated
1023,create,,undoscope,True,False,True,True,compensated
1023,create,,deny,True,False,False,False,denied
1024,create,0,snapshot,False,True,False,True,compensated
1024,create,0,mapped,False,True,False,True,compensated
1024,create,0,value,False,False,False,False,conflict
1024,create,0,object,False,False,False,False,conflict
1024,create,0,field,False,False,False,False,conflict
1024,create,0,undoscope,False,False,False,False,conflict
1024,create,0,deny,False,False,False,False,denied
1025,create,1,snapshot,False,True,False,True,compensated
1025,create,1,mapped,False,True,False,True,compensated
1025,create,1,value,False,True,False,True,compensated
1025,create,1,object,False,False,False,False,conflict
1025,create,1,field,False,False,False,False,conflict
1025,create,1,undoscope,False,False,False,False,conflict
1025,create,1,deny,False,False,False,False,denied
1026,create,2,snapshot,False,False,False,False,incarnation_conflict
1026,create,2,mapped,False,False,False,False,incarnation_conflict
1026,create,2,value,False,False,False,False,incarnation_conflict
1026,create,2,object,False,False,False,False,incarnation_conflict
1026,create,2,field,False,False,False,False,incarnation_conflict
1026,create,2,undoscope,False,False,False,False,incarnation_conflict
1026,create,2,deny,False,False,False,False,denied
1027,create,3,snapshot,False,False,False,False,missing
1027,create,3,mapped,False,False,False,False,missing
1027,create,3,value,False,False,False,False,missing
1027,create,3,object,False,False,False,False,missing
1027,create,3,field,False,False,False,False,missing
1027,create,3,undoscope,False,False,False,False,missing
1027,create,3,deny,False,False,False,False,denied
1028,create,00,snapshot,False,True,False,True,compensated
1028,create,00,mapped,False,True,False,True,compensated
1028,create,00,value,False,False,False,False,conflict
1028,create,00,object,False,False,False,False,conflict
1028,create,00,field,False,False,False,False,conflict
1028,create,00,undoscope,False,False,False,False,conflict
1028,create,00,deny,False,False,False,False,denied
1029,create,01,snapshot,False,True,False,True,compensated
1029,create,01,mapped,False,True,False,True,compensated
1029,create,01,value,False,False,False,False,conflict
1029,create,01,object,False,False,False,False,conflict
1029,create,01,field,False,False,False,False,conflict
1029,create,01,undoscope,False,False,False,False,conflict
1029,create,01,deny,False,False,False,False,denied
1030,create,02,snapshot,False,False,False,False,incarnation_conflict
1030,create,02,mapped,False,False,False,False,incarnation_conflict
1030,create,02,value,False,False,False,False,incarnation_conflict
1030,create,02,object,False,False,False,False,incarnation_conflict
1030,create,02,field,False,False,False,False,incarnation_conflict
1030,create,02,undoscope,False,False,False,False,incarnation_conflict
1030,create,02,deny,False,False,False,False,denied
1031,create,03,snapshot,False,False,False,False,missing
1031,create,03,mapped,False,False,False,False,missing
1031,create,03,value,False,False,False,False,missing
1031,create,03,object,False,False,False,False,missing
1031,create,03,field,False,False,False,False,missing
1031,create,03,undoscope,False,False,False,False,missing
1031,create,03,deny,False,False,False,False,denied
1032,create,10,snapshot,False,True,False,True,compensated
1032,create,10,mapped,False,True,False,True,compensated
1032,create,10,value,False,False,False,False,conflict
1032,create,10,object,False,False,False,False,conflict
1032,create,10,field,False,False,False,False,conflict
1032,create,10,undoscope,False,False,False,False,conflict
1032,create,10,deny,False,False,False,False,denied
1033,create,11,snapshot,False,True,False,True,compensated
1033,create,11,mapped,False,True,False,True,compensated
1033,create,11,value,False,True,False,True,compensated
1033,create,11,object,False,False,False,False,conflict
1033,create,11,field,False,False,False,False,conflict
1033,create,11,undoscope,False,False,False,False,conflict
1033,create,11,deny,False,False,False,False,denied
1034,create,12,snapshot,False,False,False,False,incarnation_conflict
1034,create,12,mapped,False,False,False,False,incarnation_conflict
1034,create,12,value,False,False,False,False,incarnation_conflict
1034,create,12,object,False,False,False,False,incarnation_conflict
1034,create,12,field,False,False,False,False,incarnation_conflict
1034,create,12,undoscope,False,False,False,False,incarnation_conflict
1034,create,12,deny,False,False,False,False,denied
1035,create,13,snapshot,False,False,False,False,missing
1035,create,13,mapped,False,False,False,False,missing
1035,create,13,value,False,False,False,False,missing
1035,create,13,object,False,False,False,False,missing
1035,create,13,field,False,False,False,False,missing
1035,create,13,undoscope,False,False,False,False,missing
1035,create,13,deny,False,False,False,False,denied
1036,create,20,snapshot,False,False,False,False,incarnation_conflict
1036,create,20,mapped,False,False,False,False,incarnation_conflict
1036,create,20,value,False,False,False,False,incarnation_conflict
1036,create,20,object,False,False,False,False,incarnation_conflict
1036,create,20,field,False,False,False,False,incarnation_conflict
1036,create,20,undoscope,False,False,False,False,incarnation_conflict
1036,create,20,deny,False,False,False,False,denied
1037,create,21,snapshot,False,False,False,False,incarnation_conflict
1037,create,21,mapped,False,False,False,False,incarnation_conflict
1037,create,21,value,False,False,False,False,incarnation_conflict
1037,create,21,object,False,False,False,False,incarnation_conflict
1037,create,21,field,False,False,False,False,incarnation_conflict
1037,create,21,undoscope,False,False,False,False,incarnation_conflict
1037,create,21,deny,False,False,False,False,denied
1038,create,22,snapshot,False,False,False,False,incarnation_conflict
1038,create,22,mapped,False,False,False,False,incarnation_conflict
1038,create,22,value,False,False,False,False,incarnation_conflict
1038,create,22,object,False,False,False,False,incarnation_conflict
1038,create,22,field,False,False,False,False,incarnation_conflict
1038,create,22,undoscope,False,False,False,False,incarnation_conflict
1038,create,22,deny,False,False,False,False,denied
1039,create,23,snapshot,False,False,False,False,missing
1039,create,23,mapped,False,False,False,False,missing
1039,create,23,value,False,False,False,False,missing
1039,create,23,object,False,False,False,False,missing
1039,create,23,field,False,False,False,False,missing
1039,create,23,undoscope,False,False,False,False,missing
1039,create,23,deny,False,False,False,False,denied
1040,create,30,snapshot,False,False,False,False,missing
1040,create,30,mapped,False,False,False,False,missing
1040,create,30,value,False,False,False,False,missing
1040,create,30,object,False,False,False,False,missing
1040,create,30,field,False,False,False,False,missing
1040,create,30,undoscope,False,False,False,False,missing
1040,create,30,deny,False,False,False,False,denied
1041,create,31,snapshot,False,False,False,False,missing
1041,create,31,mapped,False,False,False,False,missing
1041,create,31,value,False,False,False,False,missing
1041,create,31,object,False,False,False,False,missing
1041,create,31,field,False,False,False,False,missing
1041,create,31,undoscope,False,False,False,False,missing
1041,create,31,deny,False,False,False,False,denied
1042,create,32,snapshot,False,False,False,False,incarnation_conflict
1042,create,32,mapped,False,False,False,False,incarnation_conflict
1042,create,32,value,False,False,False,False,incarnation_conflict
1042,create,32,object,False,False,False,False,incarnation_conflict
1042,create,32,field,False,False,False,False,incarnation_conflict
1042,create,32,undoscope,False,False,False,False,incarnation_conflict
1042,create,32,deny,False,False,False,False,denied
1043,create,33,snapshot,False,False,False,False,missing
1043,create,33,mapped,False,False,False,False,missing
1043,create,33,value,False,False,False,False,missing
1043,create,33,object,False,False,False,False,missing
1043,create,33,field,False,False,False,False,missing
1043,create,33,undoscope,False,False,False,False,missing
1043,create,33,deny,False,False,False,False,denied
1044,create,000,snapshot,False,True,False,True,compensated
1044,create,000,mapped,False,True,False,True,compensated
1044,create,000,value,False,False,False,False,conflict
1044,create,000,object,False,False,False,False,conflict
1044,create,000,field,False,False,False,False,conflict
1044,create,000,undoscope,False,False,False,False,conflict
1044,create,000,deny,False,False,False,False,denied
1045,create,001,snapshot,False,True,False,True,compensated
1045,create,001,mapped,False,True,False,True,compensated
1045,create,001,value,False,False,False,False,conflict
1045,create,001,object,False,False,False,False,conflict
1045,create,001,field,False,False,False,False,conflict
1045,create,001,undoscope,False,False,False,False,conflict
1045,create,001,deny,False,False,False,False,denied
1046,create,002,snapshot,False,False,False,False,incarnation_conflict
1046,create,002,mapped,False,False,False,False,incarnation_conflict
1046,create,002,value,False,False,False,False,incarnation_conflict
1046,create,002,object,False,False,False,False,incarnation_conflict
1046,create,002,field,False,False,False,False,incarnation_conflict
1046,create,002,undoscope,False,False,False,False,incarnation_conflict
1046,create,002,deny,False,False,False,False,denied
1047,create,003,snapshot,False,False,False,False,missing
1047,create,003,mapped,False,False,False,False,missing
1047,create,003,value,False,False,False,False,missing
1047,create,003,object,False,False,False,False,missing
1047,create,003,field,False,False,False,False,missing
1047,create,003,undoscope,False,False,False,False,missing
1047,create,003,deny,False,False,False,False,denied
1048,create,010,snapshot,False,True,False,True,compensated
1048,create,010,mapped,False,True,False,True,compensated
1048,create,010,value,False,False,False,False,conflict
1048,create,010,object,False,False,False,False,conflict
1048,create,010,field,False,False,False,False,conflict
1048,create,010,undoscope,False,False,False,False,conflict
1048,create,010,deny,False,False,False,False,denied
1049,create,011,snapshot,False,True,False,True,compensated
1049,create,011,mapped,False,True,False,True,compensated
1049,create,011,value,False,False,False,False,conflict
1049,create,011,object,False,False,False,False,conflict
1049,create,011,field,False,False,False,False,conflict
1049,create,011,undoscope,False,False,False,False,conflict
1049,create,011,deny,False,False,False,False,denied
1050,create,012,snapshot,False,False,False,False,incarnation_conflict
1050,create,012,mapped,False,False,False,False,incarnation_conflict
1050,create,012,value,False,False,False,False,incarnation_conflict
1050,create,012,object,False,False,False,False,incarnation_conflict
1050,create,012,field,False,False,False,False,incarnation_conflict
1050,create,012,undoscope,False,False,False,False,incarnation_conflict
1050,create,012,deny,False,False,False,False,denied
1051,create,013,snapshot,False,False,False,False,missing
1051,create,013,mapped,False,False,False,False,missing
1051,create,013,value,False,False,False,False,missing
1051,create,013,object,False,False,False,False,missing
1051,create,013,field,False,False,False,False,missing
1051,create,013,undoscope,False,False,False,False,missing
1051,create,013,deny,False,False,False,False,denied
1052,create,020,snapshot,False,False,False,False,incarnation_conflict
1052,create,020,mapped,False,False,False,False,incarnation_conflict
1052,create,020,value,False,False,False,False,incarnation_conflict
1052,create,020,object,False,False,False,False,incarnation_conflict
1052,create,020,field,False,False,False,False,incarnation_conflict
1052,create,020,undoscope,False,False,False,False,incarnation_conflict
1052,create,020,deny,False,False,False,False,denied
1053,create,021,snapshot,False,False,False,False,incarnation_conflict
1053,create,021,mapped,False,False,False,False,incarnation_conflict
1053,create,021,value,False,False,False,False,incarnation_conflict
1053,create,021,object,False,False,False,False,incarnation_conflict
1053,create,021,field,False,False,False,False,incarnation_conflict
1053,create,021,undoscope,False,False,False,False,incarnation_conflict
1053,create,021,deny,False,False,False,False,denied
1054,create,022,snapshot,False,False,False,False,incarnation_conflict
1054,create,022,mapped,False,False,False,False,incarnation_conflict
1054,create,022,value,False,False,False,False,incarnation_conflict
1054,create,022,object,False,False,False,False,incarnation_conflict
1054,create,022,field,False,False,False,False,incarnation_conflict
1054,create,022,undoscope,False,False,False,False,incarnation_conflict
1054,create,022,deny,False,False,False,False,denied
1055,create,023,snapshot,False,False,False,False,missing
1055,create,023,mapped,False,False,False,False,missing
1055,create,023,value,False,False,False,False,missing
1055,create,023,object,False,False,False,False,missing
1055,create,023,field,False,False,False,False,missing
1055,create,023,undoscope,False,False,False,False,missing
1055,create,023,deny,False,False,False,False,denied
1056,create,030,snapshot,False,False,False,False,missing
1056,create,030,mapped,False,False,False,False,missing
1056,create,030,value,False,False,False,False,missing
1056,create,030,object,False,False,False,False,missing
1056,create,030,field,False,False,False,False,missing
1056,create,030,undoscope,False,False,False,False,missing
1056,create,030,deny,False,False,False,False,denied
1057,create,031,snapshot,False,False,False,False,missing
1057,create,031,mapped,False,False,False,False,missing
1057,create,031,value,False,False,False,False,missing
1057,create,031,object,False,False,False,False,missing
1057,create,031,field,False,False,False,False,missing
1057,create,031,undoscope,False,False,False,False,missing
1057,create,031,deny,False,False,False,False,denied
1058,create,032,snapshot,False,False,False,False,incarnation_conflict
1058,create,032,mapped,False,False,False,False,incarnation_conflict
1058,create,032,value,False,False,False,False,incarnation_conflict
1058,create,032,object,False,False,False,False,incarnation_conflict
1058,create,032,field,False,False,False,False,incarnation_conflict
1058,create,032,undoscope,False,False,False,False,incarnation_conflict
1058,create,032,deny,False,False,False,False,denied
1059,create,033,snapshot,False,False,False,False,missing
1059,create,033,mapped,False,False,False,False,missing
1059,create,033,value,False,False,False,False,missing
1059,create,033,object,False,False,False,False,missing
1059,create,033,field,False,False,False,False,missing
1059,create,033,undoscope,False,False,False,False,missing
1059,create,033,deny,False,False,False,False,denied
1060,create,100,snapshot,False,True,False,True,compensated
1060,create,100,mapped,False,True,False,True,compensated
1060,create,100,value,False,False,False,False,conflict
1060,create,100,object,False,False,False,False,conflict
1060,create,100,field,False,False,False,False,conflict
1060,create,100,undoscope,False,False,False,False,conflict
1060,create,100,deny,False,False,False,False,denied
1061,create,101,snapshot,False,True,False,True,compensated
1061,create,101,mapped,False,True,False,True,compensated
1061,create,101,value,False,False,False,False,conflict
1061,create,101,object,False,False,False,False,conflict
1061,create,101,field,False,False,False,False,conflict
1061,create,101,undoscope,False,False,False,False,conflict
1061,create,101,deny,False,False,False,False,denied
1062,create,102,snapshot,False,False,False,False,incarnation_conflict
1062,create,102,mapped,False,False,False,False,incarnation_conflict
1062,create,102,value,False,False,False,False,incarnation_conflict
1062,create,102,object,False,False,False,False,incarnation_conflict
1062,create,102,field,False,False,False,False,incarnation_conflict
1062,create,102,undoscope,False,False,False,False,incarnation_conflict
1062,create,102,deny,False,False,False,False,denied
1063,create,103,snapshot,False,False,False,False,missing
1063,create,103,mapped,False,False,False,False,missing
1063,create,103,value,False,False,False,False,missing
1063,create,103,object,False,False,False,False,missing
1063,create,103,field,False,False,False,False,missing
1063,create,103,undoscope,False,False,False,False,missing
1063,create,103,deny,False,False,False,False,denied
1064,create,110,snapshot,False,True,False,True,compensated
1064,create,110,mapped,False,True,False,True,compensated
1064,create,110,value,False,False,False,False,conflict
1064,create,110,object,False,False,False,False,conflict
1064,create,110,field,False,False,False,False,conflict
1064,create,110,undoscope,False,False,False,False,conflict
1064,create,110,deny,False,False,False,False,denied
1065,create,111,snapshot,False,True,False,True,compensated
1065,create,111,mapped,False,True,False,True,compensated
1065,create,111,value,False,True,False,True,compensated
1065,create,111,object,False,False,False,False,conflict
1065,create,111,field,False,False,False,False,conflict
1065,create,111,undoscope,False,False,False,False,conflict
1065,create,111,deny,False,False,False,False,denied
1066,create,112,snapshot,False,False,False,False,incarnation_conflict
1066,create,112,mapped,False,False,False,False,incarnation_conflict
1066,create,112,value,False,False,False,False,incarnation_conflict
1066,create,112,object,False,False,False,False,incarnation_conflict
1066,create,112,field,False,False,False,False,incarnation_conflict
1066,create,112,undoscope,False,False,False,False,incarnation_conflict
1066,create,112,deny,False,False,False,False,denied
1067,create,113,snapshot,False,False,False,False,missing
1067,create,113,mapped,False,False,False,False,missing
1067,create,113,value,False,False,False,False,missing
1067,create,113,object,False,False,False,False,missing
1067,create,113,field,False,False,False,False,missing
1067,create,113,undoscope,False,False,False,False,missing
1067,create,113,deny,False,False,False,False,denied
1068,create,120,snapshot,False,False,False,False,incarnation_conflict
1068,create,120,mapped,False,False,False,False,incarnation_conflict
1068,create,120,value,False,False,False,False,incarnation_conflict
1068,create,120,object,False,False,False,False,incarnation_conflict
1068,create,120,field,False,False,False,False,incarnation_conflict
1068,create,120,undoscope,False,False,False,False,incarnation_conflict
1068,create,120,deny,False,False,False,False,denied
1069,create,121,snapshot,False,False,False,False,incarnation_conflict
1069,create,121,mapped,False,False,False,False,incarnation_conflict
1069,create,121,value,False,False,False,False,incarnation_conflict
1069,create,121,object,False,False,False,False,incarnation_conflict
1069,create,121,field,False,False,False,False,incarnation_conflict
1069,create,121,undoscope,False,False,False,False,incarnation_conflict
1069,create,121,deny,False,False,False,False,denied
1070,create,122,snapshot,False,False,False,False,incarnation_conflict
1070,create,122,mapped,False,False,False,False,incarnation_conflict
1070,create,122,value,False,False,False,False,incarnation_conflict
1070,create,122,object,False,False,False,False,incarnation_conflict
1070,create,122,field,False,False,False,False,incarnation_conflict
1070,create,122,undoscope,False,False,False,False,incarnation_conflict
1070,create,122,deny,False,False,False,False,denied
1071,create,123,snapshot,False,False,False,False,missing
1071,create,123,mapped,False,False,False,False,missing
1071,create,123,value,False,False,False,False,missing
1071,create,123,object,False,False,False,False,missing
1071,create,123,field,False,False,False,False,missing
1071,create,123,undoscope,False,False,False,False,missing
1071,create,123,deny,False,False,False,False,denied
1072,create,130,snapshot,False,False,False,False,missing
1072,create,130,mapped,False,False,False,False,missing
1072,create,130,value,False,False,False,False,missing
1072,create,130,object,False,False,False,False,missing
1072,create,130,field,False,False,False,False,missing
1072,create,130,undoscope,False,False,False,False,missing
1072,create,130,deny,False,False,False,False,denied
1073,create,131,snapshot,False,False,False,False,missing
1073,create,131,mapped,False,False,False,False,missing
1073,create,131,value,False,False,False,False,missing
1073,create,131,object,False,False,False,False,missing
1073,create,131,field,False,False,False,False,missing
1073,create,131,undoscope,False,False,False,False,missing
1073,create,131,deny,False,False,False,False,denied
1074,create,132,snapshot,False,False,False,False,incarnation_conflict
1074,create,132,mapped,False,False,False,False,incarnation_conflict
1074,create,132,value,False,False,False,False,incarnation_conflict
1074,create,132,object,False,False,False,False,incarnation_conflict
1074,create,132,field,False,False,False,False,incarnation_conflict
1074,create,132,undoscope,False,False,False,False,incarnation_conflict
1074,create,132,deny,False,False,False,False,denied
1075,create,133,snapshot,False,False,False,False,missing
1075,create,133,mapped,False,False,False,False,missing
1075,create,133,value,False,False,False,False,missing
1075,create,133,object,False,False,False,False,missing
1075,create,133,field,False,False,False,False,missing
1075,create,133,undoscope,False,False,False,False,missing
1075,create,133,deny,False,False,False,False,denied
1076,create,200,snapshot,False,False,False,False,incarnation_conflict
1076,create,200,mapped,False,False,False,False,incarnation_conflict
1076,create,200,value,False,False,False,False,incarnation_conflict
1076,create,200,object,False,False,False,False,incarnation_conflict
1076,create,200,field,False,False,False,False,incarnation_conflict
1076,create,200,undoscope,False,False,False,False,incarnation_conflict
1076,create,200,deny,False,False,False,False,denied
1077,create,201,snapshot,False,False,False,False,incarnation_conflict
1077,create,201,mapped,False,False,False,False,incarnation_conflict
1077,create,201,value,False,False,False,False,incarnation_conflict
1077,create,201,object,False,False,False,False,incarnation_conflict
1077,create,201,field,False,False,False,False,incarnation_conflict
1077,create,201,undoscope,False,False,False,False,incarnation_conflict
1077,create,201,deny,False,False,False,False,denied
1078,create,202,snapshot,False,False,False,False,incarnation_conflict
1078,create,202,mapped,False,False,False,False,incarnation_conflict
1078,create,202,value,False,False,False,False,incarnation_conflict
1078,create,202,object,False,False,False,False,incarnation_conflict
1078,create,202,field,False,False,False,False,incarnation_conflict
1078,create,202,undoscope,False,False,False,False,incarnation_conflict
1078,create,202,deny,False,False,False,False,denied
1079,create,203,snapshot,False,False,False,False,missing
1079,create,203,mapped,False,False,False,False,missing
1079,create,203,value,False,False,False,False,missing
1079,create,203,object,False,False,False,False,missing
1079,create,203,field,False,False,False,False,missing
1079,create,203,undoscope,False,False,False,False,missing
1079,create,203,deny,False,False,False,False,denied
1080,create,210,snapshot,False,False,False,False,incarnation_conflict
1080,create,210,mapped,False,False,False,False,incarnation_conflict
1080,create,210,value,False,False,False,False,incarnation_conflict
1080,create,210,object,False,False,False,False,incarnation_conflict
1080,create,210,field,False,False,False,False,incarnation_conflict
1080,create,210,undoscope,False,False,False,False,incarnation_conflict
1080,create,210,deny,False,False,False,False,denied
1081,create,211,snapshot,False,False,False,False,incarnation_conflict
1081,create,211,mapped,False,False,False,False,incarnation_conflict
1081,create,211,value,False,False,False,False,incarnation_conflict
1081,create,211,object,False,False,False,False,incarnation_conflict
1081,create,211,field,False,False,False,False,incarnation_conflict
1081,create,211,undoscope,False,False,False,False,incarnation_conflict
1081,create,211,deny,False,False,False,False,denied
1082,create,212,snapshot,False,False,False,False,incarnation_conflict
1082,create,212,mapped,False,False,False,False,incarnation_conflict
1082,create,212,value,False,False,False,False,incarnation_conflict
1082,create,212,object,False,False,False,False,incarnation_conflict
1082,create,212,field,False,False,False,False,incarnation_conflict
1082,create,212,undoscope,False,False,False,False,incarnation_conflict
1082,create,212,deny,False,False,False,False,denied
1083,create,213,snapshot,False,False,False,False,missing
1083,create,213,mapped,False,False,False,False,missing
1083,create,213,value,False,False,False,False,missing
1083,create,213,object,False,False,False,False,missing
1083,create,213,field,False,False,False,False,missing
1083,create,213,undoscope,False,False,False,False,missing
1083,create,213,deny,False,False,False,False,denied
1084,create,220,snapshot,False,False,False,False,incarnation_conflict
1084,create,220,mapped,False,False,False,False,incarnation_conflict
1084,create,220,value,False,False,False,False,incarnation_conflict
1084,create,220,object,False,False,False,False,incarnation_conflict
1084,create,220,field,False,False,False,False,incarnation_conflict
1084,create,220,undoscope,False,False,False,False,incarnation_conflict
1084,create,220,deny,False,False,False,False,denied
1085,create,221,snapshot,False,False,False,False,incarnation_conflict
1085,create,221,mapped,False,False,False,False,incarnation_conflict
1085,create,221,value,False,False,False,False,incarnation_conflict
1085,create,221,object,False,False,False,False,incarnation_conflict
1085,create,221,field,False,False,False,False,incarnation_conflict
1085,create,221,undoscope,False,False,False,False,incarnation_conflict
1085,create,221,deny,False,False,False,False,denied
1086,create,222,snapshot,False,False,False,False,incarnation_conflict
1086,create,222,mapped,False,False,False,False,incarnation_conflict
1086,create,222,value,False,False,False,False,incarnation_conflict
1086,create,222,object,False,False,False,False,incarnation_conflict
1086,create,222,field,False,False,False,False,incarnation_conflict
1086,create,222,undoscope,False,False,False,False,incarnation_conflict
1086,create,222,deny,False,False,False,False,denied
1087,create,223,snapshot,False,False,False,False,missing
1087,create,223,mapped,False,False,False,False,missing
1087,create,223,value,False,False,False,False,missing
1087,create,223,object,False,False,False,False,missing
1087,create,223,field,False,False,False,False,missing
1087,create,223,undoscope,False,False,False,False,missing
1087,create,223,deny,False,False,False,False,denied
1088,create,230,snapshot,False,False,False,False,missing
1088,create,230,mapped,False,False,False,False,missing
1088,create,230,value,False,False,False,False,missing
1088,create,230,object,False,False,False,False,missing
1088,create,230,field,False,False,False,False,missing
1088,create,230,undoscope,False,False,False,False,missing
1088,create,230,deny,False,False,False,False,denied
1089,create,231,snapshot,False,False,False,False,missing
1089,create,231,mapped,False,False,False,False,missing
1089,create,231,value,False,False,False,False,missing
1089,create,231,object,False,False,False,False,missing
1089,create,231,field,False,False,False,False,missing
1089,create,231,undoscope,False,False,False,False,missing
1089,create,231,deny,False,False,False,False,denied
1090,create,232,snapshot,False,False,False,False,incarnation_conflict
1090,create,232,mapped,False,False,False,False,incarnation_conflict
1090,create,232,value,False,False,False,False,incarnation_conflict
1090,create,232,object,False,False,False,False,incarnation_conflict
1090,create,232,field,False,False,False,False,incarnation_conflict
1090,create,232,undoscope,False,False,False,False,incarnation_conflict
1090,create,232,deny,False,False,False,False,denied
1091,create,233,snapshot,False,False,False,False,missing
1091,create,233,mapped,False,False,False,False,missing
1091,create,233,value,False,False,False,False,missing
1091,create,233,object,False,False,False,False,missing
1091,create,233,field,False,False,False,False,missing
1091,create,233,undoscope,False,False,False,False,missing
1091,create,233,deny,False,False,False,False,denied
1092,create,300,snapshot,False,False,False,False,missing
1092,create,300,mapped,False,False,False,False,missing
1092,create,300,value,False,False,False,False,missing
1092,create,300,object,False,False,False,False,missing
1092,create,300,field,False,False,False,False,missing
1092,create,300,undoscope,False,False,False,False,missing
1092,create,300,deny,False,False,False,False,denied
1093,create,301,snapshot,False,False,False,False,missing
1093,create,301,mapped,False,False,False,False,missing
1093,create,301,value,False,False,False,False,missing
1093,create,301,object,False,False,False,False,missing
1093,create,301,field,False,False,False,False,missing
1093,create,301,undoscope,False,False,False,False,missing
1093,create,301,deny,False,False,False,False,denied
1094,create,302,snapshot,False,False,False,False,incarnation_conflict
1094,create,302,mapped,False,False,False,False,incarnation_conflict
1094,create,302,value,False,False,False,False,incarnation_conflict
1094,create,302,object,False,False,False,False,incarnation_conflict
1094,create,302,field,False,False,False,False,incarnation_conflict
1094,create,302,undoscope,False,False,False,False,incarnation_conflict
1094,create,302,deny,False,False,False,False,denied
1095,create,303,snapshot,False,False,False,False,missing
1095,create,303,mapped,False,False,False,False,missing
1095,create,303,value,False,False,False,False,missing
1095,create,303,object,False,False,False,False,missing
1095,create,303,field,False,False,False,False,missing
1095,create,303,undoscope,False,False,False,False,missing
1095,create,303,deny,False,False,False,False,denied
1096,create,310,snapshot,False,False,False,False,missing
1096,create,310,mapped,False,False,False,False,missing
1096,create,310,value,False,False,False,False,missing
1096,create,310,object,False,False,False,False,missing
1096,create,310,field,False,False,False,False,missing
1096,create,310,undoscope,False,False,False,False,missing
1096,create,310,deny,False,False,False,False,denied
1097,create,311,snapshot,False,False,False,False,missing
1097,create,311,mapped,False,False,False,False,missing
1097,create,311,value,False,False,False,False,missing
1097,create,311,object,False,False,False,False,missing
1097,create,311,field,False,False,False,False,missing
1097,create,311,undoscope,False,False,False,False,missing
1097,create,311,deny,False,False,False,False,denied
1098,create,312,snapshot,False,False,False,False,incarnation_conflict
1098,create,312,mapped,False,False,False,False,incarnation_conflict
1098,create,312,value,False,False,False,False,incarnation_conflict
1098,create,312,object,False,False,False,False,incarnation_conflict
1098,create,312,field,False,False,False,False,incarnation_conflict
1098,create,312,undoscope,False,False,False,False,incarnation_conflict
1098,create,312,deny,False,False,False,False,denied
1099,create,313,snapshot,False,False,False,False,missing
1099,create,313,mapped,False,False,False,False,missing
1099,create,313,value,False,False,False,False,missing
1099,create,313,object,False,False,False,False,missing
1099,create,313,field,False,False,False,False,missing
1099,create,313,undoscope,False,False,False,False,missing
1099,create,313,deny,False,False,False,False,denied
1100,create,320,snapshot,False,False,False,False,incarnation_conflict
1100,create,320,mapped,False,False,False,False,incarnation_conflict
1100,create,320,value,False,False,False,False,incarnation_conflict
1100,create,320,object,False,False,False,False,incarnation_conflict
1100,create,320,field,False,False,False,False,incarnation_conflict
1100,create,320,undoscope,False,False,False,False,incarnation_conflict
1100,create,320,deny,False,False,False,False,denied
1101,create,321,snapshot,False,False,False,False,incarnation_conflict
1101,create,321,mapped,False,False,False,False,incarnation_conflict
1101,create,321,value,False,False,False,False,incarnation_conflict
1101,create,321,object,False,False,False,False,incarnation_conflict
1101,create,321,field,False,False,False,False,incarnation_conflict
1101,create,321,undoscope,False,False,False,False,incarnation_conflict
1101,create,321,deny,False,False,False,False,denied
1102,create,322,snapshot,False,False,False,False,incarnation_conflict
1102,create,322,mapped,False,False,False,False,incarnation_conflict
1102,create,322,value,False,False,False,False,incarnation_conflict
1102,create,322,object,False,False,False,False,incarnation_conflict
1102,create,322,field,False,False,False,False,incarnation_conflict
1102,create,322,undoscope,False,False,False,False,incarnation_conflict
1102,create,322,deny,False,False,False,False,denied
1103,create,323,snapshot,False,False,False,False,missing
1103,create,323,mapped,False,False,False,False,missing
1103,create,323,value,False,False,False,False,missing
1103,create,323,object,False,False,False,False,missing
1103,create,323,field,False,False,False,False,missing
1103,create,323,undoscope,False,False,False,False,missing
1103,create,323,deny,False,False,False,False,denied
1104,create,330,snapshot,False,False,False,False,missing
1104,create,330,mapped,False,False,False,False,missing
1104,create,330,value,False,False,False,False,missing
1104,create,330,object,False,False,False,False,missing
1104,create,330,field,False,False,False,False,missing
1104,create,330,undoscope,False,False,False,False,missing
1104,create,330,deny,False,False,False,False,denied
1105,create,331,snapshot,False,False,False,False,missing
1105,create,331,mapped,False,False,False,False,missing
1105,create,331,value,False,False,False,False,missing
1105,create,331,object,False,False,False,False,missing
1105,create,331,field,False,False,False,False,missing
1105,create,331,undoscope,False,False,False,False,missing
1105,create,331,deny,False,False,False,False,denied
1106,create,332,snapshot,False,False,False,False,incarnation_conflict
1106,create,332,mapped,False,False,False,False,incarnation_conflict
1106,create,332,value,False,False,False,False,incarnation_conflict
1106,create,332,object,False,False,False,False,incarnation_conflict
1106,create,332,field,False,False,False,False,incarnation_conflict
1106,create,332,undoscope,False,False,False,False,incarnation_conflict
1106,create,332,deny,False,False,False,False,denied
1107,create,333,snapshot,False,False,False,False,missing
1107,create,333,mapped,False,False,False,False,missing
1107,create,333,value,False,False,False,False,missing
1107,create,333,object,False,False,False,False,missing
1107,create,333,field,False,False,False,False,missing
1107,create,333,undoscope,False,False,False,False,missing
1107,create,333,deny,False,False,False,False,denied
1108,create,0000,snapshot,False,True,False,True,compensated
1108,create,0000,mapped,False,True,False,True,compensated
1108,create,0000,value,False,False,False,False,conflict
1108,create,0000,object,False,False,False,False,conflict
1108,create,0000,field,False,False,False,False,conflict
1108,create,0000,undoscope,False,False,False,False,conflict
1108,create,0000,deny,False,False,False,False,denied
1109,create,0001,snapshot,False,True,False,True,compensated
1109,create,0001,mapped,False,True,False,True,compensated
1109,create,0001,value,False,False,False,False,conflict
1109,create,0001,object,False,False,False,False,conflict
1109,create,0001,field,False,False,False,False,conflict
1109,create,0001,undoscope,False,False,False,False,conflict
1109,create,0001,deny,False,False,False,False,denied
1110,create,0002,snapshot,False,False,False,False,incarnation_conflict
1110,create,0002,mapped,False,False,False,False,incarnation_conflict
1110,create,0002,value,False,False,False,False,incarnation_conflict
1110,create,0002,object,False,False,False,False,incarnation_conflict
1110,create,0002,field,False,False,False,False,incarnation_conflict
1110,create,0002,undoscope,False,False,False,False,incarnation_conflict
1110,create,0002,deny,False,False,False,False,denied
1111,create,0003,snapshot,False,False,False,False,missing
1111,create,0003,mapped,False,False,False,False,missing
1111,create,0003,value,False,False,False,False,missing
1111,create,0003,object,False,False,False,False,missing
1111,create,0003,field,False,False,False,False,missing
1111,create,0003,undoscope,False,False,False,False,missing
1111,create,0003,deny,False,False,False,False,denied
1112,create,0010,snapshot,False,True,False,True,compensated
1112,create,0010,mapped,False,True,False,True,compensated
1112,create,0010,value,False,False,False,False,conflict
1112,create,0010,object,False,False,False,False,conflict
1112,create,0010,field,False,False,False,False,conflict
1112,create,0010,undoscope,False,False,False,False,conflict
1112,create,0010,deny,False,False,False,False,denied
1113,create,0011,snapshot,False,True,False,True,compensated
1113,create,0011,mapped,False,True,False,True,compensated
1113,create,0011,value,False,False,False,False,conflict
1113,create,0011,object,False,False,False,False,conflict
1113,create,0011,field,False,False,False,False,conflict
1113,create,0011,undoscope,False,False,False,False,conflict
1113,create,0011,deny,False,False,False,False,denied
1114,create,0012,snapshot,False,False,False,False,incarnation_conflict
1114,create,0012,mapped,False,False,False,False,incarnation_conflict
1114,create,0012,value,False,False,False,False,incarnation_conflict
1114,create,0012,object,False,False,False,False,incarnation_conflict
1114,create,0012,field,False,False,False,False,incarnation_conflict
1114,create,0012,undoscope,False,False,False,False,incarnation_conflict
1114,create,0012,deny,False,False,False,False,denied
1115,create,0013,snapshot,False,False,False,False,missing
1115,create,0013,mapped,False,False,False,False,missing
1115,create,0013,value,False,False,False,False,missing
1115,create,0013,object,False,False,False,False,missing
1115,create,0013,field,False,False,False,False,missing
1115,create,0013,undoscope,False,False,False,False,missing
1115,create,0013,deny,False,False,False,False,denied
1116,create,0020,snapshot,False,False,False,False,incarnation_conflict
1116,create,0020,mapped,False,False,False,False,incarnation_conflict
1116,create,0020,value,False,False,False,False,incarnation_conflict
1116,create,0020,object,False,False,False,False,incarnation_conflict
1116,create,0020,field,False,False,False,False,incarnation_conflict
1116,create,0020,undoscope,False,False,False,False,incarnation_conflict
1116,create,0020,deny,False,False,False,False,denied
1117,create,0021,snapshot,False,False,False,False,incarnation_conflict
1117,create,0021,mapped,False,False,False,False,incarnation_conflict
1117,create,0021,value,False,False,False,False,incarnation_conflict
1117,create,0021,object,False,False,False,False,incarnation_conflict
1117,create,0021,field,False,False,False,False,incarnation_conflict
1117,create,0021,undoscope,False,False,False,False,incarnation_conflict
1117,create,0021,deny,False,False,False,False,denied
1118,create,0022,snapshot,False,False,False,False,incarnation_conflict
1118,create,0022,mapped,False,False,False,False,incarnation_conflict
1118,create,0022,value,False,False,False,False,incarnation_conflict
1118,create,0022,object,False,False,False,False,incarnation_conflict
1118,create,0022,field,False,False,False,False,incarnation_conflict
1118,create,0022,undoscope,False,False,False,False,incarnation_conflict
1118,create,0022,deny,False,False,False,False,denied
1119,create,0023,snapshot,False,False,False,False,missing
1119,create,0023,mapped,False,False,False,False,missing
1119,create,0023,value,False,False,False,False,missing
1119,create,0023,object,False,False,False,False,missing
1119,create,0023,field,False,False,False,False,missing
1119,create,0023,undoscope,False,False,False,False,missing
1119,create,0023,deny,False,False,False,False,denied
1120,create,0030,snapshot,False,False,False,False,missing
1120,create,0030,mapped,False,False,False,False,missing
1120,create,0030,value,False,False,False,False,missing
1120,create,0030,object,False,False,False,False,missing
1120,create,0030,field,False,False,False,False,missing
1120,create,0030,undoscope,False,False,False,False,missing
1120,create,0030,deny,False,False,False,False,denied
1121,create,0031,snapshot,False,False,False,False,missing
1121,create,0031,mapped,False,False,False,False,missing
1121,create,0031,value,False,False,False,False,missing
1121,create,0031,object,False,False,False,False,missing
1121,create,0031,field,False,False,False,False,missing
1121,create,0031,undoscope,False,False,False,False,missing
1121,create,0031,deny,False,False,False,False,denied
1122,create,0032,snapshot,False,False,False,False,incarnation_conflict
1122,create,0032,mapped,False,False,False,False,incarnation_conflict
1122,create,0032,value,False,False,False,False,incarnation_conflict
1122,create,0032,object,False,False,False,False,incarnation_conflict
1122,create,0032,field,False,False,False,False,incarnation_conflict
1122,create,0032,undoscope,False,False,False,False,incarnation_conflict
1122,create,0032,deny,False,False,False,False,denied
1123,create,0033,snapshot,False,False,False,False,missing
1123,create,0033,mapped,False,False,False,False,missing
1123,create,0033,value,False,False,False,False,missing
1123,create,0033,object,False,False,False,False,missing
1123,create,0033,field,False,False,False,False,missing
1123,create,0033,undoscope,False,False,False,False,missing
1123,create,0033,deny,False,False,False,False,denied
1124,create,0100,snapshot,False,True,False,True,compensated
1124,create,0100,mapped,False,True,False,True,compensated
1124,create,0100,value,False,False,False,False,conflict
1124,create,0100,object,False,False,False,False,conflict
1124,create,0100,field,False,False,False,False,conflict
1124,create,0100,undoscope,False,False,False,False,conflict
1124,create,0100,deny,False,False,False,False,denied
1125,create,0101,snapshot,False,True,False,True,compensated
1125,create,0101,mapped,False,True,False,True,compensated
1125,create,0101,value,False,False,False,False,conflict
1125,create,0101,object,False,False,False,False,conflict
1125,create,0101,field,False,False,False,False,conflict
1125,create,0101,undoscope,False,False,False,False,conflict
1125,create,0101,deny,False,False,False,False,denied
1126,create,0102,snapshot,False,False,False,False,incarnation_conflict
1126,create,0102,mapped,False,False,False,False,incarnation_conflict
1126,create,0102,value,False,False,False,False,incarnation_conflict
1126,create,0102,object,False,False,False,False,incarnation_conflict
1126,create,0102,field,False,False,False,False,incarnation_conflict
1126,create,0102,undoscope,False,False,False,False,incarnation_conflict
1126,create,0102,deny,False,False,False,False,denied
1127,create,0103,snapshot,False,False,False,False,missing
1127,create,0103,mapped,False,False,False,False,missing
1127,create,0103,value,False,False,False,False,missing
1127,create,0103,object,False,False,False,False,missing
1127,create,0103,field,False,False,False,False,missing
1127,create,0103,undoscope,False,False,False,False,missing
1127,create,0103,deny,False,False,False,False,denied
1128,create,0110,snapshot,False,True,False,True,compensated
1128,create,0110,mapped,False,True,False,True,compensated
1128,create,0110,value,False,False,False,False,conflict
1128,create,0110,object,False,False,False,False,conflict
1128,create,0110,field,False,False,False,False,conflict
1128,create,0110,undoscope,False,False,False,False,conflict
1128,create,0110,deny,False,False,False,False,denied
1129,create,0111,snapshot,False,True,False,True,compensated
1129,create,0111,mapped,False,True,False,True,compensated
1129,create,0111,value,False,False,False,False,conflict
1129,create,0111,object,False,False,False,False,conflict
1129,create,0111,field,False,False,False,False,conflict
1129,create,0111,undoscope,False,False,False,False,conflict
1129,create,0111,deny,False,False,False,False,denied
1130,create,0112,snapshot,False,False,False,False,incarnation_conflict
1130,create,0112,mapped,False,False,False,False,incarnation_conflict
1130,create,0112,value,False,False,False,False,incarnation_conflict
1130,create,0112,object,False,False,False,False,incarnation_conflict
1130,create,0112,field,False,False,False,False,incarnation_conflict
1130,create,0112,undoscope,False,False,False,False,incarnation_conflict
1130,create,0112,deny,False,False,False,False,denied
1131,create,0113,snapshot,False,False,False,False,missing
1131,create,0113,mapped,False,False,False,False,missing
1131,create,0113,value,False,False,False,False,missing
1131,create,0113,object,False,False,False,False,missing
1131,create,0113,field,False,False,False,False,missing
1131,create,0113,undoscope,False,False,False,False,missing
1131,create,0113,deny,False,False,False,False,denied
1132,create,0120,snapshot,False,False,False,False,incarnation_conflict
1132,create,0120,mapped,False,False,False,False,incarnation_conflict
1132,create,0120,value,False,False,False,False,incarnation_conflict
1132,create,0120,object,False,False,False,False,incarnation_conflict
1132,create,0120,field,False,False,False,False,incarnation_conflict
1132,create,0120,undoscope,False,False,False,False,incarnation_conflict
1132,create,0120,deny,False,False,False,False,denied
1133,create,0121,snapshot,False,False,False,False,incarnation_conflict
1133,create,0121,mapped,False,False,False,False,incarnation_conflict
1133,create,0121,value,False,False,False,False,incarnation_conflict
1133,create,0121,object,False,False,False,False,incarnation_conflict
1133,create,0121,field,False,False,False,False,incarnation_conflict
1133,create,0121,undoscope,False,False,False,False,incarnation_conflict
1133,create,0121,deny,False,False,False,False,denied
1134,create,0122,snapshot,False,False,False,False,incarnation_conflict
1134,create,0122,mapped,False,False,False,False,incarnation_conflict
1134,create,0122,value,False,False,False,False,incarnation_conflict
1134,create,0122,object,False,False,False,False,incarnation_conflict
1134,create,0122,field,False,False,False,False,incarnation_conflict
1134,create,0122,undoscope,False,False,False,False,incarnation_conflict
1134,create,0122,deny,False,False,False,False,denied
1135,create,0123,snapshot,False,False,False,False,missing
1135,create,0123,mapped,False,False,False,False,missing
1135,create,0123,value,False,False,False,False,missing
1135,create,0123,object,False,False,False,False,missing
1135,create,0123,field,False,False,False,False,missing
1135,create,0123,undoscope,False,False,False,False,missing
1135,create,0123,deny,False,False,False,False,denied
1136,create,0130,snapshot,False,False,False,False,missing
1136,create,0130,mapped,False,False,False,False,missing
1136,create,0130,value,False,False,False,False,missing
1136,create,0130,object,False,False,False,False,missing
1136,create,0130,field,False,False,False,False,missing
1136,create,0130,undoscope,False,False,False,False,missing
1136,create,0130,deny,False,False,False,False,denied
1137,create,0131,snapshot,False,False,False,False,missing
1137,create,0131,mapped,False,False,False,False,missing
1137,create,0131,value,False,False,False,False,missing
1137,create,0131,object,False,False,False,False,missing
1137,create,0131,field,False,False,False,False,missing
1137,create,0131,undoscope,False,False,False,False,missing
1137,create,0131,deny,False,False,False,False,denied
1138,create,0132,snapshot,False,False,False,False,incarnation_conflict
1138,create,0132,mapped,False,False,False,False,incarnation_conflict
1138,create,0132,value,False,False,False,False,incarnation_conflict
1138,create,0132,object,False,False,False,False,incarnation_conflict
1138,create,0132,field,False,False,False,False,incarnation_conflict
1138,create,0132,undoscope,False,False,False,False,incarnation_conflict
1138,create,0132,deny,False,False,False,False,denied
1139,create,0133,snapshot,False,False,False,False,missing
1139,create,0133,mapped,False,False,False,False,missing
1139,create,0133,value,False,False,False,False,missing
1139,create,0133,object,False,False,False,False,missing
1139,create,0133,field,False,False,False,False,missing
1139,create,0133,undoscope,False,False,False,False,missing
1139,create,0133,deny,False,False,False,False,denied
1140,create,0200,snapshot,False,False,False,False,incarnation_conflict
1140,create,0200,mapped,False,False,False,False,incarnation_conflict
1140,create,0200,value,False,False,False,False,incarnation_conflict
1140,create,0200,object,False,False,False,False,incarnation_conflict
1140,create,0200,field,False,False,False,False,incarnation_conflict
1140,create,0200,undoscope,False,False,False,False,incarnation_conflict
1140,create,0200,deny,False,False,False,False,denied
1141,create,0201,snapshot,False,False,False,False,incarnation_conflict
1141,create,0201,mapped,False,False,False,False,incarnation_conflict
1141,create,0201,value,False,False,False,False,incarnation_conflict
1141,create,0201,object,False,False,False,False,incarnation_conflict
1141,create,0201,field,False,False,False,False,incarnation_conflict
1141,create,0201,undoscope,False,False,False,False,incarnation_conflict
1141,create,0201,deny,False,False,False,False,denied
1142,create,0202,snapshot,False,False,False,False,incarnation_conflict
1142,create,0202,mapped,False,False,False,False,incarnation_conflict
1142,create,0202,value,False,False,False,False,incarnation_conflict
1142,create,0202,object,False,False,False,False,incarnation_conflict
1142,create,0202,field,False,False,False,False,incarnation_conflict
1142,create,0202,undoscope,False,False,False,False,incarnation_conflict
1142,create,0202,deny,False,False,False,False,denied
1143,create,0203,snapshot,False,False,False,False,missing
1143,create,0203,mapped,False,False,False,False,missing
1143,create,0203,value,False,False,False,False,missing
1143,create,0203,object,False,False,False,False,missing
1143,create,0203,field,False,False,False,False,missing
1143,create,0203,undoscope,False,False,False,False,missing
1143,create,0203,deny,False,False,False,False,denied
1144,create,0210,snapshot,False,False,False,False,incarnation_conflict
1144,create,0210,mapped,False,False,False,False,incarnation_conflict
1144,create,0210,value,False,False,False,False,incarnation_conflict
1144,create,0210,object,False,False,False,False,incarnation_conflict
1144,create,0210,field,False,False,False,False,incarnation_conflict
1144,create,0210,undoscope,False,False,False,False,incarnation_conflict
1144,create,0210,deny,False,False,False,False,denied
1145,create,0211,snapshot,False,False,False,False,incarnation_conflict
1145,create,0211,mapped,False,False,False,False,incarnation_conflict
1145,create,0211,value,False,False,False,False,incarnation_conflict
1145,create,0211,object,False,False,False,False,incarnation_conflict
1145,create,0211,field,False,False,False,False,incarnation_conflict
1145,create,0211,undoscope,False,False,False,False,incarnation_conflict
1145,create,0211,deny,False,False,False,False,denied
1146,create,0212,snapshot,False,False,False,False,incarnation_conflict
1146,create,0212,mapped,False,False,False,False,incarnation_conflict
1146,create,0212,value,False,False,False,False,incarnation_conflict
1146,create,0212,object,False,False,False,False,incarnation_conflict
1146,create,0212,field,False,False,False,False,incarnation_conflict
1146,create,0212,undoscope,False,False,False,False,incarnation_conflict
1146,create,0212,deny,False,False,False,False,denied
1147,create,0213,snapshot,False,False,False,False,missing
1147,create,0213,mapped,False,False,False,False,missing
1147,create,0213,value,False,False,False,False,missing
1147,create,0213,object,False,False,False,False,missing
1147,create,0213,field,False,False,False,False,missing
1147,create,0213,undoscope,False,False,False,False,missing
1147,create,0213,deny,False,False,False,False,denied
1148,create,0220,snapshot,False,False,False,False,incarnation_conflict
1148,create,0220,mapped,False,False,False,False,incarnation_conflict
1148,create,0220,value,False,False,False,False,incarnation_conflict
1148,create,0220,object,False,False,False,False,incarnation_conflict
1148,create,0220,field,False,False,False,False,incarnation_conflict
1148,create,0220,undoscope,False,False,False,False,incarnation_conflict
1148,create,0220,deny,False,False,False,False,denied
1149,create,0221,snapshot,False,False,False,False,incarnation_conflict
1149,create,0221,mapped,False,False,False,False,incarnation_conflict
1149,create,0221,value,False,False,False,False,incarnation_conflict
1149,create,0221,object,False,False,False,False,incarnation_conflict
1149,create,0221,field,False,False,False,False,incarnation_conflict
1149,create,0221,undoscope,False,False,False,False,incarnation_conflict
1149,create,0221,deny,False,False,False,False,denied
1150,create,0222,snapshot,False,False,False,False,incarnation_conflict
1150,create,0222,mapped,False,False,False,False,incarnation_conflict
1150,create,0222,value,False,False,False,False,incarnation_conflict
1150,create,0222,object,False,False,False,False,incarnation_conflict
1150,create,0222,field,False,False,False,False,incarnation_conflict
1150,create,0222,undoscope,False,False,False,False,incarnation_conflict
1150,create,0222,deny,False,False,False,False,denied
1151,create,0223,snapshot,False,False,False,False,missing
1151,create,0223,mapped,False,False,False,False,missing
1151,create,0223,value,False,False,False,False,missing
1151,create,0223,object,False,False,False,False,missing
1151,create,0223,field,False,False,False,False,missing
1151,create,0223,undoscope,False,False,False,False,missing
1151,create,0223,deny,False,False,False,False,denied
1152,create,0230,snapshot,False,False,False,False,missing
1152,create,0230,mapped,False,False,False,False,missing
1152,create,0230,value,False,False,False,False,missing
1152,create,0230,object,False,False,False,False,missing
1152,create,0230,field,False,False,False,False,missing
1152,create,0230,undoscope,False,False,False,False,missing
1152,create,0230,deny,False,False,False,False,denied
1153,create,0231,snapshot,False,False,False,False,missing
1153,create,0231,mapped,False,False,False,False,missing
1153,create,0231,value,False,False,False,False,missing
1153,create,0231,object,False,False,False,False,missing
1153,create,0231,field,False,False,False,False,missing
1153,create,0231,undoscope,False,False,False,False,missing
1153,create,0231,deny,False,False,False,False,denied
1154,create,0232,snapshot,False,False,False,False,incarnation_conflict
1154,create,0232,mapped,False,False,False,False,incarnation_conflict
1154,create,0232,value,False,False,False,False,incarnation_conflict
1154,create,0232,object,False,False,False,False,incarnation_conflict
1154,create,0232,field,False,False,False,False,incarnation_conflict
1154,create,0232,undoscope,False,False,False,False,incarnation_conflict
1154,create,0232,deny,False,False,False,False,denied
1155,create,0233,snapshot,False,False,False,False,missing
1155,create,0233,mapped,False,False,False,False,missing
1155,create,0233,value,False,False,False,False,missing
1155,create,0233,object,False,False,False,False,missing
1155,create,0233,field,False,False,False,False,missing
1155,create,0233,undoscope,False,False,False,False,missing
1155,create,0233,deny,False,False,False,False,denied
1156,create,0300,snapshot,False,False,False,False,missing
1156,create,0300,mapped,False,False,False,False,missing
1156,create,0300,value,False,False,False,False,missing
1156,create,0300,object,False,False,False,False,missing
1156,create,0300,field,False,False,False,False,missing
1156,create,0300,undoscope,False,False,False,False,missing
1156,create,0300,deny,False,False,False,False,denied
1157,create,0301,snapshot,False,False,False,False,missing
1157,create,0301,mapped,False,False,False,False,missing
1157,create,0301,value,False,False,False,False,missing
1157,create,0301,object,False,False,False,False,missing
1157,create,0301,field,False,False,False,False,missing
1157,create,0301,undoscope,False,False,False,False,missing
1157,create,0301,deny,False,False,False,False,denied
1158,create,0302,snapshot,False,False,False,False,incarnation_conflict
1158,create,0302,mapped,False,False,False,False,incarnation_conflict
1158,create,0302,value,False,False,False,False,incarnation_conflict
1158,create,0302,object,False,False,False,False,incarnation_conflict
1158,create,0302,field,False,False,False,False,incarnation_conflict
1158,create,0302,undoscope,False,False,False,False,incarnation_conflict
1158,create,0302,deny,False,False,False,False,denied
1159,create,0303,snapshot,False,False,False,False,missing
1159,create,0303,mapped,False,False,False,False,missing
1159,create,0303,value,False,False,False,False,missing
1159,create,0303,object,False,False,False,False,missing
1159,create,0303,field,False,False,False,False,missing
1159,create,0303,undoscope,False,False,False,False,missing
1159,create,0303,deny,False,False,False,False,denied
1160,create,0310,snapshot,False,False,False,False,missing
1160,create,0310,mapped,False,False,False,False,missing
1160,create,0310,value,False,False,False,False,missing
1160,create,0310,object,False,False,False,False,missing
1160,create,0310,field,False,False,False,False,missing
1160,create,0310,undoscope,False,False,False,False,missing
1160,create,0310,deny,False,False,False,False,denied
1161,create,0311,snapshot,False,False,False,False,missing
1161,create,0311,mapped,False,False,False,False,missing
1161,create,0311,value,False,False,False,False,missing
1161,create,0311,object,False,False,False,False,missing
1161,create,0311,field,False,False,False,False,missing
1161,create,0311,undoscope,False,False,False,False,missing
1161,create,0311,deny,False,False,False,False,denied
1162,create,0312,snapshot,False,False,False,False,incarnation_conflict
1162,create,0312,mapped,False,False,False,False,incarnation_conflict
1162,create,0312,value,False,False,False,False,incarnation_conflict
1162,create,0312,object,False,False,False,False,incarnation_conflict
1162,create,0312,field,False,False,False,False,incarnation_conflict
1162,create,0312,undoscope,False,False,False,False,incarnation_conflict
1162,create,0312,deny,False,False,False,False,denied
1163,create,0313,snapshot,False,False,False,False,missing
1163,create,0313,mapped,False,False,False,False,missing
1163,create,0313,value,False,False,False,False,missing
1163,create,0313,object,False,False,False,False,missing
1163,create,0313,field,False,False,False,False,missing
1163,create,0313,undoscope,False,False,False,False,missing
1163,create,0313,deny,False,False,False,False,denied
1164,create,0320,snapshot,False,False,False,False,incarnation_conflict
1164,create,0320,mapped,False,False,False,False,incarnation_conflict
1164,create,0320,value,False,False,False,False,incarnation_conflict
1164,create,0320,object,False,False,False,False,incarnation_conflict
1164,create,0320,field,False,False,False,False,incarnation_conflict
1164,create,0320,undoscope,False,False,False,False,incarnation_conflict
1164,create,0320,deny,False,False,False,False,denied
1165,create,0321,snapshot,False,False,False,False,incarnation_conflict
1165,create,0321,mapped,False,False,False,False,incarnation_conflict
1165,create,0321,value,False,False,False,False,incarnation_conflict
1165,create,0321,object,False,False,False,False,incarnation_conflict
1165,create,0321,field,False,False,False,False,incarnation_conflict
1165,create,0321,undoscope,False,False,False,False,incarnation_conflict
1165,create,0321,deny,False,False,False,False,denied
1166,create,0322,snapshot,False,False,False,False,incarnation_conflict
1166,create,0322,mapped,False,False,False,False,incarnation_conflict
1166,create,0322,value,False,False,False,False,incarnation_conflict
1166,create,0322,object,False,False,False,False,incarnation_conflict
1166,create,0322,field,False,False,False,False,incarnation_conflict
1166,create,0322,undoscope,False,False,False,False,incarnation_conflict
1166,create,0322,deny,False,False,False,False,denied
1167,create,0323,snapshot,False,False,False,False,missing
1167,create,0323,mapped,False,False,False,False,missing
1167,create,0323,value,False,False,False,False,missing
1167,create,0323,object,False,False,False,False,missing
1167,create,0323,field,False,False,False,False,missing
1167,create,0323,undoscope,False,False,False,False,missing
1167,create,0323,deny,False,False,False,False,denied
1168,create,0330,snapshot,False,False,False,False,missing
1168,create,0330,mapped,False,False,False,False,missing
1168,create,0330,value,False,False,False,False,missing
1168,create,0330,object,False,False,False,False,missing
1168,create,0330,field,False,False,False,False,missing
1168,create,0330,undoscope,False,False,False,False,missing
1168,create,0330,deny,False,False,False,False,denied
1169,create,0331,snapshot,False,False,False,False,missing
1169,create,0331,mapped,False,False,False,False,missing
1169,create,0331,value,False,False,False,False,missing
1169,create,0331,object,False,False,False,False,missing
1169,create,0331,field,False,False,False,False,missing
1169,create,0331,undoscope,False,False,False,False,missing
1169,create,0331,deny,False,False,False,False,denied
1170,create,0332,snapshot,False,False,False,False,incarnation_conflict
1170,create,0332,mapped,False,False,False,False,incarnation_conflict
1170,create,0332,value,False,False,False,False,incarnation_conflict
1170,create,0332,object,False,False,False,False,incarnation_conflict
1170,create,0332,field,False,False,False,False,incarnation_conflict
1170,create,0332,undoscope,False,False,False,False,incarnation_conflict
1170,create,0332,deny,False,False,False,False,denied
1171,create,0333,snapshot,False,False,False,False,missing
1171,create,0333,mapped,False,False,False,False,missing
1171,create,0333,value,False,False,False,False,missing
1171,create,0333,object,False,False,False,False,missing
1171,create,0333,field,False,False,False,False,missing
1171,create,0333,undoscope,False,False,False,False,missing
1171,create,0333,deny,False,False,False,False,denied
1172,create,1000,snapshot,False,True,False,True,compensated
1172,create,1000,mapped,False,True,False,True,compensated
1172,create,1000,value,False,False,False,False,conflict
1172,create,1000,object,False,False,False,False,conflict
1172,create,1000,field,False,False,False,False,conflict
1172,create,1000,undoscope,False,False,False,False,conflict
1172,create,1000,deny,False,False,False,False,denied
1173,create,1001,snapshot,False,True,False,True,compensated
1173,create,1001,mapped,False,True,False,True,compensated
1173,create,1001,value,False,False,False,False,conflict
1173,create,1001,object,False,False,False,False,conflict
1173,create,1001,field,False,False,False,False,conflict
1173,create,1001,undoscope,False,False,False,False,conflict
1173,create,1001,deny,False,False,False,False,denied
1174,create,1002,snapshot,False,False,False,False,incarnation_conflict
1174,create,1002,mapped,False,False,False,False,incarnation_conflict
1174,create,1002,value,False,False,False,False,incarnation_conflict
1174,create,1002,object,False,False,False,False,incarnation_conflict
1174,create,1002,field,False,False,False,False,incarnation_conflict
1174,create,1002,undoscope,False,False,False,False,incarnation_conflict
1174,create,1002,deny,False,False,False,False,denied
1175,create,1003,snapshot,False,False,False,False,missing
1175,create,1003,mapped,False,False,False,False,missing
1175,create,1003,value,False,False,False,False,missing
1175,create,1003,object,False,False,False,False,missing
1175,create,1003,field,False,False,False,False,missing
1175,create,1003,undoscope,False,False,False,False,missing
1175,create,1003,deny,False,False,False,False,denied
1176,create,1010,snapshot,False,True,False,True,compensated
1176,create,1010,mapped,False,True,False,True,compensated
1176,create,1010,value,False,False,False,False,conflict
1176,create,1010,object,False,False,False,False,conflict
1176,create,1010,field,False,False,False,False,conflict
1176,create,1010,undoscope,False,False,False,False,conflict
1176,create,1010,deny,False,False,False,False,denied
1177,create,1011,snapshot,False,True,False,True,compensated
1177,create,1011,mapped,False,True,False,True,compensated
1177,create,1011,value,False,False,False,False,conflict
1177,create,1011,object,False,False,False,False,conflict
1177,create,1011,field,False,False,False,False,conflict
1177,create,1011,undoscope,False,False,False,False,conflict
1177,create,1011,deny,False,False,False,False,denied
1178,create,1012,snapshot,False,False,False,False,incarnation_conflict
1178,create,1012,mapped,False,False,False,False,incarnation_conflict
1178,create,1012,value,False,False,False,False,incarnation_conflict
1178,create,1012,object,False,False,False,False,incarnation_conflict
1178,create,1012,field,False,False,False,False,incarnation_conflict
1178,create,1012,undoscope,False,False,False,False,incarnation_conflict
1178,create,1012,deny,False,False,False,False,denied
1179,create,1013,snapshot,False,False,False,False,missing
1179,create,1013,mapped,False,False,False,False,missing
1179,create,1013,value,False,False,False,False,missing
1179,create,1013,object,False,False,False,False,missing
1179,create,1013,field,False,False,False,False,missing
1179,create,1013,undoscope,False,False,False,False,missing
1179,create,1013,deny,False,False,False,False,denied
1180,create,1020,snapshot,False,False,False,False,incarnation_conflict
1180,create,1020,mapped,False,False,False,False,incarnation_conflict
1180,create,1020,value,False,False,False,False,incarnation_conflict
1180,create,1020,object,False,False,False,False,incarnation_conflict
1180,create,1020,field,False,False,False,False,incarnation_conflict
1180,create,1020,undoscope,False,False,False,False,incarnation_conflict
1180,create,1020,deny,False,False,False,False,denied
1181,create,1021,snapshot,False,False,False,False,incarnation_conflict
1181,create,1021,mapped,False,False,False,False,incarnation_conflict
1181,create,1021,value,False,False,False,False,incarnation_conflict
1181,create,1021,object,False,False,False,False,incarnation_conflict
1181,create,1021,field,False,False,False,False,incarnation_conflict
1181,create,1021,undoscope,False,False,False,False,incarnation_conflict
1181,create,1021,deny,False,False,False,False,denied
1182,create,1022,snapshot,False,False,False,False,incarnation_conflict
1182,create,1022,mapped,False,False,False,False,incarnation_conflict
1182,create,1022,value,False,False,False,False,incarnation_conflict
1182,create,1022,object,False,False,False,False,incarnation_conflict
1182,create,1022,field,False,False,False,False,incarnation_conflict
1182,create,1022,undoscope,False,False,False,False,incarnation_conflict
1182,create,1022,deny,False,False,False,False,denied
1183,create,1023,snapshot,False,False,False,False,missing
1183,create,1023,mapped,False,False,False,False,missing
1183,create,1023,value,False,False,False,False,missing
1183,create,1023,object,False,False,False,False,missing
1183,create,1023,field,False,False,False,False,missing
1183,create,1023,undoscope,False,False,False,False,missing
1183,create,1023,deny,False,False,False,False,denied
1184,create,1030,snapshot,False,False,False,False,missing
1184,create,1030,mapped,False,False,False,False,missing
1184,create,1030,value,False,False,False,False,missing
1184,create,1030,object,False,False,False,False,missing
1184,create,1030,field,False,False,False,False,missing
1184,create,1030,undoscope,False,False,False,False,missing
1184,create,1030,deny,False,False,False,False,denied
1185,create,1031,snapshot,False,False,False,False,missing
1185,create,1031,mapped,False,False,False,False,missing
1185,create,1031,value,False,False,False,False,missing
1185,create,1031,object,False,False,False,False,missing
1185,create,1031,field,False,False,False,False,missing
1185,create,1031,undoscope,False,False,False,False,missing
1185,create,1031,deny,False,False,False,False,denied
1186,create,1032,snapshot,False,False,False,False,incarnation_conflict
1186,create,1032,mapped,False,False,False,False,incarnation_conflict
1186,create,1032,value,False,False,False,False,incarnation_conflict
1186,create,1032,object,False,False,False,False,incarnation_conflict
1186,create,1032,field,False,False,False,False,incarnation_conflict
1186,create,1032,undoscope,False,False,False,False,incarnation_conflict
1186,create,1032,deny,False,False,False,False,denied
1187,create,1033,snapshot,False,False,False,False,missing
1187,create,1033,mapped,False,False,False,False,missing
1187,create,1033,value,False,False,False,False,missing
1187,create,1033,object,False,False,False,False,missing
1187,create,1033,field,False,False,False,False,missing
1187,create,1033,undoscope,False,False,False,False,missing
1187,create,1033,deny,False,False,False,False,denied
1188,create,1100,snapshot,False,True,False,True,compensated
1188,create,1100,mapped,False,True,False,True,compensated
1188,create,1100,value,False,False,False,False,conflict
1188,create,1100,object,False,False,False,False,conflict
1188,create,1100,field,False,False,False,False,conflict
1188,create,1100,undoscope,False,False,False,False,conflict
1188,create,1100,deny,False,False,False,False,denied
1189,create,1101,snapshot,False,True,False,True,compensated
1189,create,1101,mapped,False,True,False,True,compensated
1189,create,1101,value,False,False,False,False,conflict
1189,create,1101,object,False,False,False,False,conflict
1189,create,1101,field,False,False,False,False,conflict
1189,create,1101,undoscope,False,False,False,False,conflict
1189,create,1101,deny,False,False,False,False,denied
1190,create,1102,snapshot,False,False,False,False,incarnation_conflict
1190,create,1102,mapped,False,False,False,False,incarnation_conflict
1190,create,1102,value,False,False,False,False,incarnation_conflict
1190,create,1102,object,False,False,False,False,incarnation_conflict
1190,create,1102,field,False,False,False,False,incarnation_conflict
1190,create,1102,undoscope,False,False,False,False,incarnation_conflict
1190,create,1102,deny,False,False,False,False,denied
1191,create,1103,snapshot,False,False,False,False,missing
1191,create,1103,mapped,False,False,False,False,missing
1191,create,1103,value,False,False,False,False,missing
1191,create,1103,object,False,False,False,False,missing
1191,create,1103,field,False,False,False,False,missing
1191,create,1103,undoscope,False,False,False,False,missing
1191,create,1103,deny,False,False,False,False,denied
1192,create,1110,snapshot,False,True,False,True,compensated
1192,create,1110,mapped,False,True,False,True,compensated
1192,create,1110,value,False,False,False,False,conflict
1192,create,1110,object,False,False,False,False,conflict
1192,create,1110,field,False,False,False,False,conflict
1192,create,1110,undoscope,False,False,False,False,conflict
1192,create,1110,deny,False,False,False,False,denied
1193,create,1111,snapshot,False,True,False,True,compensated
1193,create,1111,mapped,False,True,False,True,compensated
1193,create,1111,value,False,True,False,True,compensated
1193,create,1111,object,False,False,False,False,conflict
1193,create,1111,field,False,False,False,False,conflict
1193,create,1111,undoscope,False,False,False,False,conflict
1193,create,1111,deny,False,False,False,False,denied
1194,create,1112,snapshot,False,False,False,False,incarnation_conflict
1194,create,1112,mapped,False,False,False,False,incarnation_conflict
1194,create,1112,value,False,False,False,False,incarnation_conflict
1194,create,1112,object,False,False,False,False,incarnation_conflict
1194,create,1112,field,False,False,False,False,incarnation_conflict
1194,create,1112,undoscope,False,False,False,False,incarnation_conflict
1194,create,1112,deny,False,False,False,False,denied
1195,create,1113,snapshot,False,False,False,False,missing
1195,create,1113,mapped,False,False,False,False,missing
1195,create,1113,value,False,False,False,False,missing
1195,create,1113,object,False,False,False,False,missing
1195,create,1113,field,False,False,False,False,missing
1195,create,1113,undoscope,False,False,False,False,missing
1195,create,1113,deny,False,False,False,False,denied
1196,create,1120,snapshot,False,False,False,False,incarnation_conflict
1196,create,1120,mapped,False,False,False,False,incarnation_conflict
1196,create,1120,value,False,False,False,False,incarnation_conflict
1196,create,1120,object,False,False,False,False,incarnation_conflict
1196,create,1120,field,False,False,False,False,incarnation_conflict
1196,create,1120,undoscope,False,False,False,False,incarnation_conflict
1196,create,1120,deny,False,False,False,False,denied
1197,create,1121,snapshot,False,False,False,False,incarnation_conflict
1197,create,1121,mapped,False,False,False,False,incarnation_conflict
1197,create,1121,value,False,False,False,False,incarnation_conflict
1197,create,1121,object,False,False,False,False,incarnation_conflict
1197,create,1121,field,False,False,False,False,incarnation_conflict
1197,create,1121,undoscope,False,False,False,False,incarnation_conflict
1197,create,1121,deny,False,False,False,False,denied
1198,create,1122,snapshot,False,False,False,False,incarnation_conflict
1198,create,1122,mapped,False,False,False,False,incarnation_conflict
1198,create,1122,value,False,False,False,False,incarnation_conflict
1198,create,1122,object,False,False,False,False,incarnation_conflict
1198,create,1122,field,False,False,False,False,incarnation_conflict
1198,create,1122,undoscope,False,False,False,False,incarnation_conflict
1198,create,1122,deny,False,False,False,False,denied
1199,create,1123,snapshot,False,False,False,False,missing
1199,create,1123,mapped,False,False,False,False,missing
1199,create,1123,value,False,False,False,False,missing
1199,create,1123,object,False,False,False,False,missing
1199,create,1123,field,False,False,False,False,missing
1199,create,1123,undoscope,False,False,False,False,missing
1199,create,1123,deny,False,False,False,False,denied
1200,create,1130,snapshot,False,False,False,False,missing
1200,create,1130,mapped,False,False,False,False,missing
1200,create,1130,value,False,False,False,False,missing
1200,create,1130,object,False,False,False,False,missing
1200,create,1130,field,False,False,False,False,missing
1200,create,1130,undoscope,False,False,False,False,missing
1200,create,1130,deny,False,False,False,False,denied
1201,create,1131,snapshot,False,False,False,False,missing
1201,create,1131,mapped,False,False,False,False,missing
1201,create,1131,value,False,False,False,False,missing
1201,create,1131,object,False,False,False,False,missing
1201,create,1131,field,False,False,False,False,missing
1201,create,1131,undoscope,False,False,False,False,missing
1201,create,1131,deny,False,False,False,False,denied
1202,create,1132,snapshot,False,False,False,False,incarnation_conflict
1202,create,1132,mapped,False,False,False,False,incarnation_conflict
1202,create,1132,value,False,False,False,False,incarnation_conflict
1202,create,1132,object,False,False,False,False,incarnation_conflict
1202,create,1132,field,False,False,False,False,incarnation_conflict
1202,create,1132,undoscope,False,False,False,False,incarnation_conflict
1202,create,1132,deny,False,False,False,False,denied
1203,create,1133,snapshot,False,False,False,False,missing
1203,create,1133,mapped,False,False,False,False,missing
1203,create,1133,value,False,False,False,False,missing
1203,create,1133,object,False,False,False,False,missing
1203,create,1133,field,False,False,False,False,missing
1203,create,1133,undoscope,False,False,False,False,missing
1203,create,1133,deny,False,False,False,False,denied
1204,create,1200,snapshot,False,False,False,False,incarnation_conflict
1204,create,1200,mapped,False,False,False,False,incarnation_conflict
1204,create,1200,value,False,False,False,False,incarnation_conflict
1204,create,1200,object,False,False,False,False,incarnation_conflict
1204,create,1200,field,False,False,False,False,incarnation_conflict
1204,create,1200,undoscope,False,False,False,False,incarnation_conflict
1204,create,1200,deny,False,False,False,False,denied
1205,create,1201,snapshot,False,False,False,False,incarnation_conflict
1205,create,1201,mapped,False,False,False,False,incarnation_conflict
1205,create,1201,value,False,False,False,False,incarnation_conflict
1205,create,1201,object,False,False,False,False,incarnation_conflict
1205,create,1201,field,False,False,False,False,incarnation_conflict
1205,create,1201,undoscope,False,False,False,False,incarnation_conflict
1205,create,1201,deny,False,False,False,False,denied
1206,create,1202,snapshot,False,False,False,False,incarnation_conflict
1206,create,1202,mapped,False,False,False,False,incarnation_conflict
1206,create,1202,value,False,False,False,False,incarnation_conflict
1206,create,1202,object,False,False,False,False,incarnation_conflict
1206,create,1202,field,False,False,False,False,incarnation_conflict
1206,create,1202,undoscope,False,False,False,False,incarnation_conflict
1206,create,1202,deny,False,False,False,False,denied
1207,create,1203,snapshot,False,False,False,False,missing
1207,create,1203,mapped,False,False,False,False,missing
1207,create,1203,value,False,False,False,False,missing
1207,create,1203,object,False,False,False,False,missing
1207,create,1203,field,False,False,False,False,missing
1207,create,1203,undoscope,False,False,False,False,missing
1207,create,1203,deny,False,False,False,False,denied
1208,create,1210,snapshot,False,False,False,False,incarnation_conflict
1208,create,1210,mapped,False,False,False,False,incarnation_conflict
1208,create,1210,value,False,False,False,False,incarnation_conflict
1208,create,1210,object,False,False,False,False,incarnation_conflict
1208,create,1210,field,False,False,False,False,incarnation_conflict
1208,create,1210,undoscope,False,False,False,False,incarnation_conflict
1208,create,1210,deny,False,False,False,False,denied
1209,create,1211,snapshot,False,False,False,False,incarnation_conflict
1209,create,1211,mapped,False,False,False,False,incarnation_conflict
1209,create,1211,value,False,False,False,False,incarnation_conflict
1209,create,1211,object,False,False,False,False,incarnation_conflict
1209,create,1211,field,False,False,False,False,incarnation_conflict
1209,create,1211,undoscope,False,False,False,False,incarnation_conflict
1209,create,1211,deny,False,False,False,False,denied
1210,create,1212,snapshot,False,False,False,False,incarnation_conflict
1210,create,1212,mapped,False,False,False,False,incarnation_conflict
1210,create,1212,value,False,False,False,False,incarnation_conflict
1210,create,1212,object,False,False,False,False,incarnation_conflict
1210,create,1212,field,False,False,False,False,incarnation_conflict
1210,create,1212,undoscope,False,False,False,False,incarnation_conflict
1210,create,1212,deny,False,False,False,False,denied
1211,create,1213,snapshot,False,False,False,False,missing
1211,create,1213,mapped,False,False,False,False,missing
1211,create,1213,value,False,False,False,False,missing
1211,create,1213,object,False,False,False,False,missing
1211,create,1213,field,False,False,False,False,missing
1211,create,1213,undoscope,False,False,False,False,missing
1211,create,1213,deny,False,False,False,False,denied
1212,create,1220,snapshot,False,False,False,False,incarnation_conflict
1212,create,1220,mapped,False,False,False,False,incarnation_conflict
1212,create,1220,value,False,False,False,False,incarnation_conflict
1212,create,1220,object,False,False,False,False,incarnation_conflict
1212,create,1220,field,False,False,False,False,incarnation_conflict
1212,create,1220,undoscope,False,False,False,False,incarnation_conflict
1212,create,1220,deny,False,False,False,False,denied
1213,create,1221,snapshot,False,False,False,False,incarnation_conflict
1213,create,1221,mapped,False,False,False,False,incarnation_conflict
1213,create,1221,value,False,False,False,False,incarnation_conflict
1213,create,1221,object,False,False,False,False,incarnation_conflict
1213,create,1221,field,False,False,False,False,incarnation_conflict
1213,create,1221,undoscope,False,False,False,False,incarnation_conflict
1213,create,1221,deny,False,False,False,False,denied
1214,create,1222,snapshot,False,False,False,False,incarnation_conflict
1214,create,1222,mapped,False,False,False,False,incarnation_conflict
1214,create,1222,value,False,False,False,False,incarnation_conflict
1214,create,1222,object,False,False,False,False,incarnation_conflict
1214,create,1222,field,False,False,False,False,incarnation_conflict
1214,create,1222,undoscope,False,False,False,False,incarnation_conflict
1214,create,1222,deny,False,False,False,False,denied
1215,create,1223,snapshot,False,False,False,False,missing
1215,create,1223,mapped,False,False,False,False,missing
1215,create,1223,value,False,False,False,False,missing
1215,create,1223,object,False,False,False,False,missing
1215,create,1223,field,False,False,False,False,missing
1215,create,1223,undoscope,False,False,False,False,missing
1215,create,1223,deny,False,False,False,False,denied
1216,create,1230,snapshot,False,False,False,False,missing
1216,create,1230,mapped,False,False,False,False,missing
1216,create,1230,value,False,False,False,False,missing
1216,create,1230,object,False,False,False,False,missing
1216,create,1230,field,False,False,False,False,missing
1216,create,1230,undoscope,False,False,False,False,missing
1216,create,1230,deny,False,False,False,False,denied
1217,create,1231,snapshot,False,False,False,False,missing
1217,create,1231,mapped,False,False,False,False,missing
1217,create,1231,value,False,False,False,False,missing
1217,create,1231,object,False,False,False,False,missing
1217,create,1231,field,False,False,False,False,missing
1217,create,1231,undoscope,False,False,False,False,missing
1217,create,1231,deny,False,False,False,False,denied
1218,create,1232,snapshot,False,False,False,False,incarnation_conflict
1218,create,1232,mapped,False,False,False,False,incarnation_conflict
1218,create,1232,value,False,False,False,False,incarnation_conflict
1218,create,1232,object,False,False,False,False,incarnation_conflict
1218,create,1232,field,False,False,False,False,incarnation_conflict
1218,create,1232,undoscope,False,False,False,False,incarnation_conflict
1218,create,1232,deny,False,False,False,False,denied
1219,create,1233,snapshot,False,False,False,False,missing
1219,create,1233,mapped,False,False,False,False,missing
1219,create,1233,value,False,False,False,False,missing
1219,create,1233,object,False,False,False,False,missing
1219,create,1233,field,False,False,False,False,missing
1219,create,1233,undoscope,False,False,False,False,missing
1219,create,1233,deny,False,False,False,False,denied
1220,create,1300,snapshot,False,False,False,False,missing
1220,create,1300,mapped,False,False,False,False,missing
1220,create,1300,value,False,False,False,False,missing
1220,create,1300,object,False,False,False,False,missing
1220,create,1300,field,False,False,False,False,missing
1220,create,1300,undoscope,False,False,False,False,missing
1220,create,1300,deny,False,False,False,False,denied
1221,create,1301,snapshot,False,False,False,False,missing
1221,create,1301,mapped,False,False,False,False,missing
1221,create,1301,value,False,False,False,False,missing
1221,create,1301,object,False,False,False,False,missing
1221,create,1301,field,False,False,False,False,missing
1221,create,1301,undoscope,False,False,False,False,missing
1221,create,1301,deny,False,False,False,False,denied
1222,create,1302,snapshot,False,False,False,False,incarnation_conflict
1222,create,1302,mapped,False,False,False,False,incarnation_conflict
1222,create,1302,value,False,False,False,False,incarnation_conflict
1222,create,1302,object,False,False,False,False,incarnation_conflict
1222,create,1302,field,False,False,False,False,incarnation_conflict
1222,create,1302,undoscope,False,False,False,False,incarnation_conflict
1222,create,1302,deny,False,False,False,False,denied
1223,create,1303,snapshot,False,False,False,False,missing
1223,create,1303,mapped,False,False,False,False,missing
1223,create,1303,value,False,False,False,False,missing
1223,create,1303,object,False,False,False,False,missing
1223,create,1303,field,False,False,False,False,missing
1223,create,1303,undoscope,False,False,False,False,missing
1223,create,1303,deny,False,False,False,False,denied
1224,create,1310,snapshot,False,False,False,False,missing
1224,create,1310,mapped,False,False,False,False,missing
1224,create,1310,value,False,False,False,False,missing
1224,create,1310,object,False,False,False,False,missing
1224,create,1310,field,False,False,False,False,missing
1224,create,1310,undoscope,False,False,False,False,missing
1224,create,1310,deny,False,False,False,False,denied
1225,create,1311,snapshot,False,False,False,False,missing
1225,create,1311,mapped,False,False,False,False,missing
1225,create,1311,value,False,False,False,False,missing
1225,create,1311,object,False,False,False,False,missing
1225,create,1311,field,False,False,False,False,missing
1225,create,1311,undoscope,False,False,False,False,missing
1225,create,1311,deny,False,False,False,False,denied
1226,create,1312,snapshot,False,False,False,False,incarnation_conflict
1226,create,1312,mapped,False,False,False,False,incarnation_conflict
1226,create,1312,value,False,False,False,False,incarnation_conflict
1226,create,1312,object,False,False,False,False,incarnation_conflict
1226,create,1312,field,False,False,False,False,incarnation_conflict
1226,create,1312,undoscope,False,False,False,False,incarnation_conflict
1226,create,1312,deny,False,False,False,False,denied
1227,create,1313,snapshot,False,False,False,False,missing
1227,create,1313,mapped,False,False,False,False,missing
1227,create,1313,value,False,False,False,False,missing
1227,create,1313,object,False,False,False,False,missing
1227,create,1313,field,False,False,False,False,missing
1227,create,1313,undoscope,False,False,False,False,missing
1227,create,1313,deny,False,False,False,False,denied
1228,create,1320,snapshot,False,False,False,False,incarnation_conflict
1228,create,1320,mapped,False,False,False,False,incarnation_conflict
1228,create,1320,value,False,False,False,False,incarnation_conflict
1228,create,1320,object,False,False,False,False,incarnation_conflict
1228,create,1320,field,False,False,False,False,incarnation_conflict
1228,create,1320,undoscope,False,False,False,False,incarnation_conflict
1228,create,1320,deny,False,False,False,False,denied
1229,create,1321,snapshot,False,False,False,False,incarnation_conflict
1229,create,1321,mapped,False,False,False,False,incarnation_conflict
1229,create,1321,value,False,False,False,False,incarnation_conflict
1229,create,1321,object,False,False,False,False,incarnation_conflict
1229,create,1321,field,False,False,False,False,incarnation_conflict
1229,create,1321,undoscope,False,False,False,False,incarnation_conflict
1229,create,1321,deny,False,False,False,False,denied
1230,create,1322,snapshot,False,False,False,False,incarnation_conflict
1230,create,1322,mapped,False,False,False,False,incarnation_conflict
1230,create,1322,value,False,False,False,False,incarnation_conflict
1230,create,1322,object,False,False,False,False,incarnation_conflict
1230,create,1322,field,False,False,False,False,incarnation_conflict
1230,create,1322,undoscope,False,False,False,False,incarnation_conflict
1230,create,1322,deny,False,False,False,False,denied
1231,create,1323,snapshot,False,False,False,False,missing
1231,create,1323,mapped,False,False,False,False,missing
1231,create,1323,value,False,False,False,False,missing
1231,create,1323,object,False,False,False,False,missing
1231,create,1323,field,False,False,False,False,missing
1231,create,1323,undoscope,False,False,False,False,missing
1231,create,1323,deny,False,False,False,False,denied
1232,create,1330,snapshot,False,False,False,False,missing
1232,create,1330,mapped,False,False,False,False,missing
1232,create,1330,value,False,False,False,False,missing
1232,create,1330,object,False,False,False,False,missing
1232,create,1330,field,False,False,False,False,missing
1232,create,1330,undoscope,False,False,False,False,missing
1232,create,1330,deny,False,False,False,False,denied
1233,create,1331,snapshot,False,False,False,False,missing
1233,create,1331,mapped,False,False,False,False,missing
1233,create,1331,value,False,False,False,False,missing
1233,create,1331,object,False,False,False,False,missing
1233,create,1331,field,False,False,False,False,missing
1233,create,1331,undoscope,False,False,False,False,missing
1233,create,1331,deny,False,False,False,False,denied
1234,create,1332,snapshot,False,False,False,False,incarnation_conflict
1234,create,1332,mapped,False,False,False,False,incarnation_conflict
1234,create,1332,value,False,False,False,False,incarnation_conflict
1234,create,1332,object,False,False,False,False,incarnation_conflict
1234,create,1332,field,False,False,False,False,incarnation_conflict
1234,create,1332,undoscope,False,False,False,False,incarnation_conflict
1234,create,1332,deny,False,False,False,False,denied
1235,create,1333,snapshot,False,False,False,False,missing
1235,create,1333,mapped,False,False,False,False,missing
1235,create,1333,value,False,False,False,False,missing
1235,create,1333,object,False,False,False,False,missing
1235,create,1333,field,False,False,False,False,missing
1235,create,1333,undoscope,False,False,False,False,missing
1235,create,1333,deny,False,False,False,False,denied
1236,create,2000,snapshot,False,False,False,False,incarnation_conflict
1236,create,2000,mapped,False,False,False,False,incarnation_conflict
1236,create,2000,value,False,False,False,False,incarnation_conflict
1236,create,2000,object,False,False,False,False,incarnation_conflict
1236,create,2000,field,False,False,False,False,incarnation_conflict
1236,create,2000,undoscope,False,False,False,False,incarnation_conflict
1236,create,2000,deny,False,False,False,False,denied
1237,create,2001,snapshot,False,False,False,False,incarnation_conflict
1237,create,2001,mapped,False,False,False,False,incarnation_conflict
1237,create,2001,value,False,False,False,False,incarnation_conflict
1237,create,2001,object,False,False,False,False,incarnation_conflict
1237,create,2001,field,False,False,False,False,incarnation_conflict
1237,create,2001,undoscope,False,False,False,False,incarnation_conflict
1237,create,2001,deny,False,False,False,False,denied
1238,create,2002,snapshot,False,False,False,False,incarnation_conflict
1238,create,2002,mapped,False,False,False,False,incarnation_conflict
1238,create,2002,value,False,False,False,False,incarnation_conflict
1238,create,2002,object,False,False,False,False,incarnation_conflict
1238,create,2002,field,False,False,False,False,incarnation_conflict
1238,create,2002,undoscope,False,False,False,False,incarnation_conflict
1238,create,2002,deny,False,False,False,False,denied
1239,create,2003,snapshot,False,False,False,False,missing
1239,create,2003,mapped,False,False,False,False,missing
1239,create,2003,value,False,False,False,False,missing
1239,create,2003,object,False,False,False,False,missing
1239,create,2003,field,False,False,False,False,missing
1239,create,2003,undoscope,False,False,False,False,missing
1239,create,2003,deny,False,False,False,False,denied
1240,create,2010,snapshot,False,False,False,False,incarnation_conflict
1240,create,2010,mapped,False,False,False,False,incarnation_conflict
1240,create,2010,value,False,False,False,False,incarnation_conflict
1240,create,2010,object,False,False,False,False,incarnation_conflict
1240,create,2010,field,False,False,False,False,incarnation_conflict
1240,create,2010,undoscope,False,False,False,False,incarnation_conflict
1240,create,2010,deny,False,False,False,False,denied
1241,create,2011,snapshot,False,False,False,False,incarnation_conflict
1241,create,2011,mapped,False,False,False,False,incarnation_conflict
1241,create,2011,value,False,False,False,False,incarnation_conflict
1241,create,2011,object,False,False,False,False,incarnation_conflict
1241,create,2011,field,False,False,False,False,incarnation_conflict
1241,create,2011,undoscope,False,False,False,False,incarnation_conflict
1241,create,2011,deny,False,False,False,False,denied
1242,create,2012,snapshot,False,False,False,False,incarnation_conflict
1242,create,2012,mapped,False,False,False,False,incarnation_conflict
1242,create,2012,value,False,False,False,False,incarnation_conflict
1242,create,2012,object,False,False,False,False,incarnation_conflict
1242,create,2012,field,False,False,False,False,incarnation_conflict
1242,create,2012,undoscope,False,False,False,False,incarnation_conflict
1242,create,2012,deny,False,False,False,False,denied
1243,create,2013,snapshot,False,False,False,False,missing
1243,create,2013,mapped,False,False,False,False,missing
1243,create,2013,value,False,False,False,False,missing
1243,create,2013,object,False,False,False,False,missing
1243,create,2013,field,False,False,False,False,missing
1243,create,2013,undoscope,False,False,False,False,missing
1243,create,2013,deny,False,False,False,False,denied
1244,create,2020,snapshot,False,False,False,False,incarnation_conflict
1244,create,2020,mapped,False,False,False,False,incarnation_conflict
1244,create,2020,value,False,False,False,False,incarnation_conflict
1244,create,2020,object,False,False,False,False,incarnation_conflict
1244,create,2020,field,False,False,False,False,incarnation_conflict
1244,create,2020,undoscope,False,False,False,False,incarnation_conflict
1244,create,2020,deny,False,False,False,False,denied
1245,create,2021,snapshot,False,False,False,False,incarnation_conflict
1245,create,2021,mapped,False,False,False,False,incarnation_conflict
1245,create,2021,value,False,False,False,False,incarnation_conflict
1245,create,2021,object,False,False,False,False,incarnation_conflict
1245,create,2021,field,False,False,False,False,incarnation_conflict
1245,create,2021,undoscope,False,False,False,False,incarnation_conflict
1245,create,2021,deny,False,False,False,False,denied
1246,create,2022,snapshot,False,False,False,False,incarnation_conflict
1246,create,2022,mapped,False,False,False,False,incarnation_conflict
1246,create,2022,value,False,False,False,False,incarnation_conflict
1246,create,2022,object,False,False,False,False,incarnation_conflict
1246,create,2022,field,False,False,False,False,incarnation_conflict
1246,create,2022,undoscope,False,False,False,False,incarnation_conflict
1246,create,2022,deny,False,False,False,False,denied
1247,create,2023,snapshot,False,False,False,False,missing
1247,create,2023,mapped,False,False,False,False,missing
1247,create,2023,value,False,False,False,False,missing
1247,create,2023,object,False,False,False,False,missing
1247,create,2023,field,False,False,False,False,missing
1247,create,2023,undoscope,False,False,False,False,missing
1247,create,2023,deny,False,False,False,False,denied
1248,create,2030,snapshot,False,False,False,False,missing
1248,create,2030,mapped,False,False,False,False,missing
1248,create,2030,value,False,False,False,False,missing
1248,create,2030,object,False,False,False,False,missing
1248,create,2030,field,False,False,False,False,missing
1248,create,2030,undoscope,False,False,False,False,missing
1248,create,2030,deny,False,False,False,False,denied
1249,create,2031,snapshot,False,False,False,False,missing
1249,create,2031,mapped,False,False,False,False,missing
1249,create,2031,value,False,False,False,False,missing
1249,create,2031,object,False,False,False,False,missing
1249,create,2031,field,False,False,False,False,missing
1249,create,2031,undoscope,False,False,False,False,missing
1249,create,2031,deny,False,False,False,False,denied
1250,create,2032,snapshot,False,False,False,False,incarnation_conflict
1250,create,2032,mapped,False,False,False,False,incarnation_conflict
1250,create,2032,value,False,False,False,False,incarnation_conflict
1250,create,2032,object,False,False,False,False,incarnation_conflict
1250,create,2032,field,False,False,False,False,incarnation_conflict
1250,create,2032,undoscope,False,False,False,False,incarnation_conflict
1250,create,2032,deny,False,False,False,False,denied
1251,create,2033,snapshot,False,False,False,False,missing
1251,create,2033,mapped,False,False,False,False,missing
1251,create,2033,value,False,False,False,False,missing
1251,create,2033,object,False,False,False,False,missing
1251,create,2033,field,False,False,False,False,missing
1251,create,2033,undoscope,False,False,False,False,missing
1251,create,2033,deny,False,False,False,False,denied
1252,create,2100,snapshot,False,False,False,False,incarnation_conflict
1252,create,2100,mapped,False,False,False,False,incarnation_conflict
1252,create,2100,value,False,False,False,False,incarnation_conflict
1252,create,2100,object,False,False,False,False,incarnation_conflict
1252,create,2100,field,False,False,False,False,incarnation_conflict
1252,create,2100,undoscope,False,False,False,False,incarnation_conflict
1252,create,2100,deny,False,False,False,False,denied
1253,create,2101,snapshot,False,False,False,False,incarnation_conflict
1253,create,2101,mapped,False,False,False,False,incarnation_conflict
1253,create,2101,value,False,False,False,False,incarnation_conflict
1253,create,2101,object,False,False,False,False,incarnation_conflict
1253,create,2101,field,False,False,False,False,incarnation_conflict
1253,create,2101,undoscope,False,False,False,False,incarnation_conflict
1253,create,2101,deny,False,False,False,False,denied
1254,create,2102,snapshot,False,False,False,False,incarnation_conflict
1254,create,2102,mapped,False,False,False,False,incarnation_conflict
1254,create,2102,value,False,False,False,False,incarnation_conflict
1254,create,2102,object,False,False,False,False,incarnation_conflict
1254,create,2102,field,False,False,False,False,incarnation_conflict
1254,create,2102,undoscope,False,False,False,False,incarnation_conflict
1254,create,2102,deny,False,False,False,False,denied
1255,create,2103,snapshot,False,False,False,False,missing
1255,create,2103,mapped,False,False,False,False,missing
1255,create,2103,value,False,False,False,False,missing
1255,create,2103,object,False,False,False,False,missing
1255,create,2103,field,False,False,False,False,missing
1255,create,2103,undoscope,False,False,False,False,missing
1255,create,2103,deny,False,False,False,False,denied
1256,create,2110,snapshot,False,False,False,False,incarnation_conflict
1256,create,2110,mapped,False,False,False,False,incarnation_conflict
1256,create,2110,value,False,False,False,False,incarnation_conflict
1256,create,2110,object,False,False,False,False,incarnation_conflict
1256,create,2110,field,False,False,False,False,incarnation_conflict
1256,create,2110,undoscope,False,False,False,False,incarnation_conflict
1256,create,2110,deny,False,False,False,False,denied
1257,create,2111,snapshot,False,False,False,False,incarnation_conflict
1257,create,2111,mapped,False,False,False,False,incarnation_conflict
1257,create,2111,value,False,False,False,False,incarnation_conflict
1257,create,2111,object,False,False,False,False,incarnation_conflict
1257,create,2111,field,False,False,False,False,incarnation_conflict
1257,create,2111,undoscope,False,False,False,False,incarnation_conflict
1257,create,2111,deny,False,False,False,False,denied
1258,create,2112,snapshot,False,False,False,False,incarnation_conflict
1258,create,2112,mapped,False,False,False,False,incarnation_conflict
1258,create,2112,value,False,False,False,False,incarnation_conflict
1258,create,2112,object,False,False,False,False,incarnation_conflict
1258,create,2112,field,False,False,False,False,incarnation_conflict
1258,create,2112,undoscope,False,False,False,False,incarnation_conflict
1258,create,2112,deny,False,False,False,False,denied
1259,create,2113,snapshot,False,False,False,False,missing
1259,create,2113,mapped,False,False,False,False,missing
1259,create,2113,value,False,False,False,False,missing
1259,create,2113,object,False,False,False,False,missing
1259,create,2113,field,False,False,False,False,missing
1259,create,2113,undoscope,False,False,False,False,missing
1259,create,2113,deny,False,False,False,False,denied
1260,create,2120,snapshot,False,False,False,False,incarnation_conflict
1260,create,2120,mapped,False,False,False,False,incarnation_conflict
1260,create,2120,value,False,False,False,False,incarnation_conflict
1260,create,2120,object,False,False,False,False,incarnation_conflict
1260,create,2120,field,False,False,False,False,incarnation_conflict
1260,create,2120,undoscope,False,False,False,False,incarnation_conflict
1260,create,2120,deny,False,False,False,False,denied
1261,create,2121,snapshot,False,False,False,False,incarnation_conflict
1261,create,2121,mapped,False,False,False,False,incarnation_conflict
1261,create,2121,value,False,False,False,False,incarnation_conflict
1261,create,2121,object,False,False,False,False,incarnation_conflict
1261,create,2121,field,False,False,False,False,incarnation_conflict
1261,create,2121,undoscope,False,False,False,False,incarnation_conflict
1261,create,2121,deny,False,False,False,False,denied
1262,create,2122,snapshot,False,False,False,False,incarnation_conflict
1262,create,2122,mapped,False,False,False,False,incarnation_conflict
1262,create,2122,value,False,False,False,False,incarnation_conflict
1262,create,2122,object,False,False,False,False,incarnation_conflict
1262,create,2122,field,False,False,False,False,incarnation_conflict
1262,create,2122,undoscope,False,False,False,False,incarnation_conflict
1262,create,2122,deny,False,False,False,False,denied
1263,create,2123,snapshot,False,False,False,False,missing
1263,create,2123,mapped,False,False,False,False,missing
1263,create,2123,value,False,False,False,False,missing
1263,create,2123,object,False,False,False,False,missing
1263,create,2123,field,False,False,False,False,missing
1263,create,2123,undoscope,False,False,False,False,missing
1263,create,2123,deny,False,False,False,False,denied
1264,create,2130,snapshot,False,False,False,False,missing
1264,create,2130,mapped,False,False,False,False,missing
1264,create,2130,value,False,False,False,False,missing
1264,create,2130,object,False,False,False,False,missing
1264,create,2130,field,False,False,False,False,missing
1264,create,2130,undoscope,False,False,False,False,missing
1264,create,2130,deny,False,False,False,False,denied
1265,create,2131,snapshot,False,False,False,False,missing
1265,create,2131,mapped,False,False,False,False,missing
1265,create,2131,value,False,False,False,False,missing
1265,create,2131,object,False,False,False,False,missing
1265,create,2131,field,False,False,False,False,missing
1265,create,2131,undoscope,False,False,False,False,missing
1265,create,2131,deny,False,False,False,False,denied
1266,create,2132,snapshot,False,False,False,False,incarnation_conflict
1266,create,2132,mapped,False,False,False,False,incarnation_conflict
1266,create,2132,value,False,False,False,False,incarnation_conflict
1266,create,2132,object,False,False,False,False,incarnation_conflict
1266,create,2132,field,False,False,False,False,incarnation_conflict
1266,create,2132,undoscope,False,False,False,False,incarnation_conflict
1266,create,2132,deny,False,False,False,False,denied
1267,create,2133,snapshot,False,False,False,False,missing
1267,create,2133,mapped,False,False,False,False,missing
1267,create,2133,value,False,False,False,False,missing
1267,create,2133,object,False,False,False,False,missing
1267,create,2133,field,False,False,False,False,missing
1267,create,2133,undoscope,False,False,False,False,missing
1267,create,2133,deny,False,False,False,False,denied
1268,create,2200,snapshot,False,False,False,False,incarnation_conflict
1268,create,2200,mapped,False,False,False,False,incarnation_conflict
1268,create,2200,value,False,False,False,False,incarnation_conflict
1268,create,2200,object,False,False,False,False,incarnation_conflict
1268,create,2200,field,False,False,False,False,incarnation_conflict
1268,create,2200,undoscope,False,False,False,False,incarnation_conflict
1268,create,2200,deny,False,False,False,False,denied
1269,create,2201,snapshot,False,False,False,False,incarnation_conflict
1269,create,2201,mapped,False,False,False,False,incarnation_conflict
1269,create,2201,value,False,False,False,False,incarnation_conflict
1269,create,2201,object,False,False,False,False,incarnation_conflict
1269,create,2201,field,False,False,False,False,incarnation_conflict
1269,create,2201,undoscope,False,False,False,False,incarnation_conflict
1269,create,2201,deny,False,False,False,False,denied
1270,create,2202,snapshot,False,False,False,False,incarnation_conflict
1270,create,2202,mapped,False,False,False,False,incarnation_conflict
1270,create,2202,value,False,False,False,False,incarnation_conflict
1270,create,2202,object,False,False,False,False,incarnation_conflict
1270,create,2202,field,False,False,False,False,incarnation_conflict
1270,create,2202,undoscope,False,False,False,False,incarnation_conflict
1270,create,2202,deny,False,False,False,False,denied
1271,create,2203,snapshot,False,False,False,False,missing
1271,create,2203,mapped,False,False,False,False,missing
1271,create,2203,value,False,False,False,False,missing
1271,create,2203,object,False,False,False,False,missing
1271,create,2203,field,False,False,False,False,missing
1271,create,2203,undoscope,False,False,False,False,missing
1271,create,2203,deny,False,False,False,False,denied
1272,create,2210,snapshot,False,False,False,False,incarnation_conflict
1272,create,2210,mapped,False,False,False,False,incarnation_conflict
1272,create,2210,value,False,False,False,False,incarnation_conflict
1272,create,2210,object,False,False,False,False,incarnation_conflict
1272,create,2210,field,False,False,False,False,incarnation_conflict
1272,create,2210,undoscope,False,False,False,False,incarnation_conflict
1272,create,2210,deny,False,False,False,False,denied
1273,create,2211,snapshot,False,False,False,False,incarnation_conflict
1273,create,2211,mapped,False,False,False,False,incarnation_conflict
1273,create,2211,value,False,False,False,False,incarnation_conflict
1273,create,2211,object,False,False,False,False,incarnation_conflict
1273,create,2211,field,False,False,False,False,incarnation_conflict
1273,create,2211,undoscope,False,False,False,False,incarnation_conflict
1273,create,2211,deny,False,False,False,False,denied
1274,create,2212,snapshot,False,False,False,False,incarnation_conflict
1274,create,2212,mapped,False,False,False,False,incarnation_conflict
1274,create,2212,value,False,False,False,False,incarnation_conflict
1274,create,2212,object,False,False,False,False,incarnation_conflict
1274,create,2212,field,False,False,False,False,incarnation_conflict
1274,create,2212,undoscope,False,False,False,False,incarnation_conflict
1274,create,2212,deny,False,False,False,False,denied
1275,create,2213,snapshot,False,False,False,False,missing
1275,create,2213,mapped,False,False,False,False,missing
1275,create,2213,value,False,False,False,False,missing
1275,create,2213,object,False,False,False,False,missing
1275,create,2213,field,False,False,False,False,missing
1275,create,2213,undoscope,False,False,False,False,missing
1275,create,2213,deny,False,False,False,False,denied
1276,create,2220,snapshot,False,False,False,False,incarnation_conflict
1276,create,2220,mapped,False,False,False,False,incarnation_conflict
1276,create,2220,value,False,False,False,False,incarnation_conflict
1276,create,2220,object,False,False,False,False,incarnation_conflict
1276,create,2220,field,False,False,False,False,incarnation_conflict
1276,create,2220,undoscope,False,False,False,False,incarnation_conflict
1276,create,2220,deny,False,False,False,False,denied
1277,create,2221,snapshot,False,False,False,False,incarnation_conflict
1277,create,2221,mapped,False,False,False,False,incarnation_conflict
1277,create,2221,value,False,False,False,False,incarnation_conflict
1277,create,2221,object,False,False,False,False,incarnation_conflict
1277,create,2221,field,False,False,False,False,incarnation_conflict
1277,create,2221,undoscope,False,False,False,False,incarnation_conflict
1277,create,2221,deny,False,False,False,False,denied
1278,create,2222,snapshot,False,False,False,False,incarnation_conflict
1278,create,2222,mapped,False,False,False,False,incarnation_conflict
1278,create,2222,value,False,False,False,False,incarnation_conflict
1278,create,2222,object,False,False,False,False,incarnation_conflict
1278,create,2222,field,False,False,False,False,incarnation_conflict
1278,create,2222,undoscope,False,False,False,False,incarnation_conflict
1278,create,2222,deny,False,False,False,False,denied
1279,create,2223,snapshot,False,False,False,False,missing
1279,create,2223,mapped,False,False,False,False,missing
1279,create,2223,value,False,False,False,False,missing
1279,create,2223,object,False,False,False,False,missing
1279,create,2223,field,False,False,False,False,missing
1279,create,2223,undoscope,False,False,False,False,missing
1279,create,2223,deny,False,False,False,False,denied
1280,create,2230,snapshot,False,False,False,False,missing
1280,create,2230,mapped,False,False,False,False,missing
1280,create,2230,value,False,False,False,False,missing
1280,create,2230,object,False,False,False,False,missing
1280,create,2230,field,False,False,False,False,missing
1280,create,2230,undoscope,False,False,False,False,missing
1280,create,2230,deny,False,False,False,False,denied
1281,create,2231,snapshot,False,False,False,False,missing
1281,create,2231,mapped,False,False,False,False,missing
1281,create,2231,value,False,False,False,False,missing
1281,create,2231,object,False,False,False,False,missing
1281,create,2231,field,False,False,False,False,missing
1281,create,2231,undoscope,False,False,False,False,missing
1281,create,2231,deny,False,False,False,False,denied
1282,create,2232,snapshot,False,False,False,False,incarnation_conflict
1282,create,2232,mapped,False,False,False,False,incarnation_conflict
1282,create,2232,value,False,False,False,False,incarnation_conflict
1282,create,2232,object,False,False,False,False,incarnation_conflict
1282,create,2232,field,False,False,False,False,incarnation_conflict
1282,create,2232,undoscope,False,False,False,False,incarnation_conflict
1282,create,2232,deny,False,False,False,False,denied
1283,create,2233,snapshot,False,False,False,False,missing
1283,create,2233,mapped,False,False,False,False,missing
1283,create,2233,value,False,False,False,False,missing
1283,create,2233,object,False,False,False,False,missing
1283,create,2233,field,False,False,False,False,missing
1283,create,2233,undoscope,False,False,False,False,missing
1283,create,2233,deny,False,False,False,False,denied
1284,create,2300,snapshot,False,False,False,False,missing
1284,create,2300,mapped,False,False,False,False,missing
1284,create,2300,value,False,False,False,False,missing
1284,create,2300,object,False,False,False,False,missing
1284,create,2300,field,False,False,False,False,missing
1284,create,2300,undoscope,False,False,False,False,missing
1284,create,2300,deny,False,False,False,False,denied
1285,create,2301,snapshot,False,False,False,False,missing
1285,create,2301,mapped,False,False,False,False,missing
1285,create,2301,value,False,False,False,False,missing
1285,create,2301,object,False,False,False,False,missing
1285,create,2301,field,False,False,False,False,missing
1285,create,2301,undoscope,False,False,False,False,missing
1285,create,2301,deny,False,False,False,False,denied
1286,create,2302,snapshot,False,False,False,False,incarnation_conflict
1286,create,2302,mapped,False,False,False,False,incarnation_conflict
1286,create,2302,value,False,False,False,False,incarnation_conflict
1286,create,2302,object,False,False,False,False,incarnation_conflict
1286,create,2302,field,False,False,False,False,incarnation_conflict
1286,create,2302,undoscope,False,False,False,False,incarnation_conflict
1286,create,2302,deny,False,False,False,False,denied
1287,create,2303,snapshot,False,False,False,False,missing
1287,create,2303,mapped,False,False,False,False,missing
1287,create,2303,value,False,False,False,False,missing
1287,create,2303,object,False,False,False,False,missing
1287,create,2303,field,False,False,False,False,missing
1287,create,2303,undoscope,False,False,False,False,missing
1287,create,2303,deny,False,False,False,False,denied
1288,create,2310,snapshot,False,False,False,False,missing
1288,create,2310,mapped,False,False,False,False,missing
1288,create,2310,value,False,False,False,False,missing
1288,create,2310,object,False,False,False,False,missing
1288,create,2310,field,False,False,False,False,missing
1288,create,2310,undoscope,False,False,False,False,missing
1288,create,2310,deny,False,False,False,False,denied
1289,create,2311,snapshot,False,False,False,False,missing
1289,create,2311,mapped,False,False,False,False,missing
1289,create,2311,value,False,False,False,False,missing
1289,create,2311,object,False,False,False,False,missing
1289,create,2311,field,False,False,False,False,missing
1289,create,2311,undoscope,False,False,False,False,missing
1289,create,2311,deny,False,False,False,False,denied
1290,create,2312,snapshot,False,False,False,False,incarnation_conflict
1290,create,2312,mapped,False,False,False,False,incarnation_conflict
1290,create,2312,value,False,False,False,False,incarnation_conflict
1290,create,2312,object,False,False,False,False,incarnation_conflict
1290,create,2312,field,False,False,False,False,incarnation_conflict
1290,create,2312,undoscope,False,False,False,False,incarnation_conflict
1290,create,2312,deny,False,False,False,False,denied
1291,create,2313,snapshot,False,False,False,False,missing
1291,create,2313,mapped,False,False,False,False,missing
1291,create,2313,value,False,False,False,False,missing
1291,create,2313,object,False,False,False,False,missing
1291,create,2313,field,False,False,False,False,missing
1291,create,2313,undoscope,False,False,False,False,missing
1291,create,2313,deny,False,False,False,False,denied
1292,create,2320,snapshot,False,False,False,False,incarnation_conflict
1292,create,2320,mapped,False,False,False,False,incarnation_conflict
1292,create,2320,value,False,False,False,False,incarnation_conflict
1292,create,2320,object,False,False,False,False,incarnation_conflict
1292,create,2320,field,False,False,False,False,incarnation_conflict
1292,create,2320,undoscope,False,False,False,False,incarnation_conflict
1292,create,2320,deny,False,False,False,False,denied
1293,create,2321,snapshot,False,False,False,False,incarnation_conflict
1293,create,2321,mapped,False,False,False,False,incarnation_conflict
1293,create,2321,value,False,False,False,False,incarnation_conflict
1293,create,2321,object,False,False,False,False,incarnation_conflict
1293,create,2321,field,False,False,False,False,incarnation_conflict
1293,create,2321,undoscope,False,False,False,False,incarnation_conflict
1293,create,2321,deny,False,False,False,False,denied
1294,create,2322,snapshot,False,False,False,False,incarnation_conflict
1294,create,2322,mapped,False,False,False,False,incarnation_conflict
1294,create,2322,value,False,False,False,False,incarnation_conflict
1294,create,2322,object,False,False,False,False,incarnation_conflict
1294,create,2322,field,False,False,False,False,incarnation_conflict
1294,create,2322,undoscope,False,False,False,False,incarnation_conflict
1294,create,2322,deny,False,False,False,False,denied
1295,create,2323,snapshot,False,False,False,False,missing
1295,create,2323,mapped,False,False,False,False,missing
1295,create,2323,value,False,False,False,False,missing
1295,create,2323,object,False,False,False,False,missing
1295,create,2323,field,False,False,False,False,missing
1295,create,2323,undoscope,False,False,False,False,missing
1295,create,2323,deny,False,False,False,False,denied
1296,create,2330,snapshot,False,False,False,False,missing
1296,create,2330,mapped,False,False,False,False,missing
1296,create,2330,value,False,False,False,False,missing
1296,create,2330,object,False,False,False,False,missing
1296,create,2330,field,False,False,False,False,missing
1296,create,2330,undoscope,False,False,False,False,missing
1296,create,2330,deny,False,False,False,False,denied
1297,create,2331,snapshot,False,False,False,False,missing
1297,create,2331,mapped,False,False,False,False,missing
1297,create,2331,value,False,False,False,False,missing
1297,create,2331,object,False,False,False,False,missing
1297,create,2331,field,False,False,False,False,missing
1297,create,2331,undoscope,False,False,False,False,missing
1297,create,2331,deny,False,False,False,False,denied
1298,create,2332,snapshot,False,False,False,False,incarnation_conflict
1298,create,2332,mapped,False,False,False,False,incarnation_conflict
1298,create,2332,value,False,False,False,False,incarnation_conflict
1298,create,2332,object,False,False,False,False,incarnation_conflict
1298,create,2332,field,False,False,False,False,incarnation_conflict
1298,create,2332,undoscope,False,False,False,False,incarnation_conflict
1298,create,2332,deny,False,False,False,False,denied
1299,create,2333,snapshot,False,False,False,False,missing
1299,create,2333,mapped,False,False,False,False,missing
1299,create,2333,value,False,False,False,False,missing
1299,create,2333,object,False,False,False,False,missing
1299,create,2333,field,False,False,False,False,missing
1299,create,2333,undoscope,False,False,False,False,missing
1299,create,2333,deny,False,False,False,False,denied
1300,create,3000,snapshot,False,False,False,False,missing
1300,create,3000,mapped,False,False,False,False,missing
1300,create,3000,value,False,False,False,False,missing
1300,create,3000,object,False,False,False,False,missing
1300,create,3000,field,False,False,False,False,missing
1300,create,3000,undoscope,False,False,False,False,missing
1300,create,3000,deny,False,False,False,False,denied
1301,create,3001,snapshot,False,False,False,False,missing
1301,create,3001,mapped,False,False,False,False,missing
1301,create,3001,value,False,False,False,False,missing
1301,create,3001,object,False,False,False,False,missing
1301,create,3001,field,False,False,False,False,missing
1301,create,3001,undoscope,False,False,False,False,missing
1301,create,3001,deny,False,False,False,False,denied
1302,create,3002,snapshot,False,False,False,False,incarnation_conflict
1302,create,3002,mapped,False,False,False,False,incarnation_conflict
1302,create,3002,value,False,False,False,False,incarnation_conflict
1302,create,3002,object,False,False,False,False,incarnation_conflict
1302,create,3002,field,False,False,False,False,incarnation_conflict
1302,create,3002,undoscope,False,False,False,False,incarnation_conflict
1302,create,3002,deny,False,False,False,False,denied
1303,create,3003,snapshot,False,False,False,False,missing
1303,create,3003,mapped,False,False,False,False,missing
1303,create,3003,value,False,False,False,False,missing
1303,create,3003,object,False,False,False,False,missing
1303,create,3003,field,False,False,False,False,missing
1303,create,3003,undoscope,False,False,False,False,missing
1303,create,3003,deny,False,False,False,False,denied
1304,create,3010,snapshot,False,False,False,False,missing
1304,create,3010,mapped,False,False,False,False,missing
1304,create,3010,value,False,False,False,False,missing
1304,create,3010,object,False,False,False,False,missing
1304,create,3010,field,False,False,False,False,missing
1304,create,3010,undoscope,False,False,False,False,missing
1304,create,3010,deny,False,False,False,False,denied
1305,create,3011,snapshot,False,False,False,False,missing
1305,create,3011,mapped,False,False,False,False,missing
1305,create,3011,value,False,False,False,False,missing
1305,create,3011,object,False,False,False,False,missing
1305,create,3011,field,False,False,False,False,missing
1305,create,3011,undoscope,False,False,False,False,missing
1305,create,3011,deny,False,False,False,False,denied
1306,create,3012,snapshot,False,False,False,False,incarnation_conflict
1306,create,3012,mapped,False,False,False,False,incarnation_conflict
1306,create,3012,value,False,False,False,False,incarnation_conflict
1306,create,3012,object,False,False,False,False,incarnation_conflict
1306,create,3012,field,False,False,False,False,incarnation_conflict
1306,create,3012,undoscope,False,False,False,False,incarnation_conflict
1306,create,3012,deny,False,False,False,False,denied
1307,create,3013,snapshot,False,False,False,False,missing
1307,create,3013,mapped,False,False,False,False,missing
1307,create,3013,value,False,False,False,False,missing
1307,create,3013,object,False,False,False,False,missing
1307,create,3013,field,False,False,False,False,missing
1307,create,3013,undoscope,False,False,False,False,missing
1307,create,3013,deny,False,False,False,False,denied
1308,create,3020,snapshot,False,False,False,False,incarnation_conflict
1308,create,3020,mapped,False,False,False,False,incarnation_conflict
1308,create,3020,value,False,False,False,False,incarnation_conflict
1308,create,3020,object,False,False,False,False,incarnation_conflict
1308,create,3020,field,False,False,False,False,incarnation_conflict
1308,create,3020,undoscope,False,False,False,False,incarnation_conflict
1308,create,3020,deny,False,False,False,False,denied
1309,create,3021,snapshot,False,False,False,False,incarnation_conflict
1309,create,3021,mapped,False,False,False,False,incarnation_conflict
1309,create,3021,value,False,False,False,False,incarnation_conflict
1309,create,3021,object,False,False,False,False,incarnation_conflict
1309,create,3021,field,False,False,False,False,incarnation_conflict
1309,create,3021,undoscope,False,False,False,False,incarnation_conflict
1309,create,3021,deny,False,False,False,False,denied
1310,create,3022,snapshot,False,False,False,False,incarnation_conflict
1310,create,3022,mapped,False,False,False,False,incarnation_conflict
1310,create,3022,value,False,False,False,False,incarnation_conflict
1310,create,3022,object,False,False,False,False,incarnation_conflict
1310,create,3022,field,False,False,False,False,incarnation_conflict
1310,create,3022,undoscope,False,False,False,False,incarnation_conflict
1310,create,3022,deny,False,False,False,False,denied
1311,create,3023,snapshot,False,False,False,False,missing
1311,create,3023,mapped,False,False,False,False,missing
1311,create,3023,value,False,False,False,False,missing
1311,create,3023,object,False,False,False,False,missing
1311,create,3023,field,False,False,False,False,missing
1311,create,3023,undoscope,False,False,False,False,missing
1311,create,3023,deny,False,False,False,False,denied
1312,create,3030,snapshot,False,False,False,False,missing
1312,create,3030,mapped,False,False,False,False,missing
1312,create,3030,value,False,False,False,False,missing
1312,create,3030,object,False,False,False,False,missing
1312,create,3030,field,False,False,False,False,missing
1312,create,3030,undoscope,False,False,False,False,missing
1312,create,3030,deny,False,False,False,False,denied
1313,create,3031,snapshot,False,False,False,False,missing
1313,create,3031,mapped,False,False,False,False,missing
1313,create,3031,value,False,False,False,False,missing
1313,create,3031,object,False,False,False,False,missing
1313,create,3031,field,False,False,False,False,missing
1313,create,3031,undoscope,False,False,False,False,missing
1313,create,3031,deny,False,False,False,False,denied
1314,create,3032,snapshot,False,False,False,False,incarnation_conflict
1314,create,3032,mapped,False,False,False,False,incarnation_conflict
1314,create,3032,value,False,False,False,False,incarnation_conflict
1314,create,3032,object,False,False,False,False,incarnation_conflict
1314,create,3032,field,False,False,False,False,incarnation_conflict
1314,create,3032,undoscope,False,False,False,False,incarnation_conflict
1314,create,3032,deny,False,False,False,False,denied
1315,create,3033,snapshot,False,False,False,False,missing
1315,create,3033,mapped,False,False,False,False,missing
1315,create,3033,value,False,False,False,False,missing
1315,create,3033,object,False,False,False,False,missing
1315,create,3033,field,False,False,False,False,missing
1315,create,3033,undoscope,False,False,False,False,missing
1315,create,3033,deny,False,False,False,False,denied
1316,create,3100,snapshot,False,False,False,False,missing
1316,create,3100,mapped,False,False,False,False,missing
1316,create,3100,value,False,False,False,False,missing
1316,create,3100,object,False,False,False,False,missing
1316,create,3100,field,False,False,False,False,missing
1316,create,3100,undoscope,False,False,False,False,missing
1316,create,3100,deny,False,False,False,False,denied
1317,create,3101,snapshot,False,False,False,False,missing
1317,create,3101,mapped,False,False,False,False,missing
1317,create,3101,value,False,False,False,False,missing
1317,create,3101,object,False,False,False,False,missing
1317,create,3101,field,False,False,False,False,missing
1317,create,3101,undoscope,False,False,False,False,missing
1317,create,3101,deny,False,False,False,False,denied
1318,create,3102,snapshot,False,False,False,False,incarnation_conflict
1318,create,3102,mapped,False,False,False,False,incarnation_conflict
1318,create,3102,value,False,False,False,False,incarnation_conflict
1318,create,3102,object,False,False,False,False,incarnation_conflict
1318,create,3102,field,False,False,False,False,incarnation_conflict
1318,create,3102,undoscope,False,False,False,False,incarnation_conflict
1318,create,3102,deny,False,False,False,False,denied
1319,create,3103,snapshot,False,False,False,False,missing
1319,create,3103,mapped,False,False,False,False,missing
1319,create,3103,value,False,False,False,False,missing
1319,create,3103,object,False,False,False,False,missing
1319,create,3103,field,False,False,False,False,missing
1319,create,3103,undoscope,False,False,False,False,missing
1319,create,3103,deny,False,False,False,False,denied
1320,create,3110,snapshot,False,False,False,False,missing
1320,create,3110,mapped,False,False,False,False,missing
1320,create,3110,value,False,False,False,False,missing
1320,create,3110,object,False,False,False,False,missing
1320,create,3110,field,False,False,False,False,missing
1320,create,3110,undoscope,False,False,False,False,missing
1320,create,3110,deny,False,False,False,False,denied
1321,create,3111,snapshot,False,False,False,False,missing
1321,create,3111,mapped,False,False,False,False,missing
1321,create,3111,value,False,False,False,False,missing
1321,create,3111,object,False,False,False,False,missing
1321,create,3111,field,False,False,False,False,missing
1321,create,3111,undoscope,False,False,False,False,missing
1321,create,3111,deny,False,False,False,False,denied
1322,create,3112,snapshot,False,False,False,False,incarnation_conflict
1322,create,3112,mapped,False,False,False,False,incarnation_conflict
1322,create,3112,value,False,False,False,False,incarnation_conflict
1322,create,3112,object,False,False,False,False,incarnation_conflict
1322,create,3112,field,False,False,False,False,incarnation_conflict
1322,create,3112,undoscope,False,False,False,False,incarnation_conflict
1322,create,3112,deny,False,False,False,False,denied
1323,create,3113,snapshot,False,False,False,False,missing
1323,create,3113,mapped,False,False,False,False,missing
1323,create,3113,value,False,False,False,False,missing
1323,create,3113,object,False,False,False,False,missing
1323,create,3113,field,False,False,False,False,missing
1323,create,3113,undoscope,False,False,False,False,missing
1323,create,3113,deny,False,False,False,False,denied
1324,create,3120,snapshot,False,False,False,False,incarnation_conflict
1324,create,3120,mapped,False,False,False,False,incarnation_conflict
1324,create,3120,value,False,False,False,False,incarnation_conflict
1324,create,3120,object,False,False,False,False,incarnation_conflict
1324,create,3120,field,False,False,False,False,incarnation_conflict
1324,create,3120,undoscope,False,False,False,False,incarnation_conflict
1324,create,3120,deny,False,False,False,False,denied
1325,create,3121,snapshot,False,False,False,False,incarnation_conflict
1325,create,3121,mapped,False,False,False,False,incarnation_conflict
1325,create,3121,value,False,False,False,False,incarnation_conflict
1325,create,3121,object,False,False,False,False,incarnation_conflict
1325,create,3121,field,False,False,False,False,incarnation_conflict
1325,create,3121,undoscope,False,False,False,False,incarnation_conflict
1325,create,3121,deny,False,False,False,False,denied
1326,create,3122,snapshot,False,False,False,False,incarnation_conflict
1326,create,3122,mapped,False,False,False,False,incarnation_conflict
1326,create,3122,value,False,False,False,False,incarnation_conflict
1326,create,3122,object,False,False,False,False,incarnation_conflict
1326,create,3122,field,False,False,False,False,incarnation_conflict
1326,create,3122,undoscope,False,False,False,False,incarnation_conflict
1326,create,3122,deny,False,False,False,False,denied
1327,create,3123,snapshot,False,False,False,False,missing
1327,create,3123,mapped,False,False,False,False,missing
1327,create,3123,value,False,False,False,False,missing
1327,create,3123,object,False,False,False,False,missing
1327,create,3123,field,False,False,False,False,missing
1327,create,3123,undoscope,False,False,False,False,missing
1327,create,3123,deny,False,False,False,False,denied
1328,create,3130,snapshot,False,False,False,False,missing
1328,create,3130,mapped,False,False,False,False,missing
1328,create,3130,value,False,False,False,False,missing
1328,create,3130,object,False,False,False,False,missing
1328,create,3130,field,False,False,False,False,missing
1328,create,3130,undoscope,False,False,False,False,missing
1328,create,3130,deny,False,False,False,False,denied
1329,create,3131,snapshot,False,False,False,False,missing
1329,create,3131,mapped,False,False,False,False,missing
1329,create,3131,value,False,False,False,False,missing
1329,create,3131,object,False,False,False,False,missing
1329,create,3131,field,False,False,False,False,missing
1329,create,3131,undoscope,False,False,False,False,missing
1329,create,3131,deny,False,False,False,False,denied
1330,create,3132,snapshot,False,False,False,False,incarnation_conflict
1330,create,3132,mapped,False,False,False,False,incarnation_conflict
1330,create,3132,value,False,False,False,False,incarnation_conflict
1330,create,3132,object,False,False,False,False,incarnation_conflict
1330,create,3132,field,False,False,False,False,incarnation_conflict
1330,create,3132,undoscope,False,False,False,False,incarnation_conflict
1330,create,3132,deny,False,False,False,False,denied
1331,create,3133,snapshot,False,False,False,False,missing
1331,create,3133,mapped,False,False,False,False,missing
1331,create,3133,value,False,False,False,False,missing
1331,create,3133,object,False,False,False,False,missing
1331,create,3133,field,False,False,False,False,missing
1331,create,3133,undoscope,False,False,False,False,missing
1331,create,3133,deny,False,False,False,False,denied
1332,create,3200,snapshot,False,False,False,False,incarnation_conflict
1332,create,3200,mapped,False,False,False,False,incarnation_conflict
1332,create,3200,value,False,False,False,False,incarnation_conflict
1332,create,3200,object,False,False,False,False,incarnation_conflict
1332,create,3200,field,False,False,False,False,incarnation_conflict
1332,create,3200,undoscope,False,False,False,False,incarnation_conflict
1332,create,3200,deny,False,False,False,False,denied
1333,create,3201,snapshot,False,False,False,False,incarnation_conflict
1333,create,3201,mapped,False,False,False,False,incarnation_conflict
1333,create,3201,value,False,False,False,False,incarnation_conflict
1333,create,3201,object,False,False,False,False,incarnation_conflict
1333,create,3201,field,False,False,False,False,incarnation_conflict
1333,create,3201,undoscope,False,False,False,False,incarnation_conflict
1333,create,3201,deny,False,False,False,False,denied
1334,create,3202,snapshot,False,False,False,False,incarnation_conflict
1334,create,3202,mapped,False,False,False,False,incarnation_conflict
1334,create,3202,value,False,False,False,False,incarnation_conflict
1334,create,3202,object,False,False,False,False,incarnation_conflict
1334,create,3202,field,False,False,False,False,incarnation_conflict
1334,create,3202,undoscope,False,False,False,False,incarnation_conflict
1334,create,3202,deny,False,False,False,False,denied
1335,create,3203,snapshot,False,False,False,False,missing
1335,create,3203,mapped,False,False,False,False,missing
1335,create,3203,value,False,False,False,False,missing
1335,create,3203,object,False,False,False,False,missing
1335,create,3203,field,False,False,False,False,missing
1335,create,3203,undoscope,False,False,False,False,missing
1335,create,3203,deny,False,False,False,False,denied
1336,create,3210,snapshot,False,False,False,False,incarnation_conflict
1336,create,3210,mapped,False,False,False,False,incarnation_conflict
1336,create,3210,value,False,False,False,False,incarnation_conflict
1336,create,3210,object,False,False,False,False,incarnation_conflict
1336,create,3210,field,False,False,False,False,incarnation_conflict
1336,create,3210,undoscope,False,False,False,False,incarnation_conflict
1336,create,3210,deny,False,False,False,False,denied
1337,create,3211,snapshot,False,False,False,False,incarnation_conflict
1337,create,3211,mapped,False,False,False,False,incarnation_conflict
1337,create,3211,value,False,False,False,False,incarnation_conflict
1337,create,3211,object,False,False,False,False,incarnation_conflict
1337,create,3211,field,False,False,False,False,incarnation_conflict
1337,create,3211,undoscope,False,False,False,False,incarnation_conflict
1337,create,3211,deny,False,False,False,False,denied
1338,create,3212,snapshot,False,False,False,False,incarnation_conflict
1338,create,3212,mapped,False,False,False,False,incarnation_conflict
1338,create,3212,value,False,False,False,False,incarnation_conflict
1338,create,3212,object,False,False,False,False,incarnation_conflict
1338,create,3212,field,False,False,False,False,incarnation_conflict
1338,create,3212,undoscope,False,False,False,False,incarnation_conflict
1338,create,3212,deny,False,False,False,False,denied
1339,create,3213,snapshot,False,False,False,False,missing
1339,create,3213,mapped,False,False,False,False,missing
1339,create,3213,value,False,False,False,False,missing
1339,create,3213,object,False,False,False,False,missing
1339,create,3213,field,False,False,False,False,missing
1339,create,3213,undoscope,False,False,False,False,missing
1339,create,3213,deny,False,False,False,False,denied
1340,create,3220,snapshot,False,False,False,False,incarnation_conflict
1340,create,3220,mapped,False,False,False,False,incarnation_conflict
1340,create,3220,value,False,False,False,False,incarnation_conflict
1340,create,3220,object,False,False,False,False,incarnation_conflict
1340,create,3220,field,False,False,False,False,incarnation_conflict
1340,create,3220,undoscope,False,False,False,False,incarnation_conflict
1340,create,3220,deny,False,False,False,False,denied
1341,create,3221,snapshot,False,False,False,False,incarnation_conflict
1341,create,3221,mapped,False,False,False,False,incarnation_conflict
1341,create,3221,value,False,False,False,False,incarnation_conflict
1341,create,3221,object,False,False,False,False,incarnation_conflict
1341,create,3221,field,False,False,False,False,incarnation_conflict
1341,create,3221,undoscope,False,False,False,False,incarnation_conflict
1341,create,3221,deny,False,False,False,False,denied
1342,create,3222,snapshot,False,False,False,False,incarnation_conflict
1342,create,3222,mapped,False,False,False,False,incarnation_conflict
1342,create,3222,value,False,False,False,False,incarnation_conflict
1342,create,3222,object,False,False,False,False,incarnation_conflict
1342,create,3222,field,False,False,False,False,incarnation_conflict
1342,create,3222,undoscope,False,False,False,False,incarnation_conflict
1342,create,3222,deny,False,False,False,False,denied
1343,create,3223,snapshot,False,False,False,False,missing
1343,create,3223,mapped,False,False,False,False,missing
1343,create,3223,value,False,False,False,False,missing
1343,create,3223,object,False,False,False,False,missing
1343,create,3223,field,False,False,False,False,missing
1343,create,3223,undoscope,False,False,False,False,missing
1343,create,3223,deny,False,False,False,False,denied
1344,create,3230,snapshot,False,False,False,False,missing
1344,create,3230,mapped,False,False,False,False,missing
1344,create,3230,value,False,False,False,False,missing
1344,create,3230,object,False,False,False,False,missing
1344,create,3230,field,False,False,False,False,missing
1344,create,3230,undoscope,False,False,False,False,missing
1344,create,3230,deny,False,False,False,False,denied
1345,create,3231,snapshot,False,False,False,False,missing
1345,create,3231,mapped,False,False,False,False,missing
1345,create,3231,value,False,False,False,False,missing
1345,create,3231,object,False,False,False,False,missing
1345,create,3231,field,False,False,False,False,missing
1345,create,3231,undoscope,False,False,False,False,missing
1345,create,3231,deny,False,False,False,False,denied
1346,create,3232,snapshot,False,False,False,False,incarnation_conflict
1346,create,3232,mapped,False,False,False,False,incarnation_conflict
1346,create,3232,value,False,False,False,False,incarnation_conflict
1346,create,3232,object,False,False,False,False,incarnation_conflict
1346,create,3232,field,False,False,False,False,incarnation_conflict
1346,create,3232,undoscope,False,False,False,False,incarnation_conflict
1346,create,3232,deny,False,False,False,False,denied
1347,create,3233,snapshot,False,False,False,False,missing
1347,create,3233,mapped,False,False,False,False,missing
1347,create,3233,value,False,False,False,False,missing
1347,create,3233,object,False,False,False,False,missing
1347,create,3233,field,False,False,False,False,missing
1347,create,3233,undoscope,False,False,False,False,missing
1347,create,3233,deny,False,False,False,False,denied
1348,create,3300,snapshot,False,False,False,False,missing
1348,create,3300,mapped,False,False,False,False,missing
1348,create,3300,value,False,False,False,False,missing
1348,create,3300,object,False,False,False,False,missing
1348,create,3300,field,False,False,False,False,missing
1348,create,3300,undoscope,False,False,False,False,missing
1348,create,3300,deny,False,False,False,False,denied
1349,create,3301,snapshot,False,False,False,False,missing
1349,create,3301,mapped,False,False,False,False,missing
1349,create,3301,value,False,False,False,False,missing
1349,create,3301,object,False,False,False,False,missing
1349,create,3301,field,False,False,False,False,missing
1349,create,3301,undoscope,False,False,False,False,missing
1349,create,3301,deny,False,False,False,False,denied
1350,create,3302,snapshot,False,False,False,False,incarnation_conflict
1350,create,3302,mapped,False,False,False,False,incarnation_conflict
1350,create,3302,value,False,False,False,False,incarnation_conflict
1350,create,3302,object,False,False,False,False,incarnation_conflict
1350,create,3302,field,False,False,False,False,incarnation_conflict
1350,create,3302,undoscope,False,False,False,False,incarnation_conflict
1350,create,3302,deny,False,False,False,False,denied
1351,create,3303,snapshot,False,False,False,False,missing
1351,create,3303,mapped,False,False,False,False,missing
1351,create,3303,value,False,False,False,False,missing
1351,create,3303,object,False,False,False,False,missing
1351,create,3303,field,False,False,False,False,missing
1351,create,3303,undoscope,False,False,False,False,missing
1351,create,3303,deny,False,False,False,False,denied
1352,create,3310,snapshot,False,False,False,False,missing
1352,create,3310,mapped,False,False,False,False,missing
1352,create,3310,value,False,False,False,False,missing
1352,create,3310,object,False,False,False,False,missing
1352,create,3310,field,False,False,False,False,missing
1352,create,3310,undoscope,False,False,False,False,missing
1352,create,3310,deny,False,False,False,False,denied
1353,create,3311,snapshot,False,False,False,False,missing
1353,create,3311,mapped,False,False,False,False,missing
1353,create,3311,value,False,False,False,False,missing
1353,create,3311,object,False,False,False,False,missing
1353,create,3311,field,False,False,False,False,missing
1353,create,3311,undoscope,False,False,False,False,missing
1353,create,3311,deny,False,False,False,False,denied
1354,create,3312,snapshot,False,False,False,False,incarnation_conflict
1354,create,3312,mapped,False,False,False,False,incarnation_conflict
1354,create,3312,value,False,False,False,False,incarnation_conflict
1354,create,3312,object,False,False,False,False,incarnation_conflict
1354,create,3312,field,False,False,False,False,incarnation_conflict
1354,create,3312,undoscope,False,False,False,False,incarnation_conflict
1354,create,3312,deny,False,False,False,False,denied
1355,create,3313,snapshot,False,False,False,False,missing
1355,create,3313,mapped,False,False,False,False,missing
1355,create,3313,value,False,False,False,False,missing
1355,create,3313,object,False,False,False,False,missing
1355,create,3313,field,False,False,False,False,missing
1355,create,3313,undoscope,False,False,False,False,missing
1355,create,3313,deny,False,False,False,False,denied
1356,create,3320,snapshot,False,False,False,False,incarnation_conflict
1356,create,3320,mapped,False,False,False,False,incarnation_conflict
1356,create,3320,value,False,False,False,False,incarnation_conflict
1356,create,3320,object,False,False,False,False,incarnation_conflict
1356,create,3320,field,False,False,False,False,incarnation_conflict
1356,create,3320,undoscope,False,False,False,False,incarnation_conflict
1356,create,3320,deny,False,False,False,False,denied
1357,create,3321,snapshot,False,False,False,False,incarnation_conflict
1357,create,3321,mapped,False,False,False,False,incarnation_conflict
1357,create,3321,value,False,False,False,False,incarnation_conflict
1357,create,3321,object,False,False,False,False,incarnation_conflict
1357,create,3321,field,False,False,False,False,incarnation_conflict
1357,create,3321,undoscope,False,False,False,False,incarnation_conflict
1357,create,3321,deny,False,False,False,False,denied
1358,create,3322,snapshot,False,False,False,False,incarnation_conflict
1358,create,3322,mapped,False,False,False,False,incarnation_conflict
1358,create,3322,value,False,False,False,False,incarnation_conflict
1358,create,3322,object,False,False,False,False,incarnation_conflict
1358,create,3322,field,False,False,False,False,incarnation_conflict
1358,create,3322,undoscope,False,False,False,False,incarnation_conflict
1358,create,3322,deny,False,False,False,False,denied
1359,create,3323,snapshot,False,False,False,False,missing
1359,create,3323,mapped,False,False,False,False,missing
1359,create,3323,value,False,False,False,False,missing
1359,create,3323,object,False,False,False,False,missing
1359,create,3323,field,False,False,False,False,missing
1359,create,3323,undoscope,False,False,False,False,missing
1359,create,3323,deny,False,False,False,False,denied
1360,create,3330,snapshot,False,False,False,False,missing
1360,create,3330,mapped,False,False,False,False,missing
1360,create,3330,value,False,False,False,False,missing
1360,create,3330,object,False,False,False,False,missing
1360,create,3330,field,False,False,False,False,missing
1360,create,3330,undoscope,False,False,False,False,missing
1360,create,3330,deny,False,False,False,False,denied
1361,create,3331,snapshot,False,False,False,False,missing
1361,create,3331,mapped,False,False,False,False,missing
1361,create,3331,value,False,False,False,False,missing
1361,create,3331,object,False,False,False,False,missing
1361,create,3331,field,False,False,False,False,missing
1361,create,3331,undoscope,False,False,False,False,missing
1361,create,3331,deny,False,False,False,False,denied
1362,create,3332,snapshot,False,False,False,False,incarnation_conflict
1362,create,3332,mapped,False,False,False,False,incarnation_conflict
1362,create,3332,value,False,False,False,False,incarnation_conflict
1362,create,3332,object,False,False,False,False,incarnation_conflict
1362,create,3332,field,False,False,False,False,incarnation_conflict
1362,create,3332,undoscope,False,False,False,False,incarnation_conflict
1362,create,3332,deny,False,False,False,False,denied
1363,create,3333,snapshot,False,False,False,False,missing
1363,create,3333,mapped,False,False,False,False,missing
1363,create,3333,value,False,False,False,False,missing
1363,create,3333,object,False,False,False,False,missing
1363,create,3333,field,False,False,False,False,missing
1363,create,3333,undoscope,False,False,False,False,missing
1363,create,3333,deny,False,False,False,False,denied
